protocol,task,split_id,arm,treatment,seed,row_index,subject,session_idx,y_true,y_pred
subject_overlap_session_cv,regression,fold_0,regression,baseline,1,0,1,1,-0.5793742757821553,-0.6531387968918847
subject_overlap_session_cv,regression,fold_0,regression,baseline,1,4,2,1,-0.10172939979653543,-0.6037196090330122
subject_overlap_session_cv,regression,fold_0,regression,baseline,1,8,3,0,0.0,-0.5543752551099158
subject_overlap_session_cv,regression,fold_0,regression,baseline,1,22,6,3,-0.7984031936127716,-0.42139093276362033
subject_overlap_session_cv,regression,fold_0,regression,baseline,1,26,7,2,-0.42643923240937254,-0.7774536362133234
subject_overlap_session_cv,regression,fold_0,regression,baseline,1,28,7,4,-0.8528784648187604,-0.7213722160481991
subject_overlap_session_cv,regression,fold_0,regression,baseline,1,31,8,2,-0.12406947890818154,-0.6719374886100844
subject_overlap_session_cv,regression,fold_0,regression,baseline,1,32,8,3,-0.3722084367245622,-0.6109992105082196
subject_overlap_session_cv,regression,fold_0,regression,baseline,1,34,9,0,0.0,-0.6582225907837423
subject_overlap_session_cv,regression,fold_0,regression,baseline,1,44,11,0,0.0,-0.7066965759270788
subject_overlap_session_cv,regression,fold_0,regression,baseline,1,47,11,3,-1.5717092337917429,-0.9357490205177258
subject_overlap_session_cv,regression,fold_0,regression,baseline,1,48,11,4,-1.5717092337917429,-0.6051282197043306
subject_overlap_session_cv,regression,fold_0,regression,baseline,1,56,13,2,-0.29985007496252297,-0.6814538537336031
subject_overlap_session_cv,regression,fold_0,regression,baseline,1,58,13,4,-0.5997001499250459,-0.895017092695145
subject_overlap_session_cv,regression,fold_0,regression,baseline,1,65,15,1,-0.3620564808110065,-0.777999843214121
subject_overlap_session_cv,regression,fold_0,regression,baseline,2,0,1,1,-0.5793742757821553,-0.7892105446506438
subject_overlap_session_cv,regression,fold_0,regression,baseline,2,4,2,1,-0.10172939979653543,-0.5798834109047013
subject_overlap_session_cv,regression,fold_0,regression,baseline,2,8,3,0,0.0,-0.46535234628787364
subject_overlap_session_cv,regression,fold_0,regression,baseline,2,22,6,3,-0.7984031936127716,-0.4376297321148284
subject_overlap_session_cv,regression,fold_0,regression,baseline,2,26,7,2,-0.42643923240937254,-0.6623006145974927
subject_overlap_session_cv,regression,fold_0,regression,baseline,2,28,7,4,-0.8528784648187604,-0.5902635891866642
subject_overlap_session_cv,regression,fold_0,regression,baseline,2,31,8,2,-0.12406947890818154,-0.6271952309509549
subject_overlap_session_cv,regression,fold_0,regression,baseline,2,32,8,3,-0.3722084367245622,-0.6104221432714566
subject_overlap_session_cv,regression,fold_0,regression,baseline,2,34,9,0,0.0,-0.7096524740512554
subject_overlap_session_cv,regression,fold_0,regression,baseline,2,44,11,0,0.0,-0.8176329707157324
subject_overlap_session_cv,regression,fold_0,regression,baseline,2,47,11,3,-1.5717092337917429,-0.9287617942386229
subject_overlap_session_cv,regression,fold_0,regression,baseline,2,48,11,4,-1.5717092337917429,-0.6556694045758927
subject_overlap_session_cv,regression,fold_0,regression,baseline,2,56,13,2,-0.29985007496252297,-0.6154867680036431
subject_overlap_session_cv,regression,fold_0,regression,baseline,2,58,13,4,-0.5997001499250459,-0.9769438828431558
subject_overlap_session_cv,regression,fold_0,regression,baseline,2,65,15,1,-0.3620564808110065,-0.8224847808509002
subject_overlap_session_cv,regression,fold_0,regression,baseline,3,0,1,1,-0.5793742757821553,-0.6745575050724589
subject_overlap_session_cv,regression,fold_0,regression,baseline,3,4,2,1,-0.10172939979653543,-0.5475243331442239
subject_overlap_session_cv,regression,fold_0,regression,baseline,3,8,3,0,0.0,-0.596978884048022
subject_overlap_session_cv,regression,fold_0,regression,baseline,3,22,6,3,-0.7984031936127716,-0.40728845548231773
subject_overlap_session_cv,regression,fold_0,regression,baseline,3,26,7,2,-0.42643923240937254,-0.754454819132079
subject_overlap_session_cv,regression,fold_0,regression,baseline,3,28,7,4,-0.8528784648187604,-0.6813777494743494
subject_overlap_session_cv,regression,fold_0,regression,baseline,3,31,8,2,-0.12406947890818154,-0.7200839640223137
subject_overlap_session_cv,regression,fold_0,regression,baseline,3,32,8,3,-0.3722084367245622,-0.5624485349406756
subject_overlap_session_cv,regression,fold_0,regression,baseline,3,34,9,0,0.0,-0.6750199994282446
subject_overlap_session_cv,regression,fold_0,regression,baseline,3,44,11,0,0.0,-0.6972629677028283
subject_overlap_session_cv,regression,fold_0,regression,baseline,3,47,11,3,-1.5717092337917429,-0.8962513166886713
subject_overlap_session_cv,regression,fold_0,regression,baseline,3,48,11,4,-1.5717092337917429,-0.6171504944866506
subject_overlap_session_cv,regression,fold_0,regression,baseline,3,56,13,2,-0.29985007496252297,-0.6555576152202184
subject_overlap_session_cv,regression,fold_0,regression,baseline,3,58,13,4,-0.5997001499250459,-1.0081097823685083
subject_overlap_session_cv,regression,fold_0,regression,baseline,3,65,15,1,-0.3620564808110065,-0.7995249888769694
subject_overlap_session_cv,regression,fold_0,regression,baseline,4,0,1,1,-0.5793742757821553,-0.6433804043758993
subject_overlap_session_cv,regression,fold_0,regression,baseline,4,4,2,1,-0.10172939979653543,-0.5705340492356951
subject_overlap_session_cv,regression,fold_0,regression,baseline,4,8,3,0,0.0,-0.5709113000812907
subject_overlap_session_cv,regression,fold_0,regression,baseline,4,22,6,3,-0.7984031936127716,-0.41580763462939907
subject_overlap_session_cv,regression,fold_0,regression,baseline,4,26,7,2,-0.42643923240937254,-0.6916822810542462
subject_overlap_session_cv,regression,fold_0,regression,baseline,4,28,7,4,-0.8528784648187604,-0.6541671452879921
subject_overlap_session_cv,regression,fold_0,regression,baseline,4,31,8,2,-0.12406947890818154,-0.7395112061065607
subject_overlap_session_cv,regression,fold_0,regression,baseline,4,32,8,3,-0.3722084367245622,-0.6317373961462015
subject_overlap_session_cv,regression,fold_0,regression,baseline,4,34,9,0,0.0,-0.7425352698198341
subject_overlap_session_cv,regression,fold_0,regression,baseline,4,44,11,0,0.0,-0.8265869447541637
subject_overlap_session_cv,regression,fold_0,regression,baseline,4,47,11,3,-1.5717092337917429,-1.0376935139986845
subject_overlap_session_cv,regression,fold_0,regression,baseline,4,48,11,4,-1.5717092337917429,-0.7084830148335018
subject_overlap_session_cv,regression,fold_0,regression,baseline,4,56,13,2,-0.29985007496252297,-0.6831487116356714
subject_overlap_session_cv,regression,fold_0,regression,baseline,4,58,13,4,-0.5997001499250459,-0.880376991710999
subject_overlap_session_cv,regression,fold_0,regression,baseline,4,65,15,1,-0.3620564808110065,-0.749132137120793
subject_overlap_session_cv,regression,fold_0,regression,baseline,5,0,1,1,-0.5793742757821553,-0.6862531677671706
subject_overlap_session_cv,regression,fold_0,regression,baseline,5,4,2,1,-0.10172939979653543,-0.6576607142141139
subject_overlap_session_cv,regression,fold_0,regression,baseline,5,8,3,0,0.0,-0.6636493081674015
subject_overlap_session_cv,regression,fold_0,regression,baseline,5,22,6,3,-0.7984031936127716,-0.4763364915462313
subject_overlap_session_cv,regression,fold_0,regression,baseline,5,26,7,2,-0.42643923240937254,-0.8143545116673492
subject_overlap_session_cv,regression,fold_0,regression,baseline,5,28,7,4,-0.8528784648187604,-0.7052187782522465
subject_overlap_session_cv,regression,fold_0,regression,baseline,5,31,8,2,-0.12406947890818154,-0.5774494674300686
subject_overlap_session_cv,regression,fold_0,regression,baseline,5,32,8,3,-0.3722084367245622,-0.6029190500667936
subject_overlap_session_cv,regression,fold_0,regression,baseline,5,34,9,0,0.0,-0.5337894122057595
subject_overlap_session_cv,regression,fold_0,regression,baseline,5,44,11,0,0.0,-0.7247853279505273
subject_overlap_session_cv,regression,fold_0,regression,baseline,5,47,11,3,-1.5717092337917429,-0.8200869643192776
subject_overlap_session_cv,regression,fold_0,regression,baseline,5,48,11,4,-1.5717092337917429,-0.6274598553123802
subject_overlap_session_cv,regression,fold_0,regression,baseline,5,56,13,2,-0.29985007496252297,-0.608529647642134
subject_overlap_session_cv,regression,fold_0,regression,baseline,5,58,13,4,-0.5997001499250459,-0.7830481152035372
subject_overlap_session_cv,regression,fold_0,regression,baseline,5,65,15,1,-0.3620564808110065,-0.7745243363110431
subject_overlap_session_cv,regression,fold_0,regression,filter_negative_margin,1,0,1,1,-0.5793742757821553,-0.7341923631478194
subject_overlap_session_cv,regression,fold_0,regression,filter_negative_margin,1,4,2,1,-0.10172939979653543,-0.4784638442762937
subject_overlap_session_cv,regression,fold_0,regression,filter_negative_margin,1,8,3,0,0.0,-0.5004467762680909
subject_overlap_session_cv,regression,fold_0,regression,filter_negative_margin,1,22,6,3,-0.7984031936127716,-0.4160016940129128
subject_overlap_session_cv,regression,fold_0,regression,filter_negative_margin,1,26,7,2,-0.42643923240937254,-0.8000467000438748
subject_overlap_session_cv,regression,fold_0,regression,filter_negative_margin,1,28,7,4,-0.8528784648187604,-0.5752606860323735
subject_overlap_session_cv,regression,fold_0,regression,filter_negative_margin,1,31,8,2,-0.12406947890818154,-0.8205229851181381
subject_overlap_session_cv,regression,fold_0,regression,filter_negative_margin,1,32,8,3,-0.3722084367245622,-0.4682044776913539
subject_overlap_session_cv,regression,fold_0,regression,filter_negative_margin,1,34,9,0,0.0,-0.6929619637120791
subject_overlap_session_cv,regression,fold_0,regression,filter_negative_margin,1,44,11,0,0.0,-0.7871176648462036
subject_overlap_session_cv,regression,fold_0,regression,filter_negative_margin,1,47,11,3,-1.5717092337917429,-1.0429551028339428
subject_overlap_session_cv,regression,fold_0,regression,filter_negative_margin,1,48,11,4,-1.5717092337917429,-0.5448918929396624
subject_overlap_session_cv,regression,fold_0,regression,filter_negative_margin,1,56,13,2,-0.29985007496252297,-0.7037331016721783
subject_overlap_session_cv,regression,fold_0,regression,filter_negative_margin,1,58,13,4,-0.5997001499250459,-1.1078633376573412
subject_overlap_session_cv,regression,fold_0,regression,filter_negative_margin,1,65,15,1,-0.3620564808110065,-0.8273978128562383
subject_overlap_session_cv,regression,fold_0,regression,filter_negative_margin,2,0,1,1,-0.5793742757821553,-0.8486442100088112
subject_overlap_session_cv,regression,fold_0,regression,filter_negative_margin,2,4,2,1,-0.10172939979653543,-0.5137869791353067
subject_overlap_session_cv,regression,fold_0,regression,filter_negative_margin,2,8,3,0,0.0,-0.4937264506303572
subject_overlap_session_cv,regression,fold_0,regression,filter_negative_margin,2,22,6,3,-0.7984031936127716,-0.4969257694948628
subject_overlap_session_cv,regression,fold_0,regression,filter_negative_margin,2,26,7,2,-0.42643923240937254,-0.7962646550963193
subject_overlap_session_cv,regression,fold_0,regression,filter_negative_margin,2,28,7,4,-0.8528784648187604,-0.6936851597276521
subject_overlap_session_cv,regression,fold_0,regression,filter_negative_margin,2,31,8,2,-0.12406947890818154,-0.947850147882437
subject_overlap_session_cv,regression,fold_0,regression,filter_negative_margin,2,32,8,3,-0.3722084367245622,-0.6413640866809506
subject_overlap_session_cv,regression,fold_0,regression,filter_negative_margin,2,34,9,0,0.0,-0.6764296590927704
subject_overlap_session_cv,regression,fold_0,regression,filter_negative_margin,2,44,11,0,0.0,-0.7916575105914202
subject_overlap_session_cv,regression,fold_0,regression,filter_negative_margin,2,47,11,3,-1.5717092337917429,-1.1599291341847289
subject_overlap_session_cv,regression,fold_0,regression,filter_negative_margin,2,48,11,4,-1.5717092337917429,-0.5997947900979409
subject_overlap_session_cv,regression,fold_0,regression,filter_negative_margin,2,56,13,2,-0.29985007496252297,-0.6069647138242229
subject_overlap_session_cv,regression,fold_0,regression,filter_negative_margin,2,58,13,4,-0.5997001499250459,-1.1245075575340846
subject_overlap_session_cv,regression,fold_0,regression,filter_negative_margin,2,65,15,1,-0.3620564808110065,-0.8563722671968889
subject_overlap_session_cv,regression,fold_0,regression,filter_negative_margin,3,0,1,1,-0.5793742757821553,-0.6745666927859603
subject_overlap_session_cv,regression,fold_0,regression,filter_negative_margin,3,4,2,1,-0.10172939979653543,-0.5439235332148954
subject_overlap_session_cv,regression,fold_0,regression,filter_negative_margin,3,8,3,0,0.0,-0.5400577948300149
subject_overlap_session_cv,regression,fold_0,regression,filter_negative_margin,3,22,6,3,-0.7984031936127716,-0.4660138317594968
subject_overlap_session_cv,regression,fold_0,regression,filter_negative_margin,3,26,7,2,-0.42643923240937254,-0.8831092712619157
subject_overlap_session_cv,regression,fold_0,regression,filter_negative_margin,3,28,7,4,-0.8528784648187604,-0.6377018791851787
subject_overlap_session_cv,regression,fold_0,regression,filter_negative_margin,3,31,8,2,-0.12406947890818154,-0.7692098453025615
subject_overlap_session_cv,regression,fold_0,regression,filter_negative_margin,3,32,8,3,-0.3722084367245622,-0.5376943442319522
subject_overlap_session_cv,regression,fold_0,regression,filter_negative_margin,3,34,9,0,0.0,-0.734176589033057
subject_overlap_session_cv,regression,fold_0,regression,filter_negative_margin,3,44,11,0,0.0,-0.7390025275207175
subject_overlap_session_cv,regression,fold_0,regression,filter_negative_margin,3,47,11,3,-1.5717092337917429,-0.986868966196702
subject_overlap_session_cv,regression,fold_0,regression,filter_negative_margin,3,48,11,4,-1.5717092337917429,-0.5765618822028417
subject_overlap_session_cv,regression,fold_0,regression,filter_negative_margin,3,56,13,2,-0.29985007496252297,-0.6190993831784687
subject_overlap_session_cv,regression,fold_0,regression,filter_negative_margin,3,58,13,4,-0.5997001499250459,-1.1223104649098605
subject_overlap_session_cv,regression,fold_0,regression,filter_negative_margin,3,65,15,1,-0.3620564808110065,-0.8352243874586321
subject_overlap_session_cv,regression,fold_0,regression,filter_negative_margin,4,0,1,1,-0.5793742757821553,-0.7689275847821597
subject_overlap_session_cv,regression,fold_0,regression,filter_negative_margin,4,4,2,1,-0.10172939979653543,-0.5198915140803302
subject_overlap_session_cv,regression,fold_0,regression,filter_negative_margin,4,8,3,0,0.0,-0.514377037033698
subject_overlap_session_cv,regression,fold_0,regression,filter_negative_margin,4,22,6,3,-0.7984031936127716,-0.4661303124148888
subject_overlap_session_cv,regression,fold_0,regression,filter_negative_margin,4,26,7,2,-0.42643923240937254,-0.739514863398445
subject_overlap_session_cv,regression,fold_0,regression,filter_negative_margin,4,28,7,4,-0.8528784648187604,-0.683700820854081
subject_overlap_session_cv,regression,fold_0,regression,filter_negative_margin,4,31,8,2,-0.12406947890818154,-0.7196047002320642
subject_overlap_session_cv,regression,fold_0,regression,filter_negative_margin,4,32,8,3,-0.3722084367245622,-0.5964999231523407
subject_overlap_session_cv,regression,fold_0,regression,filter_negative_margin,4,34,9,0,0.0,-0.6487932622468322
subject_overlap_session_cv,regression,fold_0,regression,filter_negative_margin,4,44,11,0,0.0,-0.7426409214368787
subject_overlap_session_cv,regression,fold_0,regression,filter_negative_margin,4,47,11,3,-1.5717092337917429,-0.8671655589237481
subject_overlap_session_cv,regression,fold_0,regression,filter_negative_margin,4,48,11,4,-1.5717092337917429,-0.6455297936932043
subject_overlap_session_cv,regression,fold_0,regression,filter_negative_margin,4,56,13,2,-0.29985007496252297,-0.5890960103534888
subject_overlap_session_cv,regression,fold_0,regression,filter_negative_margin,4,58,13,4,-0.5997001499250459,-1.0437873952270655
subject_overlap_session_cv,regression,fold_0,regression,filter_negative_margin,4,65,15,1,-0.3620564808110065,-0.7938863480000138
subject_overlap_session_cv,regression,fold_0,regression,filter_negative_margin,5,0,1,1,-0.5793742757821553,-0.757446440708576
subject_overlap_session_cv,regression,fold_0,regression,filter_negative_margin,5,4,2,1,-0.10172939979653543,-0.5357168014083864
subject_overlap_session_cv,regression,fold_0,regression,filter_negative_margin,5,8,3,0,0.0,-0.538977324242679
subject_overlap_session_cv,regression,fold_0,regression,filter_negative_margin,5,22,6,3,-0.7984031936127716,-0.5154696389576052
subject_overlap_session_cv,regression,fold_0,regression,filter_negative_margin,5,26,7,2,-0.42643923240937254,-0.9442910077270434
subject_overlap_session_cv,regression,fold_0,regression,filter_negative_margin,5,28,7,4,-0.8528784648187604,-0.6861208194969584
subject_overlap_session_cv,regression,fold_0,regression,filter_negative_margin,5,31,8,2,-0.12406947890818154,-0.943413544355803
subject_overlap_session_cv,regression,fold_0,regression,filter_negative_margin,5,32,8,3,-0.3722084367245622,-0.5526857721582642
subject_overlap_session_cv,regression,fold_0,regression,filter_negative_margin,5,34,9,0,0.0,-0.7076859388840953
subject_overlap_session_cv,regression,fold_0,regression,filter_negative_margin,5,44,11,0,0.0,-0.7842818466025246
subject_overlap_session_cv,regression,fold_0,regression,filter_negative_margin,5,47,11,3,-1.5717092337917429,-1.067822684673685
subject_overlap_session_cv,regression,fold_0,regression,filter_negative_margin,5,48,11,4,-1.5717092337917429,-0.6163601178550715
subject_overlap_session_cv,regression,fold_0,regression,filter_negative_margin,5,56,13,2,-0.29985007496252297,-0.5708747552631753
subject_overlap_session_cv,regression,fold_0,regression,filter_negative_margin,5,58,13,4,-0.5997001499250459,-1.0837854065320993
subject_overlap_session_cv,regression,fold_0,regression,filter_negative_margin,5,65,15,1,-0.3620564808110065,-0.854020107766035
subject_overlap_session_cv,regression,fold_0,regression,append_margin_feature,1,0,1,1,-0.5793742757821553,-0.6351756249626876
subject_overlap_session_cv,regression,fold_0,regression,append_margin_feature,1,4,2,1,-0.10172939979653543,-0.597116766668869
subject_overlap_session_cv,regression,fold_0,regression,append_margin_feature,1,8,3,0,0.0,-0.580813100617375
subject_overlap_session_cv,regression,fold_0,regression,append_margin_feature,1,22,6,3,-0.7984031936127716,-0.4234232402986992
subject_overlap_session_cv,regression,fold_0,regression,append_margin_feature,1,26,7,2,-0.42643923240937254,-0.7866580633405679
subject_overlap_session_cv,regression,fold_0,regression,append_margin_feature,1,28,7,4,-0.8528784648187604,-0.6671177085282
subject_overlap_session_cv,regression,fold_0,regression,append_margin_feature,1,31,8,2,-0.12406947890818154,-0.6747583257971803
subject_overlap_session_cv,regression,fold_0,regression,append_margin_feature,1,32,8,3,-0.3722084367245622,-0.5992753595977244
subject_overlap_session_cv,regression,fold_0,regression,append_margin_feature,1,34,9,0,0.0,-0.66183069886609
subject_overlap_session_cv,regression,fold_0,regression,append_margin_feature,1,44,11,0,0.0,-0.7007315125654644
subject_overlap_session_cv,regression,fold_0,regression,append_margin_feature,1,47,11,3,-1.5717092337917429,-0.9680819792886206
subject_overlap_session_cv,regression,fold_0,regression,append_margin_feature,1,48,11,4,-1.5717092337917429,-0.6238998776131
subject_overlap_session_cv,regression,fold_0,regression,append_margin_feature,1,56,13,2,-0.29985007496252297,-0.7077338539935006
subject_overlap_session_cv,regression,fold_0,regression,append_margin_feature,1,58,13,4,-0.5997001499250459,-0.898398091948905
subject_overlap_session_cv,regression,fold_0,regression,append_margin_feature,1,65,15,1,-0.3620564808110065,-0.8256284705033271
subject_overlap_session_cv,regression,fold_0,regression,append_margin_feature,2,0,1,1,-0.5793742757821553,-0.7212127292472112
subject_overlap_session_cv,regression,fold_0,regression,append_margin_feature,2,4,2,1,-0.10172939979653543,-0.5799923836024212
subject_overlap_session_cv,regression,fold_0,regression,append_margin_feature,2,8,3,0,0.0,-0.4505633969712728
subject_overlap_session_cv,regression,fold_0,regression,append_margin_feature,2,22,6,3,-0.7984031936127716,-0.4388479109919565
subject_overlap_session_cv,regression,fold_0,regression,append_margin_feature,2,26,7,2,-0.42643923240937254,-0.658080186401515
subject_overlap_session_cv,regression,fold_0,regression,append_margin_feature,2,28,7,4,-0.8528784648187604,-0.5919195808113891
subject_overlap_session_cv,regression,fold_0,regression,append_margin_feature,2,31,8,2,-0.12406947890818154,-0.6177618534758177
subject_overlap_session_cv,regression,fold_0,regression,append_margin_feature,2,32,8,3,-0.3722084367245622,-0.6079279714527108
subject_overlap_session_cv,regression,fold_0,regression,append_margin_feature,2,34,9,0,0.0,-0.6860875728596529
subject_overlap_session_cv,regression,fold_0,regression,append_margin_feature,2,44,11,0,0.0,-0.7598568665342245
subject_overlap_session_cv,regression,fold_0,regression,append_margin_feature,2,47,11,3,-1.5717092337917429,-0.9166122115762267
subject_overlap_session_cv,regression,fold_0,regression,append_margin_feature,2,48,11,4,-1.5717092337917429,-0.6247762199742295
subject_overlap_session_cv,regression,fold_0,regression,append_margin_feature,2,56,13,2,-0.29985007496252297,-0.6186197205576106
subject_overlap_session_cv,regression,fold_0,regression,append_margin_feature,2,58,13,4,-0.5997001499250459,-0.9628099437364175
subject_overlap_session_cv,regression,fold_0,regression,append_margin_feature,2,65,15,1,-0.3620564808110065,-0.7974770131184422
subject_overlap_session_cv,regression,fold_0,regression,append_margin_feature,3,0,1,1,-0.5793742757821553,-0.6618906759340041
subject_overlap_session_cv,regression,fold_0,regression,append_margin_feature,3,4,2,1,-0.10172939979653543,-0.5963690013859384
subject_overlap_session_cv,regression,fold_0,regression,append_margin_feature,3,8,3,0,0.0,-0.6044494394362087
subject_overlap_session_cv,regression,fold_0,regression,append_margin_feature,3,22,6,3,-0.7984031936127716,-0.39272351491121
subject_overlap_session_cv,regression,fold_0,regression,append_margin_feature,3,26,7,2,-0.42643923240937254,-0.7569130132793643
subject_overlap_session_cv,regression,fold_0,regression,append_margin_feature,3,28,7,4,-0.8528784648187604,-0.6978579897078387
subject_overlap_session_cv,regression,fold_0,regression,append_margin_feature,3,31,8,2,-0.12406947890818154,-0.658229524514278
subject_overlap_session_cv,regression,fold_0,regression,append_margin_feature,3,32,8,3,-0.3722084367245622,-0.5742042215758117
subject_overlap_session_cv,regression,fold_0,regression,append_margin_feature,3,34,9,0,0.0,-0.6780563018875899
subject_overlap_session_cv,regression,fold_0,regression,append_margin_feature,3,44,11,0,0.0,-0.7286455840483103
subject_overlap_session_cv,regression,fold_0,regression,append_margin_feature,3,47,11,3,-1.5717092337917429,-0.9239924190924941
subject_overlap_session_cv,regression,fold_0,regression,append_margin_feature,3,48,11,4,-1.5717092337917429,-0.6609024134356519
subject_overlap_session_cv,regression,fold_0,regression,append_margin_feature,3,56,13,2,-0.29985007496252297,-0.6549993681866344
subject_overlap_session_cv,regression,fold_0,regression,append_margin_feature,3,58,13,4,-0.5997001499250459,-0.9711830338615318
subject_overlap_session_cv,regression,fold_0,regression,append_margin_feature,3,65,15,1,-0.3620564808110065,-0.8003382428249293
subject_overlap_session_cv,regression,fold_0,regression,append_margin_feature,4,0,1,1,-0.5793742757821553,-0.6715359230280733
subject_overlap_session_cv,regression,fold_0,regression,append_margin_feature,4,4,2,1,-0.10172939979653543,-0.5598820024497614
subject_overlap_session_cv,regression,fold_0,regression,append_margin_feature,4,8,3,0,0.0,-0.556409442567985
subject_overlap_session_cv,regression,fold_0,regression,append_margin_feature,4,22,6,3,-0.7984031936127716,-0.4090301940339402
subject_overlap_session_cv,regression,fold_0,regression,append_margin_feature,4,26,7,2,-0.42643923240937254,-0.6570209350046846
subject_overlap_session_cv,regression,fold_0,regression,append_margin_feature,4,28,7,4,-0.8528784648187604,-0.6780015877959535
subject_overlap_session_cv,regression,fold_0,regression,append_margin_feature,4,31,8,2,-0.12406947890818154,-0.7065122846112866
subject_overlap_session_cv,regression,fold_0,regression,append_margin_feature,4,32,8,3,-0.3722084367245622,-0.6378939923667201
subject_overlap_session_cv,regression,fold_0,regression,append_margin_feature,4,34,9,0,0.0,-0.7268615659902005
subject_overlap_session_cv,regression,fold_0,regression,append_margin_feature,4,44,11,0,0.0,-0.8071638693791522
subject_overlap_session_cv,regression,fold_0,regression,append_margin_feature,4,47,11,3,-1.5717092337917429,-0.991115311077814
subject_overlap_session_cv,regression,fold_0,regression,append_margin_feature,4,48,11,4,-1.5717092337917429,-0.6314303264749812
subject_overlap_session_cv,regression,fold_0,regression,append_margin_feature,4,56,13,2,-0.29985007496252297,-0.7015885747436599
subject_overlap_session_cv,regression,fold_0,regression,append_margin_feature,4,58,13,4,-0.5997001499250459,-0.9543885048733923
subject_overlap_session_cv,regression,fold_0,regression,append_margin_feature,4,65,15,1,-0.3620564808110065,-0.7736251255997199
subject_overlap_session_cv,regression,fold_0,regression,append_margin_feature,5,0,1,1,-0.5793742757821553,-0.6410384937129986
subject_overlap_session_cv,regression,fold_0,regression,append_margin_feature,5,4,2,1,-0.10172939979653543,-0.6634472757030491
subject_overlap_session_cv,regression,fold_0,regression,append_margin_feature,5,8,3,0,0.0,-0.6527119030629136
subject_overlap_session_cv,regression,fold_0,regression,append_margin_feature,5,22,6,3,-0.7984031936127716,-0.4683534496993063
subject_overlap_session_cv,regression,fold_0,regression,append_margin_feature,5,26,7,2,-0.42643923240937254,-0.824683795000398
subject_overlap_session_cv,regression,fold_0,regression,append_margin_feature,5,28,7,4,-0.8528784648187604,-0.6720962985447756
subject_overlap_session_cv,regression,fold_0,regression,append_margin_feature,5,31,8,2,-0.12406947890818154,-0.6335186253979013
subject_overlap_session_cv,regression,fold_0,regression,append_margin_feature,5,32,8,3,-0.3722084367245622,-0.5980829628928437
subject_overlap_session_cv,regression,fold_0,regression,append_margin_feature,5,34,9,0,0.0,-0.5456138023132003
subject_overlap_session_cv,regression,fold_0,regression,append_margin_feature,5,44,11,0,0.0,-0.7636124895458919
subject_overlap_session_cv,regression,fold_0,regression,append_margin_feature,5,47,11,3,-1.5717092337917429,-0.7973182133147865
subject_overlap_session_cv,regression,fold_0,regression,append_margin_feature,5,48,11,4,-1.5717092337917429,-0.6109626765314016
subject_overlap_session_cv,regression,fold_0,regression,append_margin_feature,5,56,13,2,-0.29985007496252297,-0.6413713554660877
subject_overlap_session_cv,regression,fold_0,regression,append_margin_feature,5,58,13,4,-0.5997001499250459,-0.8111294604590331
subject_overlap_session_cv,regression,fold_0,regression,append_margin_feature,5,65,15,1,-0.3620564808110065,-0.7466676207296814
subject_overlap_session_cv,regression,fold_1,regression,baseline,1,2,1,3,-1.390498261877176,-0.6169648486982231
subject_overlap_session_cv,regression,fold_1,regression,baseline,1,3,2,0,0.0,-0.568340427282353
subject_overlap_session_cv,regression,fold_1,regression,baseline,1,9,3,2,-0.31055900621118454,-0.5986142936832264
subject_overlap_session_cv,regression,fold_1,regression,baseline,1,14,4,2,-0.47058823529412436,-0.5872772657951976
subject_overlap_session_cv,regression,fold_1,regression,baseline,1,16,5,0,0.0,-0.592396899664164
subject_overlap_session_cv,regression,fold_1,regression,baseline,1,17,5,1,-0.49875311720698967,-0.6069476743770539
subject_overlap_session_cv,regression,fold_1,regression,baseline,1,23,6,4,-0.7984031936127716,-0.47530344187261797
subject_overlap_session_cv,regression,fold_1,regression,baseline,1,25,7,1,-0.10660980810233936,-0.5957768499399019
subject_overlap_session_cv,regression,fold_1,regression,baseline,1,30,8,1,0.0,-0.5946416152295518
subject_overlap_session_cv,regression,fold_1,regression,baseline,1,43,10,4,-0.9070294784580466,-0.549807567127197
subject_overlap_session_cv,regression,fold_1,regression,baseline,1,51,12,2,-1.0538641686182735,-0.5901111771728298
subject_overlap_session_cv,regression,fold_1,regression,baseline,1,52,12,3,-1.4051522248243593,-0.5978354759268493
subject_overlap_session_cv,regression,fold_1,regression,baseline,1,62,14,3,-1.1684518013631966,-0.464307241908295
subject_overlap_session_cv,regression,fold_1,regression,baseline,1,63,14,4,-1.363193768257065,-0.5650295597381216
subject_overlap_session_cv,regression,fold_1,regression,baseline,1,64,15,0,0.0,-0.5702981730521053
subject_overlap_session_cv,regression,fold_1,regression,filter_negative_margin,1,2,1,3,-1.390498261877176,-0.6566218794202879
subject_overlap_session_cv,regression,fold_1,regression,filter_negative_margin,1,3,2,0,0.0,-0.6122590906291099
subject_overlap_session_cv,regression,fold_1,regression,filter_negative_margin,1,9,3,2,-0.31055900621118454,-0.6529225697108559
subject_overlap_session_cv,regression,fold_1,regression,filter_negative_margin,1,14,4,2,-0.47058823529412436,-0.6199839393314142
subject_overlap_session_cv,regression,fold_1,regression,filter_negative_margin,1,16,5,0,0.0,-0.6287060243840132
subject_overlap_session_cv,regression,fold_1,regression,filter_negative_margin,1,17,5,1,-0.49875311720698967,-0.6470690814785631
subject_overlap_session_cv,regression,fold_1,regression,filter_negative_margin,1,23,6,4,-0.7984031936127716,-0.5151817152151883
subject_overlap_session_cv,regression,fold_1,regression,filter_negative_margin,1,25,7,1,-0.10660980810233936,-0.6532845656169296
subject_overlap_session_cv,regression,fold_1,regression,filter_negative_margin,1,30,8,1,0.0,-0.6198507752201464
subject_overlap_session_cv,regression,fold_1,regression,filter_negative_margin,1,43,10,4,-0.9070294784580466,-0.5822315834928709
subject_overlap_session_cv,regression,fold_1,regression,filter_negative_margin,1,51,12,2,-1.0538641686182735,-0.6520942372947073
subject_overlap_session_cv,regression,fold_1,regression,filter_negative_margin,1,52,12,3,-1.4051522248243593,-0.6312814790274136
subject_overlap_session_cv,regression,fold_1,regression,filter_negative_margin,1,62,14,3,-1.1684518013631966,-0.5043903060706747
subject_overlap_session_cv,regression,fold_1,regression,filter_negative_margin,1,63,14,4,-1.363193768257065,-0.6484988188417157
subject_overlap_session_cv,regression,fold_1,regression,filter_negative_margin,1,64,15,0,0.0,-0.5980214226291095
subject_overlap_session_cv,regression,fold_1,regression,append_margin_feature,1,2,1,3,-1.390498261877176,-0.6168925932379794
subject_overlap_session_cv,regression,fold_1,regression,append_margin_feature,1,3,2,0,0.0,-0.5682145795470852
subject_overlap_session_cv,regression,fold_1,regression,append_margin_feature,1,9,3,2,-0.31055900621118454,-0.5985650235566845
subject_overlap_session_cv,regression,fold_1,regression,append_margin_feature,1,14,4,2,-0.47058823529412436,-0.5872088394343441
subject_overlap_session_cv,regression,fold_1,regression,append_margin_feature,1,16,5,0,0.0,-0.5923900064003776
subject_overlap_session_cv,regression,fold_1,regression,append_margin_feature,1,17,5,1,-0.49875311720698967,-0.6069158684809441
subject_overlap_session_cv,regression,fold_1,regression,append_margin_feature,1,23,6,4,-0.7984031936127716,-0.4753034745401892
subject_overlap_session_cv,regression,fold_1,regression,append_margin_feature,1,25,7,1,-0.10660980810233936,-0.5956844284956999
subject_overlap_session_cv,regression,fold_1,regression,append_margin_feature,1,30,8,1,0.0,-0.594630600378609
subject_overlap_session_cv,regression,fold_1,regression,append_margin_feature,1,43,10,4,-0.9070294784580466,-0.5498034554879522
subject_overlap_session_cv,regression,fold_1,regression,append_margin_feature,1,51,12,2,-1.0538641686182735,-0.5900282499803141
subject_overlap_session_cv,regression,fold_1,regression,append_margin_feature,1,52,12,3,-1.4051522248243593,-0.5978005090731043
subject_overlap_session_cv,regression,fold_1,regression,append_margin_feature,1,62,14,3,-1.1684518013631966,-0.4643859296898217
subject_overlap_session_cv,regression,fold_1,regression,append_margin_feature,1,63,14,4,-1.363193768257065,-0.5649468965797978
subject_overlap_session_cv,regression,fold_1,regression,append_margin_feature,1,64,15,0,0.0,-0.5703485157230566
subject_overlap_session_cv,regression,fold_2,regression,baseline,1,10,3,3,-0.46583850931678783,-0.590659628812607
subject_overlap_session_cv,regression,fold_2,regression,baseline,1,13,4,1,-0.3529411764705849,-0.5919799226740331
subject_overlap_session_cv,regression,fold_2,regression,baseline,1,18,5,2,-0.49875311720698967,-0.5978532836688311
subject_overlap_session_cv,regression,fold_2,regression,baseline,1,19,5,4,-0.9975062344139616,-0.5793166728271456
subject_overlap_session_cv,regression,fold_2,regression,baseline,1,20,6,1,-0.19960079840319644,-0.5490109403282453
subject_overlap_session_cv,regression,fold_2,regression,baseline,1,27,7,3,-0.8528784648187604,-0.5360465236503913
subject_overlap_session_cv,regression,fold_2,regression,baseline,1,29,8,0,0.0,-0.6217743837446628
subject_overlap_session_cv,regression,fold_2,regression,baseline,1,38,9,4,-2.020202020202008,-0.5769552886276182
subject_overlap_session_cv,regression,fold_2,regression,baseline,1,39,10,0,0.0,-0.5726770653774325
subject_overlap_session_cv,regression,fold_2,regression,baseline,1,41,10,2,-0.5668934240362812,-0.5533638289573983
subject_overlap_session_cv,regression,fold_2,regression,baseline,1,42,10,3,-0.7936507936507969,-0.5806404856514508
subject_overlap_session_cv,regression,fold_2,regression,baseline,1,46,11,2,-0.9823182711198428,-0.5844301654111103
subject_overlap_session_cv,regression,fold_2,regression,baseline,1,53,12,4,-1.5222482435597322,-0.5706162837121348
subject_overlap_session_cv,regression,fold_2,regression,baseline,1,54,13,0,0.0,-0.5316724668535338
subject_overlap_session_cv,regression,fold_2,regression,baseline,1,60,14,1,-0.5842259006816052,-0.5682964988013808
subject_overlap_session_cv,regression,fold_2,regression,filter_negative_margin,1,10,3,3,-0.46583850931678783,-0.6004504462517135
subject_overlap_session_cv,regression,fold_2,regression,filter_negative_margin,1,13,4,1,-0.3529411764705849,-0.616056398872442
subject_overlap_session_cv,regression,fold_2,regression,filter_negative_margin,1,18,5,2,-0.49875311720698967,-0.6299919728134492
subject_overlap_session_cv,regression,fold_2,regression,filter_negative_margin,1,19,5,4,-0.9975062344139616,-0.6057562829320767
subject_overlap_session_cv,regression,fold_2,regression,filter_negative_margin,1,20,6,1,-0.19960079840319644,-0.5819941072816772
subject_overlap_session_cv,regression,fold_2,regression,filter_negative_margin,1,27,7,3,-0.8528784648187604,-0.5457149328590689
subject_overlap_session_cv,regression,fold_2,regression,filter_negative_margin,1,29,8,0,0.0,-0.6689024251890928
subject_overlap_session_cv,regression,fold_2,regression,filter_negative_margin,1,38,9,4,-2.020202020202008,-0.5872429162788195
subject_overlap_session_cv,regression,fold_2,regression,filter_negative_margin,1,39,10,0,0.0,-0.587876677892661
subject_overlap_session_cv,regression,fold_2,regression,filter_negative_margin,1,41,10,2,-0.5668934240362812,-0.5494431906372446
subject_overlap_session_cv,regression,fold_2,regression,filter_negative_margin,1,42,10,3,-0.7936507936507969,-0.6180231771691648
subject_overlap_session_cv,regression,fold_2,regression,filter_negative_margin,1,46,11,2,-0.9823182711198428,-0.6106400423978406
subject_overlap_session_cv,regression,fold_2,regression,filter_negative_margin,1,53,12,4,-1.5222482435597322,-0.5879431602570928
subject_overlap_session_cv,regression,fold_2,regression,filter_negative_margin,1,54,13,0,0.0,-0.5470798349956075
subject_overlap_session_cv,regression,fold_2,regression,filter_negative_margin,1,60,14,1,-0.5842259006816052,-0.602517474391418
subject_overlap_session_cv,regression,fold_2,regression,append_margin_feature,1,10,3,3,-0.46583850931678783,-0.5906536857014325
subject_overlap_session_cv,regression,fold_2,regression,append_margin_feature,1,13,4,1,-0.3529411764705849,-0.591957387904979
subject_overlap_session_cv,regression,fold_2,regression,append_margin_feature,1,18,5,2,-0.49875311720698967,-0.5978404056532148
subject_overlap_session_cv,regression,fold_2,regression,append_margin_feature,1,19,5,4,-0.9975062344139616,-0.5792987240100788
subject_overlap_session_cv,regression,fold_2,regression,append_margin_feature,1,20,6,1,-0.19960079840319644,-0.5490133107153617
subject_overlap_session_cv,regression,fold_2,regression,append_margin_feature,1,27,7,3,-0.8528784648187604,-0.5360321976550892
subject_overlap_session_cv,regression,fold_2,regression,append_margin_feature,1,29,8,0,0.0,-0.6216775015556485
subject_overlap_session_cv,regression,fold_2,regression,append_margin_feature,1,38,9,4,-2.020202020202008,-0.576937184891556
subject_overlap_session_cv,regression,fold_2,regression,append_margin_feature,1,39,10,0,0.0,-0.5726835060487487
subject_overlap_session_cv,regression,fold_2,regression,append_margin_feature,1,41,10,2,-0.5668934240362812,-0.5533774284461844
subject_overlap_session_cv,regression,fold_2,regression,append_margin_feature,1,42,10,3,-0.7936507936507969,-0.5806509842250245
subject_overlap_session_cv,regression,fold_2,regression,append_margin_feature,1,46,11,2,-0.9823182711198428,-0.5844444365993255
subject_overlap_session_cv,regression,fold_2,regression,append_margin_feature,1,53,12,4,-1.5222482435597322,-0.5706213441004337
subject_overlap_session_cv,regression,fold_2,regression,append_margin_feature,1,54,13,0,0.0,-0.5316739365051446
subject_overlap_session_cv,regression,fold_2,regression,append_margin_feature,1,60,14,1,-0.5842259006816052,-0.5683185039628751
subject_overlap_session_cv,regression,fold_3,regression,baseline,1,5,2,2,-0.2034587995930853,-0.6717167085971694
subject_overlap_session_cv,regression,fold_3,regression,baseline,1,6,2,3,-0.8138351983723268,-0.5790839233045862
subject_overlap_session_cv,regression,fold_3,regression,baseline,1,7,2,4,-1.1190233977619475,-0.5752319982653349
subject_overlap_session_cv,regression,fold_3,regression,baseline,1,11,3,4,-0.6211180124223691,-0.5205796874119696
subject_overlap_session_cv,regression,fold_3,regression,baseline,1,12,4,0,0.0,-0.49843692206178875
subject_overlap_session_cv,regression,fold_3,regression,baseline,1,24,7,0,0.0,-0.5884735652604277
subject_overlap_session_cv,regression,fold_3,regression,baseline,1,40,10,1,0.0,-0.6274620382028124
subject_overlap_session_cv,regression,fold_3,regression,baseline,1,45,11,1,-0.5893909626719002,-0.6320289299642079
subject_overlap_session_cv,regression,fold_3,regression,baseline,1,55,13,1,-0.14992503748127214,-0.5676522794016988
subject_overlap_session_cv,regression,fold_3,regression,baseline,1,66,15,2,-1.0137581462708223,-0.5966236477970834
subject_overlap_session_cv,regression,fold_3,regression,baseline,1,67,15,3,-1.448225923244026,-0.6184850665554836
subject_overlap_session_cv,regression,fold_3,regression,baseline,1,70,16,2,-0.578592092574743,-0.5941763966394918
subject_overlap_session_cv,regression,fold_3,regression,baseline,1,71,16,3,-0.771456123432977,-0.6740416117275978
subject_overlap_session_cv,regression,fold_3,regression,baseline,1,72,16,4,-1.0607521697203555,-0.6316667816760558
subject_overlap_session_cv,regression,fold_3,regression,filter_negative_margin,1,5,2,2,-0.2034587995930853,-0.6976273863907485
subject_overlap_session_cv,regression,fold_3,regression,filter_negative_margin,1,6,2,3,-0.8138351983723268,-0.5791907946662173
subject_overlap_session_cv,regression,fold_3,regression,filter_negative_margin,1,7,2,4,-1.1190233977619475,-0.6101892978738589
subject_overlap_session_cv,regression,fold_3,regression,filter_negative_margin,1,11,3,4,-0.6211180124223691,-0.5513238363520141
subject_overlap_session_cv,regression,fold_3,regression,filter_negative_margin,1,12,4,0,0.0,-0.5151198231551222
subject_overlap_session_cv,regression,fold_3,regression,filter_negative_margin,1,24,7,0,0.0,-0.6341964584442903
subject_overlap_session_cv,regression,fold_3,regression,filter_negative_margin,1,40,10,1,0.0,-0.6946911108535918
subject_overlap_session_cv,regression,fold_3,regression,filter_negative_margin,1,45,11,1,-0.5893909626719002,-0.6642838323946215
subject_overlap_session_cv,regression,fold_3,regression,filter_negative_margin,1,55,13,1,-0.14992503748127214,-0.6200113303357097
subject_overlap_session_cv,regression,fold_3,regression,filter_negative_margin,1,66,15,2,-1.0137581462708223,-0.6276704754318911
subject_overlap_session_cv,regression,fold_3,regression,filter_negative_margin,1,67,15,3,-1.448225923244026,-0.6741458012203196
subject_overlap_session_cv,regression,fold_3,regression,filter_negative_margin,1,70,16,2,-0.578592092574743,-0.6228864787365002
subject_overlap_session_cv,regression,fold_3,regression,filter_negative_margin,1,71,16,3,-0.771456123432977,-0.700785477930335
subject_overlap_session_cv,regression,fold_3,regression,filter_negative_margin,1,72,16,4,-1.0607521697203555,-0.6517527782286187
subject_overlap_session_cv,regression,fold_3,regression,append_margin_feature,1,5,2,2,-0.2034587995930853,-0.6716519294993503
subject_overlap_session_cv,regression,fold_3,regression,append_margin_feature,1,6,2,3,-0.8138351983723268,-0.5790552048678728
subject_overlap_session_cv,regression,fold_3,regression,append_margin_feature,1,7,2,4,-1.1190233977619475,-0.5752610058745673
subject_overlap_session_cv,regression,fold_3,regression,append_margin_feature,1,11,3,4,-0.6211180124223691,-0.5205846906299996
subject_overlap_session_cv,regression,fold_3,regression,append_margin_feature,1,12,4,0,0.0,-0.49848499094185206
subject_overlap_session_cv,regression,fold_3,regression,append_margin_feature,1,24,7,0,0.0,-0.5884684769255587
subject_overlap_session_cv,regression,fold_3,regression,append_margin_feature,1,40,10,1,0.0,-0.6274749982896243
subject_overlap_session_cv,regression,fold_3,regression,append_margin_feature,1,45,11,1,-0.5893909626719002,-0.6320068423237508
subject_overlap_session_cv,regression,fold_3,regression,append_margin_feature,1,55,13,1,-0.14992503748127214,-0.5676694122459501
subject_overlap_session_cv,regression,fold_3,regression,append_margin_feature,1,66,15,2,-1.0137581462708223,-0.5966344891204091
subject_overlap_session_cv,regression,fold_3,regression,append_margin_feature,1,67,15,3,-1.448225923244026,-0.618494071875084
subject_overlap_session_cv,regression,fold_3,regression,append_margin_feature,1,70,16,2,-0.578592092574743,-0.5941743930647477
subject_overlap_session_cv,regression,fold_3,regression,append_margin_feature,1,71,16,3,-0.771456123432977,-0.6740024956621312
subject_overlap_session_cv,regression,fold_3,regression,append_margin_feature,1,72,16,4,-1.0607521697203555,-0.6316696395492353
subject_overlap_session_cv,regression,fold_4,regression,baseline,1,1,1,2,-0.8111239860950206,-1.1318814603848066
subject_overlap_session_cv,regression,fold_4,regression,baseline,1,15,4,4,-1.1764705882352942,-0.10699415896108316
subject_overlap_session_cv,regression,fold_4,regression,baseline,1,21,6,2,-0.5988023952095893,-0.2719215718000859
subject_overlap_session_cv,regression,fold_4,regression,baseline,1,33,8,4,-0.8684863523573061,-0.16460840610803004
subject_overlap_session_cv,regression,fold_4,regression,baseline,1,35,9,1,-0.8658008658008577,-0.7102560136528882
subject_overlap_session_cv,regression,fold_4,regression,baseline,1,36,9,2,-1.7316017316017358,-0.23186848608480307
subject_overlap_session_cv,regression,fold_4,regression,baseline,1,37,9,3,-2.020202020202008,-0.7246656979532854
subject_overlap_session_cv,regression,fold_4,regression,baseline,1,49,12,0,0.0,-0.06522052547888696
subject_overlap_session_cv,regression,fold_4,regression,baseline,1,50,12,1,-0.585480093676815,-0.6195390187530653
subject_overlap_session_cv,regression,fold_4,regression,baseline,1,57,13,3,-0.44977511244377383,-0.048274091398228795
subject_overlap_session_cv,regression,fold_4,regression,baseline,1,59,14,0,0.0,-0.7864255103327911
subject_overlap_session_cv,regression,fold_4,regression,baseline,1,61,14,2,-0.8763388510224007,-0.8136858734947409
subject_overlap_session_cv,regression,fold_4,regression,baseline,1,68,15,4,-1.5930485155684206,-0.05213625647084107
subject_overlap_session_cv,regression,fold_4,regression,baseline,1,69,16,0,0.0,-0.8451266168240648
subject_overlap_session_cv,regression,fold_4,regression,baseline,2,1,1,2,-0.8111239860950206,-1.124025810010795
subject_overlap_session_cv,regression,fold_4,regression,baseline,2,15,4,4,-1.1764705882352942,-0.08914998826690514
subject_overlap_session_cv,regression,fold_4,regression,baseline,2,21,6,2,-0.5988023952095893,-0.271921571800086
subject_overlap_session_cv,regression,fold_4,regression,baseline,2,33,8,4,-0.8684863523573061,-0.16460840610803004
subject_overlap_session_cv,regression,fold_4,regression,baseline,2,35,9,1,-0.8658008658008577,-0.6928462598904634
subject_overlap_session_cv,regression,fold_4,regression,baseline,2,36,9,2,-1.7316017316017358,-0.21023661184044518
subject_overlap_session_cv,regression,fold_4,regression,baseline,2,37,9,3,-2.020202020202008,-0.7166509850575808
subject_overlap_session_cv,regression,fold_4,regression,baseline,2,49,12,0,0.0,-0.0652205254788869
subject_overlap_session_cv,regression,fold_4,regression,baseline,2,50,12,1,-0.585480093676815,-0.6195390187530652
subject_overlap_session_cv,regression,fold_4,regression,baseline,2,57,13,3,-0.44977511244377383,-0.05176084050172272
subject_overlap_session_cv,regression,fold_4,regression,baseline,2,59,14,0,0.0,-0.8393765913503516
subject_overlap_session_cv,regression,fold_4,regression,baseline,2,61,14,2,-0.8763388510224007,-0.826745141648871
subject_overlap_session_cv,regression,fold_4,regression,baseline,2,68,15,4,-1.5930485155684206,-0.04920742165995827
subject_overlap_session_cv,regression,fold_4,regression,baseline,2,69,16,0,0.0,-0.8059697979660391
subject_overlap_session_cv,regression,fold_4,regression,baseline,3,1,1,2,-0.8111239860950206,-1.1083744202287227
subject_overlap_session_cv,regression,fold_4,regression,baseline,3,15,4,4,-1.1764705882352942,-0.0865598916566253
subject_overlap_session_cv,regression,fold_4,regression,baseline,3,21,6,2,-0.5988023952095893,-0.24482165443191273
subject_overlap_session_cv,regression,fold_4,regression,baseline,3,33,8,4,-0.8684863523573061,-0.2161150562859944
subject_overlap_session_cv,regression,fold_4,regression,baseline,3,35,9,1,-0.8658008658008577,-0.6788128659534717
subject_overlap_session_cv,regression,fold_4,regression,baseline,3,36,9,2,-1.7316017316017358,-0.2374453753451091
subject_overlap_session_cv,regression,fold_4,regression,baseline,3,37,9,3,-2.020202020202008,-0.7058405311430559
subject_overlap_session_cv,regression,fold_4,regression,baseline,3,49,12,0,0.0,-0.06522052547888697
subject_overlap_session_cv,regression,fold_4,regression,baseline,3,50,12,1,-0.585480093676815,-0.624442318867439
subject_overlap_session_cv,regression,fold_4,regression,baseline,3,57,13,3,-0.44977511244377383,-0.051760840501722735
subject_overlap_session_cv,regression,fold_4,regression,baseline,3,59,14,0,0.0,-0.8641278539981833
subject_overlap_session_cv,regression,fold_4,regression,baseline,3,61,14,2,-0.8763388510224007,-0.8409846930857032
subject_overlap_session_cv,regression,fold_4,regression,baseline,3,68,15,4,-1.5930485155684206,-0.04920742165995829
subject_overlap_session_cv,regression,fold_4,regression,baseline,3,69,16,0,0.0,-0.7317381742496385
subject_overlap_session_cv,regression,fold_4,regression,baseline,4,1,1,2,-0.8111239860950206,-1.1318814603848066
subject_overlap_session_cv,regression,fold_4,regression,baseline,4,15,4,4,-1.1764705882352942,-0.08914998826690522
subject_overlap_session_cv,regression,fold_4,regression,baseline,4,21,6,2,-0.5988023952095893,-0.271921571800086
subject_overlap_session_cv,regression,fold_4,regression,baseline,4,33,8,4,-0.8684863523573061,-0.1528056856207703
subject_overlap_session_cv,regression,fold_4,regression,baseline,4,35,9,1,-0.8658008658008577,-0.6825538801940394
subject_overlap_session_cv,regression,fold_4,regression,baseline,4,36,9,2,-1.7316017316017358,-0.2373846464212783
subject_overlap_session_cv,regression,fold_4,regression,baseline,4,37,9,3,-2.020202020202008,-0.7091033631487423
subject_overlap_session_cv,regression,fold_4,regression,baseline,4,49,12,0,0.0,-0.0843625517259428
subject_overlap_session_cv,regression,fold_4,regression,baseline,4,50,12,1,-0.585480093676815,-0.6195390187530653
subject_overlap_session_cv,regression,fold_4,regression,baseline,4,57,13,3,-0.44977511244377383,-0.05176084050172283
subject_overlap_session_cv,regression,fold_4,regression,baseline,4,59,14,0,0.0,-0.8679700320291185
subject_overlap_session_cv,regression,fold_4,regression,baseline,4,61,14,2,-0.8763388510224007,-0.7799168958776703
subject_overlap_session_cv,regression,fold_4,regression,baseline,4,68,15,4,-1.5930485155684206,-0.05878743919120831
subject_overlap_session_cv,regression,fold_4,regression,baseline,4,69,16,0,0.0,-0.7699417316376385
subject_overlap_session_cv,regression,fold_4,regression,baseline,5,1,1,2,-0.8111239860950206,-1.1083744202287227
subject_overlap_session_cv,regression,fold_4,regression,baseline,5,15,4,4,-1.1764705882352942,-0.08914998826690515
subject_overlap_session_cv,regression,fold_4,regression,baseline,5,21,6,2,-0.5988023952095893,-0.2719215718000859
subject_overlap_session_cv,regression,fold_4,regression,baseline,5,33,8,4,-0.8684863523573061,-0.16460840610803
subject_overlap_session_cv,regression,fold_4,regression,baseline,5,35,9,1,-0.8658008658008577,-0.6766412364512892
subject_overlap_session_cv,regression,fold_4,regression,baseline,5,36,9,2,-1.7316017316017358,-0.2981463062374286
subject_overlap_session_cv,regression,fold_4,regression,baseline,5,37,9,3,-2.020202020202008,-0.7091033631487423
subject_overlap_session_cv,regression,fold_4,regression,baseline,5,49,12,0,0.0,-0.06522052547888696
subject_overlap_session_cv,regression,fold_4,regression,baseline,5,50,12,1,-0.585480093676815,-0.6244423188674391
subject_overlap_session_cv,regression,fold_4,regression,baseline,5,57,13,3,-0.44977511244377383,-0.05176084050172277
subject_overlap_session_cv,regression,fold_4,regression,baseline,5,59,14,0,0.0,-0.8351937741694746
subject_overlap_session_cv,regression,fold_4,regression,baseline,5,61,14,2,-0.8763388510224007,-0.8099445998289019
subject_overlap_session_cv,regression,fold_4,regression,baseline,5,68,15,4,-1.5930485155684206,-0.05530069008771419
subject_overlap_session_cv,regression,fold_4,regression,baseline,5,69,16,0,0.0,-0.8285705915387442
subject_overlap_session_cv,regression,fold_4,regression,filter_negative_margin,1,1,1,2,-0.8111239860950206,-0.9281706825881411
subject_overlap_session_cv,regression,fold_4,regression,filter_negative_margin,1,15,4,4,-1.1764705882352942,-0.17581698711372237
subject_overlap_session_cv,regression,fold_4,regression,filter_negative_margin,1,21,6,2,-0.5988023952095893,-0.32673879015403856
subject_overlap_session_cv,regression,fold_4,regression,filter_negative_margin,1,33,8,4,-0.8684863523573061,-0.265508425361258
subject_overlap_session_cv,regression,fold_4,regression,filter_negative_margin,1,35,9,1,-0.8658008658008577,-0.6559367000822521
subject_overlap_session_cv,regression,fold_4,regression,filter_negative_margin,1,36,9,2,-1.7316017316017358,-0.2619573558986889
subject_overlap_session_cv,regression,fold_4,regression,filter_negative_margin,1,37,9,3,-2.020202020202008,-1.142312884775668
subject_overlap_session_cv,regression,fold_4,regression,filter_negative_margin,1,49,12,0,0.0,-0.08336231080754168
subject_overlap_session_cv,regression,fold_4,regression,filter_negative_margin,1,50,12,1,-0.585480093676815,-0.8345555057227048
subject_overlap_session_cv,regression,fold_4,regression,filter_negative_margin,1,57,13,3,-0.44977511244377383,-0.12057550583642804
subject_overlap_session_cv,regression,fold_4,regression,filter_negative_margin,1,59,14,0,0.0,-0.7983223829393737
subject_overlap_session_cv,regression,fold_4,regression,filter_negative_margin,1,61,14,2,-0.8763388510224007,-0.9889387637297189
subject_overlap_session_cv,regression,fold_4,regression,filter_negative_margin,1,68,15,4,-1.5930485155684206,-0.047105939389124975
subject_overlap_session_cv,regression,fold_4,regression,filter_negative_margin,1,69,16,0,0.0,-0.8974985187807024
subject_overlap_session_cv,regression,fold_4,regression,filter_negative_margin,2,1,1,2,-0.8111239860950206,-0.9442039429680942
subject_overlap_session_cv,regression,fold_4,regression,filter_negative_margin,2,15,4,4,-1.1764705882352942,-0.17581698711372232
subject_overlap_session_cv,regression,fold_4,regression,filter_negative_margin,2,21,6,2,-0.5988023952095893,-0.32673879015403856
subject_overlap_session_cv,regression,fold_4,regression,filter_negative_margin,2,33,8,4,-0.8684863523573061,-0.32707456025471726
subject_overlap_session_cv,regression,fold_4,regression,filter_negative_margin,2,35,9,1,-0.8658008658008577,-0.6601029930701764
subject_overlap_session_cv,regression,fold_4,regression,filter_negative_margin,2,36,9,2,-1.7316017316017358,-0.2590266721356526
subject_overlap_session_cv,regression,fold_4,regression,filter_negative_margin,2,37,9,3,-2.020202020202008,-1.1372194281051378
subject_overlap_session_cv,regression,fold_4,regression,filter_negative_margin,2,49,12,0,0.0,-0.11453263971246436
subject_overlap_session_cv,regression,fold_4,regression,filter_negative_margin,2,50,12,1,-0.585480093676815,-0.8301139158678951
subject_overlap_session_cv,regression,fold_4,regression,filter_negative_margin,2,57,13,3,-0.44977511244377383,-0.10417828202627573
subject_overlap_session_cv,regression,fold_4,regression,filter_negative_margin,2,59,14,0,0.0,-0.800531433781025
subject_overlap_session_cv,regression,fold_4,regression,filter_negative_margin,2,61,14,2,-0.8763388510224007,-0.9055320343522837
subject_overlap_session_cv,regression,fold_4,regression,filter_negative_margin,2,68,15,4,-1.5930485155684206,-0.05076910200246631
subject_overlap_session_cv,regression,fold_4,regression,filter_negative_margin,2,69,16,0,0.0,-0.8089015158642939
subject_overlap_session_cv,regression,fold_4,regression,filter_negative_margin,3,1,1,2,-0.8111239860950206,-0.944261997364488
subject_overlap_session_cv,regression,fold_4,regression,filter_negative_margin,3,15,4,4,-1.1764705882352942,-0.17581698711372246
subject_overlap_session_cv,regression,fold_4,regression,filter_negative_margin,3,21,6,2,-0.5988023952095893,-0.3267387901540386
subject_overlap_session_cv,regression,fold_4,regression,filter_negative_margin,3,33,8,4,-0.8684863523573061,-0.31987711534521807
subject_overlap_session_cv,regression,fold_4,regression,filter_negative_margin,3,35,9,1,-0.8658008658008577,-0.6462447243266967
subject_overlap_session_cv,regression,fold_4,regression,filter_negative_margin,3,36,9,2,-1.7316017316017358,-0.26195735589868885
subject_overlap_session_cv,regression,fold_4,regression,filter_negative_margin,3,37,9,3,-2.020202020202008,-1.1211210752337448
subject_overlap_session_cv,regression,fold_4,regression,filter_negative_margin,3,49,12,0,0.0,-0.12815218804768133
subject_overlap_session_cv,regression,fold_4,regression,filter_negative_margin,3,50,12,1,-0.585480093676815,-0.8368781955938068
subject_overlap_session_cv,regression,fold_4,regression,filter_negative_margin,3,57,13,3,-0.44977511244377383,-0.1041782820262757
subject_overlap_session_cv,regression,fold_4,regression,filter_negative_margin,3,59,14,0,0.0,-0.7717381844735784
subject_overlap_session_cv,regression,fold_4,regression,filter_negative_margin,3,61,14,2,-0.8763388510224007,-0.9709927432152305
subject_overlap_session_cv,regression,fold_4,regression,filter_negative_margin,3,68,15,4,-1.5930485155684206,-0.04966297828513306
subject_overlap_session_cv,regression,fold_4,regression,filter_negative_margin,3,69,16,0,0.0,-0.8260663536416659
subject_overlap_session_cv,regression,fold_4,regression,filter_negative_margin,4,1,1,2,-0.8111239860950206,-0.9575945825387531
subject_overlap_session_cv,regression,fold_4,regression,filter_negative_margin,4,15,4,4,-1.1764705882352942,-0.17581698711372248
subject_overlap_session_cv,regression,fold_4,regression,filter_negative_margin,4,21,6,2,-0.5988023952095893,-0.33030849196895845
subject_overlap_session_cv,regression,fold_4,regression,filter_negative_margin,4,33,8,4,-0.8684863523573061,-0.2670888193000726
subject_overlap_session_cv,regression,fold_4,regression,filter_negative_margin,4,35,9,1,-0.8658008658008577,-0.6078929441697738
subject_overlap_session_cv,regression,fold_4,regression,filter_negative_margin,4,36,9,2,-1.7316017316017358,-0.26195735589868896
subject_overlap_session_cv,regression,fold_4,regression,filter_negative_margin,4,37,9,3,-2.020202020202008,-1.1279513467445554
subject_overlap_session_cv,regression,fold_4,regression,filter_negative_margin,4,49,12,0,0.0,-0.08336231080754176
subject_overlap_session_cv,regression,fold_4,regression,filter_negative_margin,4,50,12,1,-0.585480093676815,-0.8345555057227048
subject_overlap_session_cv,regression,fold_4,regression,filter_negative_margin,4,57,13,3,-0.44977511244377383,-0.10417828202627574
subject_overlap_session_cv,regression,fold_4,regression,filter_negative_margin,4,59,14,0,0.0,-0.7924953118501282
subject_overlap_session_cv,regression,fold_4,regression,filter_negative_margin,4,61,14,2,-0.8763388510224007,-0.9358715435301692
subject_overlap_session_cv,regression,fold_4,regression,filter_negative_margin,4,68,15,4,-1.5930485155684206,-0.04779087021371241
subject_overlap_session_cv,regression,fold_4,regression,filter_negative_margin,4,69,16,0,0.0,-0.8379117995040952
subject_overlap_session_cv,regression,fold_4,regression,filter_negative_margin,5,1,1,2,-0.8111239860950206,-0.9147800430174824
subject_overlap_session_cv,regression,fold_4,regression,filter_negative_margin,5,15,4,4,-1.1764705882352942,-0.1956134594670254
subject_overlap_session_cv,regression,fold_4,regression,filter_negative_margin,5,21,6,2,-0.5988023952095893,-0.32673879015403856
subject_overlap_session_cv,regression,fold_4,regression,filter_negative_margin,5,33,8,4,-0.8684863523573061,-0.27015608368408
subject_overlap_session_cv,regression,fold_4,regression,filter_negative_margin,5,35,9,1,-0.8658008658008577,-0.6542261828354415
subject_overlap_session_cv,regression,fold_4,regression,filter_negative_margin,5,36,9,2,-1.7316017316017358,-0.26195735589868885
subject_overlap_session_cv,regression,fold_4,regression,filter_negative_margin,5,37,9,3,-2.020202020202008,-1.133264187639716
subject_overlap_session_cv,regression,fold_4,regression,filter_negative_margin,5,49,12,0,0.0,-0.08336231080754167
subject_overlap_session_cv,regression,fold_4,regression,filter_negative_margin,5,50,12,1,-0.585480093676815,-0.8269125683799542
subject_overlap_session_cv,regression,fold_4,regression,filter_negative_margin,5,57,13,3,-0.44977511244377383,-0.11922150835560152
subject_overlap_session_cv,regression,fold_4,regression,filter_negative_margin,5,59,14,0,0.0,-0.7595634323807048
subject_overlap_session_cv,regression,fold_4,regression,filter_negative_margin,5,61,14,2,-0.8763388510224007,-0.9450708638709082
subject_overlap_session_cv,regression,fold_4,regression,filter_negative_margin,5,68,15,4,-1.5930485155684206,-0.04889699393104565
subject_overlap_session_cv,regression,fold_4,regression,filter_negative_margin,5,69,16,0,0.0,-0.8692429933693663
subject_overlap_session_cv,regression,fold_4,regression,append_margin_feature,1,1,1,2,-0.8111239860950206,-1.1338636985065425
subject_overlap_session_cv,regression,fold_4,regression,append_margin_feature,1,15,4,4,-1.1764705882352942,-0.08456896983104836
subject_overlap_session_cv,regression,fold_4,regression,append_margin_feature,1,21,6,2,-0.5988023952095893,-0.27647569147654294
subject_overlap_session_cv,regression,fold_4,regression,append_margin_feature,1,33,8,4,-0.8684863523573061,-0.17054917256729646
subject_overlap_session_cv,regression,fold_4,regression,append_margin_feature,1,35,9,1,-0.8658008658008577,-0.7160927997950319
subject_overlap_session_cv,regression,fold_4,regression,append_margin_feature,1,36,9,2,-1.7316017316017358,-0.2422682697122251
subject_overlap_session_cv,regression,fold_4,regression,append_margin_feature,1,37,9,3,-2.020202020202008,-0.7033158843854661
subject_overlap_session_cv,regression,fold_4,regression,append_margin_feature,1,49,12,0,0.0,-0.04372705648127809
subject_overlap_session_cv,regression,fold_4,regression,append_margin_feature,1,50,12,1,-0.585480093676815,-0.615700158550547
subject_overlap_session_cv,regression,fold_4,regression,append_margin_feature,1,57,13,3,-0.44977511244377383,-0.04595431746509997
subject_overlap_session_cv,regression,fold_4,regression,append_margin_feature,1,59,14,0,0.0,-0.8201904889732142
subject_overlap_session_cv,regression,fold_4,regression,append_margin_feature,1,61,14,2,-0.8763388510224007,-0.8381210998947293
subject_overlap_session_cv,regression,fold_4,regression,append_margin_feature,1,68,15,4,-1.5930485155684206,-0.05137379571135413
subject_overlap_session_cv,regression,fold_4,regression,append_margin_feature,1,69,16,0,0.0,-0.8777425221503021
subject_overlap_session_cv,regression,fold_4,regression,append_margin_feature,2,1,1,2,-0.8111239860950206,-1.1387669986209163
subject_overlap_session_cv,regression,fold_4,regression,append_margin_feature,2,15,4,4,-1.1764705882352942,-0.08456896983104831
subject_overlap_session_cv,regression,fold_4,regression,append_margin_feature,2,21,6,2,-0.5988023952095893,-0.24937577410837006
subject_overlap_session_cv,regression,fold_4,regression,append_margin_feature,2,33,8,4,-0.8684863523573061,-0.16191762575009844
subject_overlap_session_cv,regression,fold_4,regression,append_margin_feature,2,35,9,1,-0.8658008658008577,-0.6940186492032607
subject_overlap_session_cv,regression,fold_4,regression,append_margin_feature,2,36,9,2,-1.7316017316017358,-0.21871594368923375
subject_overlap_session_cv,regression,fold_4,regression,append_margin_feature,2,37,9,3,-2.020202020202008,-0.7221410511956954
subject_overlap_session_cv,regression,fold_4,regression,append_margin_feature,2,49,12,0,0.0,-0.07063420992242442
subject_overlap_session_cv,regression,fold_4,regression,append_margin_feature,2,50,12,1,-0.585480093676815,-0.615700158550547
subject_overlap_session_cv,regression,fold_4,regression,append_margin_feature,2,57,13,3,-0.44977511244377383,-0.04944106656859397
subject_overlap_session_cv,regression,fold_4,regression,append_margin_feature,2,59,14,0,0.0,-0.8207190508069383
subject_overlap_session_cv,regression,fold_4,regression,append_margin_feature,2,61,14,2,-0.8763388510224007,-0.8177366764840259
subject_overlap_session_cv,regression,fold_4,regression,append_margin_feature,2,68,15,4,-1.5930485155684206,-0.06186474930807163
subject_overlap_session_cv,regression,fold_4,regression,append_margin_feature,2,69,16,0,0.0,-0.8235976801916954
subject_overlap_session_cv,regression,fold_4,regression,append_margin_feature,3,1,1,2,-0.8111239860950206,-1.0749793241649193
subject_overlap_session_cv,regression,fold_4,regression,append_margin_feature,3,15,4,4,-1.1764705882352942,-0.08456896983104835
subject_overlap_session_cv,regression,fold_4,regression,append_margin_feature,3,21,6,2,-0.5988023952095893,-0.27647569147654305
subject_overlap_session_cv,regression,fold_4,regression,append_margin_feature,3,33,8,4,-0.8684863523573061,-0.17054917256729651
subject_overlap_session_cv,regression,fold_4,regression,append_margin_feature,3,35,9,1,-0.8658008658008577,-0.6908880998232286
subject_overlap_session_cv,regression,fold_4,regression,append_margin_feature,3,36,9,2,-1.7316017316017358,-0.2963721237243999
subject_overlap_session_cv,regression,fold_4,regression,append_margin_feature,3,37,9,3,-2.020202020202008,-0.6986600970545532
subject_overlap_session_cv,regression,fold_4,regression,append_margin_feature,3,49,12,0,0.0,-0.04949926490468018
subject_overlap_session_cv,regression,fold_4,regression,append_margin_feature,3,50,12,1,-0.585480093676815,-0.620603458664921
subject_overlap_session_cv,regression,fold_4,regression,append_margin_feature,3,57,13,3,-0.44977511244377383,-0.05374452709600921
subject_overlap_session_cv,regression,fold_4,regression,append_margin_feature,3,59,14,0,0.0,-0.818396256378459
subject_overlap_session_cv,regression,fold_4,regression,append_margin_feature,3,61,14,2,-0.8763388510224007,-0.8371208646351596
subject_overlap_session_cv,regression,fold_4,regression,append_margin_feature,3,68,15,4,-1.5930485155684206,-0.05137379571135415
subject_overlap_session_cv,regression,fold_4,regression,append_margin_feature,3,69,16,0,0.0,-0.8385857032922763
subject_overlap_session_cv,regression,fold_4,regression,append_margin_feature,4,1,1,2,-0.8111239860950206,-1.1387669986209163
subject_overlap_session_cv,regression,fold_4,regression,append_margin_feature,4,15,4,4,-1.1764705882352942,-0.0845689698310484
subject_overlap_session_cv,regression,fold_4,regression,append_margin_feature,4,21,6,2,-0.5988023952095893,-0.27647569147654283
subject_overlap_session_cv,regression,fold_4,regression,append_margin_feature,4,33,8,4,-0.8684863523573061,-0.14148335844564067
subject_overlap_session_cv,regression,fold_4,regression,append_margin_feature,4,35,9,1,-0.8658008658008577,-0.6852575308290892
subject_overlap_session_cv,regression,fold_4,regression,append_margin_feature,4,36,9,2,-1.7316017316017358,-0.2348316575971163
subject_overlap_session_cv,regression,fold_4,regression,append_margin_feature,4,37,9,3,-2.020202020202008,-0.7376140245555916
subject_overlap_session_cv,regression,fold_4,regression,append_margin_feature,4,49,12,0,0.0,-0.08977623616948031
subject_overlap_session_cv,regression,fold_4,regression,append_margin_feature,4,50,12,1,-0.585480093676815,-0.620603458664921
subject_overlap_session_cv,regression,fold_4,regression,append_margin_feature,4,57,13,3,-0.44977511244377383,-0.04595431746510006
subject_overlap_session_cv,regression,fold_4,regression,append_margin_feature,4,59,14,0,0.0,-0.793908454944175
subject_overlap_session_cv,regression,fold_4,regression,append_margin_feature,4,61,14,2,-0.8763388510224007,-0.8457494981477364
subject_overlap_session_cv,regression,fold_4,regression,append_margin_feature,4,68,15,4,-1.5930485155684206,-0.04351814533734247
subject_overlap_session_cv,regression,fold_4,regression,append_margin_feature,4,69,16,0,0.0,-0.7438984283124461
subject_overlap_session_cv,regression,fold_4,regression,append_margin_feature,5,1,1,2,-0.8111239860950206,-1.1365644424723507
subject_overlap_session_cv,regression,fold_4,regression,append_margin_feature,5,15,4,4,-1.1764705882352942,-0.10500323713550622
subject_overlap_session_cv,regression,fold_4,regression,append_margin_feature,5,21,6,2,-0.5988023952095893,-0.2764756914765429
subject_overlap_session_cv,regression,fold_4,regression,append_margin_feature,5,33,8,4,-0.8684863523573061,-0.16191762575009838
subject_overlap_session_cv,regression,fold_4,regression,append_margin_feature,5,35,9,1,-0.8658008658008577,-0.6605938008056221
subject_overlap_session_cv,regression,fold_4,regression,append_margin_feature,5,36,9,2,-1.7316017316017358,-0.2348316575971163
subject_overlap_session_cv,regression,fold_4,regression,append_margin_feature,5,37,9,3,-2.020202020202008,-0.7268035706410663
subject_overlap_session_cv,regression,fold_4,regression,append_margin_feature,5,49,12,0,0.0,-0.06486200149902248
subject_overlap_session_cv,regression,fold_4,regression,append_margin_feature,5,50,12,1,-0.585480093676815,-0.6157001585505467
subject_overlap_session_cv,regression,fold_4,regression,append_margin_feature,5,57,13,3,-0.44977511244377383,-0.048005149085515134
subject_overlap_session_cv,regression,fold_4,regression,append_margin_feature,5,59,14,0,0.0,-0.8030239233087909
subject_overlap_session_cv,regression,fold_4,regression,append_margin_feature,5,61,14,2,-0.8763388510224007,-0.8459519118734202
subject_overlap_session_cv,regression,fold_4,regression,append_margin_feature,5,68,15,4,-1.5930485155684206,-0.05691137643526331
subject_overlap_session_cv,regression,fold_4,regression,append_margin_feature,5,69,16,0,0.0,-0.852896935767087
subject_overlap_session_cv,ordinal_classification,fold_0,a,baseline,1,0,1,1,1.0,2.0
subject_overlap_session_cv,ordinal_classification,fold_0,a,baseline,1,4,2,1,1.0,1.0
subject_overlap_session_cv,ordinal_classification,fold_0,a,baseline,1,8,3,0,0.0,1.0
subject_overlap_session_cv,ordinal_classification,fold_0,a,baseline,1,22,6,3,3.0,2.0
subject_overlap_session_cv,ordinal_classification,fold_0,a,baseline,1,26,7,2,2.0,3.0
subject_overlap_session_cv,ordinal_classification,fold_0,a,baseline,1,28,7,4,4.0,2.0
subject_overlap_session_cv,ordinal_classification,fold_0,a,baseline,1,31,8,2,2.0,2.0
subject_overlap_session_cv,ordinal_classification,fold_0,a,baseline,1,32,8,3,3.0,2.0
subject_overlap_session_cv,ordinal_classification,fold_0,a,baseline,1,34,9,0,0.0,2.0
subject_overlap_session_cv,ordinal_classification,fold_0,a,baseline,1,44,11,0,0.0,3.0
subject_overlap_session_cv,ordinal_classification,fold_0,a,baseline,1,47,11,3,3.0,2.0
subject_overlap_session_cv,ordinal_classification,fold_0,a,baseline,1,48,11,4,4.0,2.0
subject_overlap_session_cv,ordinal_classification,fold_0,a,baseline,1,56,13,2,2.0,3.0
subject_overlap_session_cv,ordinal_classification,fold_0,a,baseline,1,58,13,4,4.0,3.0
subject_overlap_session_cv,ordinal_classification,fold_0,a,baseline,1,65,15,1,1.0,4.0
subject_overlap_session_cv,ordinal_classification,fold_0,a,filter_negative_margin,1,0,1,1,1.0,2.0
subject_overlap_session_cv,ordinal_classification,fold_0,a,filter_negative_margin,1,4,2,1,1.0,1.0
subject_overlap_session_cv,ordinal_classification,fold_0,a,filter_negative_margin,1,8,3,0,0.0,1.0
subject_overlap_session_cv,ordinal_classification,fold_0,a,filter_negative_margin,1,22,6,3,3.0,2.0
subject_overlap_session_cv,ordinal_classification,fold_0,a,filter_negative_margin,1,26,7,2,2.0,3.0
subject_overlap_session_cv,ordinal_classification,fold_0,a,filter_negative_margin,1,28,7,4,4.0,2.0
subject_overlap_session_cv,ordinal_classification,fold_0,a,filter_negative_margin,1,31,8,2,2.0,2.0
subject_overlap_session_cv,ordinal_classification,fold_0,a,filter_negative_margin,1,32,8,3,3.0,2.0
subject_overlap_session_cv,ordinal_classification,fold_0,a,filter_negative_margin,1,34,9,0,0.0,2.0
subject_overlap_session_cv,ordinal_classification,fold_0,a,filter_negative_margin,1,44,11,0,0.0,3.0
subject_overlap_session_cv,ordinal_classification,fold_0,a,filter_negative_margin,1,47,11,3,3.0,2.0
subject_overlap_session_cv,ordinal_classification,fold_0,a,filter_negative_margin,1,48,11,4,4.0,2.0
subject_overlap_session_cv,ordinal_classification,fold_0,a,filter_negative_margin,1,56,13,2,2.0,3.0
subject_overlap_session_cv,ordinal_classification,fold_0,a,filter_negative_margin,1,58,13,4,4.0,3.0
subject_overlap_session_cv,ordinal_classification,fold_0,a,filter_negative_margin,1,65,15,1,1.0,4.0
subject_overlap_session_cv,ordinal_classification,fold_0,a,append_margin_feature,1,0,1,1,1.0,2.0
subject_overlap_session_cv,ordinal_classification,fold_0,a,append_margin_feature,1,4,2,1,1.0,1.0
subject_overlap_session_cv,ordinal_classification,fold_0,a,append_margin_feature,1,8,3,0,0.0,1.0
subject_overlap_session_cv,ordinal_classification,fold_0,a,append_margin_feature,1,22,6,3,3.0,2.0
subject_overlap_session_cv,ordinal_classification,fold_0,a,append_margin_feature,1,26,7,2,2.0,3.0
subject_overlap_session_cv,ordinal_classification,fold_0,a,append_margin_feature,1,28,7,4,4.0,2.0
subject_overlap_session_cv,ordinal_classification,fold_0,a,append_margin_feature,1,31,8,2,2.0,2.0
subject_overlap_session_cv,ordinal_classification,fold_0,a,append_margin_feature,1,32,8,3,3.0,2.0
subject_overlap_session_cv,ordinal_classification,fold_0,a,append_margin_feature,1,34,9,0,0.0,2.0
subject_overlap_session_cv,ordinal_classification,fold_0,a,append_margin_feature,1,44,11,0,0.0,3.0
subject_overlap_session_cv,ordinal_classification,fold_0,a,append_margin_feature,1,47,11,3,3.0,2.0
subject_overlap_session_cv,ordinal_classification,fold_0,a,append_margin_feature,1,48,11,4,4.0,2.0
subject_overlap_session_cv,ordinal_classification,fold_0,a,append_margin_feature,1,56,13,2,2.0,3.0
subject_overlap_session_cv,ordinal_classification,fold_0,a,append_margin_feature,1,58,13,4,4.0,3.0
subject_overlap_session_cv,ordinal_classification,fold_0,a,append_margin_feature,1,65,15,1,1.0,4.0
subject_overlap_session_cv,ordinal_classification,fold_0,b,baseline,1,0,1,1,1.0,3.0
subject_overlap_session_cv,ordinal_classification,fold_0,b,baseline,1,4,2,1,1.0,1.0
subject_overlap_session_cv,ordinal_classification,fold_0,b,baseline,1,8,3,0,0.0,0.0
subject_overlap_session_cv,ordinal_classification,fold_0,b,baseline,1,22,6,3,3.0,1.0
subject_overlap_session_cv,ordinal_classification,fold_0,b,baseline,1,26,7,2,2.0,3.0
subject_overlap_session_cv,ordinal_classification,fold_0,b,baseline,1,28,7,4,4.0,1.0
subject_overlap_session_cv,ordinal_classification,fold_0,b,baseline,1,31,8,2,2.0,2.0
subject_overlap_session_cv,ordinal_classification,fold_0,b,baseline,1,32,8,3,3.0,2.0
subject_overlap_session_cv,ordinal_classification,fold_0,b,baseline,1,34,9,0,0.0,4.0
subject_overlap_session_cv,ordinal_classification,fold_0,b,baseline,1,44,11,0,0.0,3.0
subject_overlap_session_cv,ordinal_classification,fold_0,b,baseline,1,47,11,3,3.0,2.0
subject_overlap_session_cv,ordinal_classification,fold_0,b,baseline,1,48,11,4,4.0,3.0
subject_overlap_session_cv,ordinal_classification,fold_0,b,baseline,1,56,13,2,2.0,4.0
subject_overlap_session_cv,ordinal_classification,fold_0,b,baseline,1,58,13,4,4.0,0.0
subject_overlap_session_cv,ordinal_classification,fold_0,b,baseline,1,65,15,1,1.0,2.0
subject_overlap_session_cv,ordinal_classification,fold_0,b,filter_negative_margin,1,0,1,1,1.0,3.0
subject_overlap_session_cv,ordinal_classification,fold_0,b,filter_negative_margin,1,4,2,1,1.0,1.0
subject_overlap_session_cv,ordinal_classification,fold_0,b,filter_negative_margin,1,8,3,0,0.0,0.0
subject_overlap_session_cv,ordinal_classification,fold_0,b,filter_negative_margin,1,22,6,3,3.0,2.0
subject_overlap_session_cv,ordinal_classification,fold_0,b,filter_negative_margin,1,26,7,2,2.0,3.0
subject_overlap_session_cv,ordinal_classification,fold_0,b,filter_negative_margin,1,28,7,4,4.0,1.0
subject_overlap_session_cv,ordinal_classification,fold_0,b,filter_negative_margin,1,31,8,2,2.0,2.0
subject_overlap_session_cv,ordinal_classification,fold_0,b,filter_negative_margin,1,32,8,3,3.0,2.0
subject_overlap_session_cv,ordinal_classification,fold_0,b,filter_negative_margin,1,34,9,0,0.0,4.0
subject_overlap_session_cv,ordinal_classification,fold_0,b,filter_negative_margin,1,44,11,0,0.0,3.0
subject_overlap_session_cv,ordinal_classification,fold_0,b,filter_negative_margin,1,47,11,3,3.0,2.0
subject_overlap_session_cv,ordinal_classification,fold_0,b,filter_negative_margin,1,48,11,4,4.0,2.0
subject_overlap_session_cv,ordinal_classification,fold_0,b,filter_negative_margin,1,56,13,2,2.0,4.0
subject_overlap_session_cv,ordinal_classification,fold_0,b,filter_negative_margin,1,58,13,4,4.0,0.0
subject_overlap_session_cv,ordinal_classification,fold_0,b,filter_negative_margin,1,65,15,1,1.0,2.0
subject_overlap_session_cv,ordinal_classification,fold_0,b,append_margin_feature,1,0,1,1,1.0,3.0
subject_overlap_session_cv,ordinal_classification,fold_0,b,append_margin_feature,1,4,2,1,1.0,1.0
subject_overlap_session_cv,ordinal_classification,fold_0,b,append_margin_feature,1,8,3,0,0.0,0.0
subject_overlap_session_cv,ordinal_classification,fold_0,b,append_margin_feature,1,22,6,3,3.0,1.0
subject_overlap_session_cv,ordinal_classification,fold_0,b,append_margin_feature,1,26,7,2,2.0,3.0
subject_overlap_session_cv,ordinal_classification,fold_0,b,append_margin_feature,1,28,7,4,4.0,1.0
subject_overlap_session_cv,ordinal_classification,fold_0,b,append_margin_feature,1,31,8,2,2.0,2.0
subject_overlap_session_cv,ordinal_classification,fold_0,b,append_margin_feature,1,32,8,3,3.0,2.0
subject_overlap_session_cv,ordinal_classification,fold_0,b,append_margin_feature,1,34,9,0,0.0,4.0
subject_overlap_session_cv,ordinal_classification,fold_0,b,append_margin_feature,1,44,11,0,0.0,3.0
subject_overlap_session_cv,ordinal_classification,fold_0,b,append_margin_feature,1,47,11,3,3.0,2.0
subject_overlap_session_cv,ordinal_classification,fold_0,b,append_margin_feature,1,48,11,4,4.0,3.0
subject_overlap_session_cv,ordinal_classification,fold_0,b,append_margin_feature,1,56,13,2,2.0,4.0
subject_overlap_session_cv,ordinal_classification,fold_0,b,append_margin_feature,1,58,13,4,4.0,0.0
subject_overlap_session_cv,ordinal_classification,fold_0,b,append_margin_feature,1,65,15,1,1.0,2.0
subject_overlap_session_cv,ordinal_classification,fold_1,a,baseline,1,2,1,3,3.0,2.0
subject_overlap_session_cv,ordinal_classification,fold_1,a,baseline,1,3,2,0,0.0,3.0
subject_overlap_session_cv,ordinal_classification,fold_1,a,baseline,1,9,3,2,2.0,2.0
subject_overlap_session_cv,ordinal_classification,fold_1,a,baseline,1,14,4,2,2.0,2.0
subject_overlap_session_cv,ordinal_classification,fold_1,a,baseline,1,16,5,0,0.0,2.0
subject_overlap_session_cv,ordinal_classification,fold_1,a,baseline,1,17,5,1,1.0,2.0
subject_overlap_session_cv,ordinal_classification,fold_1,a,baseline,1,23,6,4,4.0,2.0
subject_overlap_session_cv,ordinal_classification,fold_1,a,baseline,1,25,7,1,1.0,1.0
subject_overlap_session_cv,ordinal_classification,fold_1,a,baseline,1,30,8,1,1.0,1.0
subject_overlap_session_cv,ordinal_classification,fold_1,a,baseline,1,43,10,4,4.0,2.0
subject_overlap_session_cv,ordinal_classification,fold_1,a,baseline,1,51,12,2,2.0,2.0
subject_overlap_session_cv,ordinal_classification,fold_1,a,baseline,1,52,12,3,3.0,3.0
subject_overlap_session_cv,ordinal_classification,fold_1,a,baseline,1,62,14,3,3.0,2.0
subject_overlap_session_cv,ordinal_classification,fold_1,a,baseline,1,63,14,4,4.0,2.0
subject_overlap_session_cv,ordinal_classification,fold_1,a,baseline,1,64,15,0,0.0,2.0
subject_overlap_session_cv,ordinal_classification,fold_1,a,baseline,2,2,1,3,3.0,2.0
subject_overlap_session_cv,ordinal_classification,fold_1,a,baseline,2,3,2,0,0.0,3.0
subject_overlap_session_cv,ordinal_classification,fold_1,a,baseline,2,9,3,2,2.0,2.0
subject_overlap_session_cv,ordinal_classification,fold_1,a,baseline,2,14,4,2,2.0,2.0
subject_overlap_session_cv,ordinal_classification,fold_1,a,baseline,2,16,5,0,0.0,3.0
subject_overlap_session_cv,ordinal_classification,fold_1,a,baseline,2,17,5,1,1.0,3.0
subject_overlap_session_cv,ordinal_classification,fold_1,a,baseline,2,23,6,4,4.0,2.0
subject_overlap_session_cv,ordinal_classification,fold_1,a,baseline,2,25,7,1,1.0,1.0
subject_overlap_session_cv,ordinal_classification,fold_1,a,baseline,2,30,8,1,1.0,1.0
subject_overlap_session_cv,ordinal_classification,fold_1,a,baseline,2,43,10,4,4.0,2.0
subject_overlap_session_cv,ordinal_classification,fold_1,a,baseline,2,51,12,2,2.0,2.0
subject_overlap_session_cv,ordinal_classification,fold_1,a,baseline,2,52,12,3,3.0,4.0
subject_overlap_session_cv,ordinal_classification,fold_1,a,baseline,2,62,14,3,3.0,2.0
subject_overlap_session_cv,ordinal_classification,fold_1,a,baseline,2,63,14,4,4.0,2.0
subject_overlap_session_cv,ordinal_classification,fold_1,a,baseline,2,64,15,0,0.0,2.0
subject_overlap_session_cv,ordinal_classification,fold_1,a,baseline,3,2,1,3,3.0,2.0
subject_overlap_session_cv,ordinal_classification,fold_1,a,baseline,3,3,2,0,0.0,3.0
subject_overlap_session_cv,ordinal_classification,fold_1,a,baseline,3,9,3,2,2.0,2.0
subject_overlap_session_cv,ordinal_classification,fold_1,a,baseline,3,14,4,2,2.0,2.0
subject_overlap_session_cv,ordinal_classification,fold_1,a,baseline,3,16,5,0,0.0,3.0
subject_overlap_session_cv,ordinal_classification,fold_1,a,baseline,3,17,5,1,1.0,2.0
subject_overlap_session_cv,ordinal_classification,fold_1,a,baseline,3,23,6,4,4.0,2.0
subject_overlap_session_cv,ordinal_classification,fold_1,a,baseline,3,25,7,1,1.0,1.0
subject_overlap_session_cv,ordinal_classification,fold_1,a,baseline,3,30,8,1,1.0,1.0
subject_overlap_session_cv,ordinal_classification,fold_1,a,baseline,3,43,10,4,4.0,2.0
subject_overlap_session_cv,ordinal_classification,fold_1,a,baseline,3,51,12,2,2.0,2.0
subject_overlap_session_cv,ordinal_classification,fold_1,a,baseline,3,52,12,3,3.0,4.0
subject_overlap_session_cv,ordinal_classification,fold_1,a,baseline,3,62,14,3,3.0,2.0
subject_overlap_session_cv,ordinal_classification,fold_1,a,baseline,3,63,14,4,4.0,3.0
subject_overlap_session_cv,ordinal_classification,fold_1,a,baseline,3,64,15,0,0.0,2.0
subject_overlap_session_cv,ordinal_classification,fold_1,a,baseline,4,2,1,3,3.0,2.0
subject_overlap_session_cv,ordinal_classification,fold_1,a,baseline,4,3,2,0,0.0,3.0
subject_overlap_session_cv,ordinal_classification,fold_1,a,baseline,4,9,3,2,2.0,3.0
subject_overlap_session_cv,ordinal_classification,fold_1,a,baseline,4,14,4,2,2.0,2.0
subject_overlap_session_cv,ordinal_classification,fold_1,a,baseline,4,16,5,0,0.0,3.0
subject_overlap_session_cv,ordinal_classification,fold_1,a,baseline,4,17,5,1,1.0,2.0
subject_overlap_session_cv,ordinal_classification,fold_1,a,baseline,4,23,6,4,4.0,2.0
subject_overlap_session_cv,ordinal_classification,fold_1,a,baseline,4,25,7,1,1.0,1.0
subject_overlap_session_cv,ordinal_classification,fold_1,a,baseline,4,30,8,1,1.0,1.0
subject_overlap_session_cv,ordinal_classification,fold_1,a,baseline,4,43,10,4,4.0,2.0
subject_overlap_session_cv,ordinal_classification,fold_1,a,baseline,4,51,12,2,2.0,2.0
subject_overlap_session_cv,ordinal_classification,fold_1,a,baseline,4,52,12,3,3.0,4.0
subject_overlap_session_cv,ordinal_classification,fold_1,a,baseline,4,62,14,3,3.0,2.0
subject_overlap_session_cv,ordinal_classification,fold_1,a,baseline,4,63,14,4,4.0,2.0
subject_overlap_session_cv,ordinal_classification,fold_1,a,baseline,4,64,15,0,0.0,2.0
subject_overlap_session_cv,ordinal_classification,fold_1,a,baseline,5,2,1,3,3.0,2.0
subject_overlap_session_cv,ordinal_classification,fold_1,a,baseline,5,3,2,0,0.0,3.0
subject_overlap_session_cv,ordinal_classification,fold_1,a,baseline,5,9,3,2,2.0,2.0
subject_overlap_session_cv,ordinal_classification,fold_1,a,baseline,5,14,4,2,2.0,2.0
subject_overlap_session_cv,ordinal_classification,fold_1,a,baseline,5,16,5,0,0.0,3.0
subject_overlap_session_cv,ordinal_classification,fold_1,a,baseline,5,17,5,1,1.0,3.0
subject_overlap_session_cv,ordinal_classification,fold_1,a,baseline,5,23,6,4,4.0,2.0
subject_overlap_session_cv,ordinal_classification,fold_1,a,baseline,5,25,7,1,1.0,1.0
subject_overlap_session_cv,ordinal_classification,fold_1,a,baseline,5,30,8,1,1.0,1.0
subject_overlap_session_cv,ordinal_classification,fold_1,a,baseline,5,43,10,4,4.0,2.0
subject_overlap_session_cv,ordinal_classification,fold_1,a,baseline,5,51,12,2,2.0,2.0
subject_overlap_session_cv,ordinal_classification,fold_1,a,baseline,5,52,12,3,3.0,4.0
subject_overlap_session_cv,ordinal_classification,fold_1,a,baseline,5,62,14,3,3.0,2.0
subject_overlap_session_cv,ordinal_classification,fold_1,a,baseline,5,63,14,4,4.0,2.0
subject_overlap_session_cv,ordinal_classification,fold_1,a,baseline,5,64,15,0,0.0,2.0
subject_overlap_session_cv,ordinal_classification,fold_1,a,filter_negative_margin,1,2,1,3,3.0,2.0
subject_overlap_session_cv,ordinal_classification,fold_1,a,filter_negative_margin,1,3,2,0,0.0,3.0
subject_overlap_session_cv,ordinal_classification,fold_1,a,filter_negative_margin,1,9,3,2,2.0,3.0
subject_overlap_session_cv,ordinal_classification,fold_1,a,filter_negative_margin,1,14,4,2,2.0,2.0
subject_overlap_session_cv,ordinal_classification,fold_1,a,filter_negative_margin,1,16,5,0,0.0,2.0
subject_overlap_session_cv,ordinal_classification,fold_1,a,filter_negative_margin,1,17,5,1,1.0,3.0
subject_overlap_session_cv,ordinal_classification,fold_1,a,filter_negative_margin,1,23,6,4,4.0,2.0
subject_overlap_session_cv,ordinal_classification,fold_1,a,filter_negative_margin,1,25,7,1,1.0,2.0
subject_overlap_session_cv,ordinal_classification,fold_1,a,filter_negative_margin,1,30,8,1,1.0,1.0
subject_overlap_session_cv,ordinal_classification,fold_1,a,filter_negative_margin,1,43,10,4,4.0,2.0
subject_overlap_session_cv,ordinal_classification,fold_1,a,filter_negative_margin,1,51,12,2,2.0,2.0
subject_overlap_session_cv,ordinal_classification,fold_1,a,filter_negative_margin,1,52,12,3,3.0,4.0
subject_overlap_session_cv,ordinal_classification,fold_1,a,filter_negative_margin,1,62,14,3,3.0,2.0
subject_overlap_session_cv,ordinal_classification,fold_1,a,filter_negative_margin,1,63,14,4,4.0,2.0
subject_overlap_session_cv,ordinal_classification,fold_1,a,filter_negative_margin,1,64,15,0,0.0,2.0
subject_overlap_session_cv,ordinal_classification,fold_1,a,filter_negative_margin,2,2,1,3,3.0,2.0
subject_overlap_session_cv,ordinal_classification,fold_1,a,filter_negative_margin,2,3,2,0,0.0,3.0
subject_overlap_session_cv,ordinal_classification,fold_1,a,filter_negative_margin,2,9,3,2,2.0,3.0
subject_overlap_session_cv,ordinal_classification,fold_1,a,filter_negative_margin,2,14,4,2,2.0,2.0
subject_overlap_session_cv,ordinal_classification,fold_1,a,filter_negative_margin,2,16,5,0,0.0,2.0
subject_overlap_session_cv,ordinal_classification,fold_1,a,filter_negative_margin,2,17,5,1,1.0,3.0
subject_overlap_session_cv,ordinal_classification,fold_1,a,filter_negative_margin,2,23,6,4,4.0,2.0
subject_overlap_session_cv,ordinal_classification,fold_1,a,filter_negative_margin,2,25,7,1,1.0,1.0
subject_overlap_session_cv,ordinal_classification,fold_1,a,filter_negative_margin,2,30,8,1,1.0,1.0
subject_overlap_session_cv,ordinal_classification,fold_1,a,filter_negative_margin,2,43,10,4,4.0,2.0
subject_overlap_session_cv,ordinal_classification,fold_1,a,filter_negative_margin,2,51,12,2,2.0,2.0
subject_overlap_session_cv,ordinal_classification,fold_1,a,filter_negative_margin,2,52,12,3,3.0,4.0
subject_overlap_session_cv,ordinal_classification,fold_1,a,filter_negative_margin,2,62,14,3,3.0,2.0
subject_overlap_session_cv,ordinal_classification,fold_1,a,filter_negative_margin,2,63,14,4,4.0,2.0
subject_overlap_session_cv,ordinal_classification,fold_1,a,filter_negative_margin,2,64,15,0,0.0,2.0
subject_overlap_session_cv,ordinal_classification,fold_1,a,filter_negative_margin,3,2,1,3,3.0,2.0
subject_overlap_session_cv,ordinal_classification,fold_1,a,filter_negative_margin,3,3,2,0,0.0,3.0
subject_overlap_session_cv,ordinal_classification,fold_1,a,filter_negative_margin,3,9,3,2,2.0,3.0
subject_overlap_session_cv,ordinal_classification,fold_1,a,filter_negative_margin,3,14,4,2,2.0,2.0
subject_overlap_session_cv,ordinal_classification,fold_1,a,filter_negative_margin,3,16,5,0,0.0,2.0
subject_overlap_session_cv,ordinal_classification,fold_1,a,filter_negative_margin,3,17,5,1,1.0,3.0
subject_overlap_session_cv,ordinal_classification,fold_1,a,filter_negative_margin,3,23,6,4,4.0,2.0
subject_overlap_session_cv,ordinal_classification,fold_1,a,filter_negative_margin,3,25,7,1,1.0,2.0
subject_overlap_session_cv,ordinal_classification,fold_1,a,filter_negative_margin,3,30,8,1,1.0,1.0
subject_overlap_session_cv,ordinal_classification,fold_1,a,filter_negative_margin,3,43,10,4,4.0,2.0
subject_overlap_session_cv,ordinal_classification,fold_1,a,filter_negative_margin,3,51,12,2,2.0,2.0
subject_overlap_session_cv,ordinal_classification,fold_1,a,filter_negative_margin,3,52,12,3,3.0,4.0
subject_overlap_session_cv,ordinal_classification,fold_1,a,filter_negative_margin,3,62,14,3,3.0,2.0
subject_overlap_session_cv,ordinal_classification,fold_1,a,filter_negative_margin,3,63,14,4,4.0,2.0
subject_overlap_session_cv,ordinal_classification,fold_1,a,filter_negative_margin,3,64,15,0,0.0,2.0
subject_overlap_session_cv,ordinal_classification,fold_1,a,filter_negative_margin,4,2,1,3,3.0,2.0
subject_overlap_session_cv,ordinal_classification,fold_1,a,filter_negative_margin,4,3,2,0,0.0,3.0
subject_overlap_session_cv,ordinal_classification,fold_1,a,filter_negative_margin,4,9,3,2,2.0,3.0
subject_overlap_session_cv,ordinal_classification,fold_1,a,filter_negative_margin,4,14,4,2,2.0,2.0
subject_overlap_session_cv,ordinal_classification,fold_1,a,filter_negative_margin,4,16,5,0,0.0,3.0
subject_overlap_session_cv,ordinal_classification,fold_1,a,filter_negative_margin,4,17,5,1,1.0,3.0
subject_overlap_session_cv,ordinal_classification,fold_1,a,filter_negative_margin,4,23,6,4,4.0,2.0
subject_overlap_session_cv,ordinal_classification,fold_1,a,filter_negative_margin,4,25,7,1,1.0,1.0
subject_overlap_session_cv,ordinal_classification,fold_1,a,filter_negative_margin,4,30,8,1,1.0,1.0
subject_overlap_session_cv,ordinal_classification,fold_1,a,filter_negative_margin,4,43,10,4,4.0,2.0
subject_overlap_session_cv,ordinal_classification,fold_1,a,filter_negative_margin,4,51,12,2,2.0,2.0
subject_overlap_session_cv,ordinal_classification,fold_1,a,filter_negative_margin,4,52,12,3,3.0,4.0
subject_overlap_session_cv,ordinal_classification,fold_1,a,filter_negative_margin,4,62,14,3,3.0,2.0
subject_overlap_session_cv,ordinal_classification,fold_1,a,filter_negative_margin,4,63,14,4,4.0,2.0
subject_overlap_session_cv,ordinal_classification,fold_1,a,filter_negative_margin,4,64,15,0,0.0,2.0
subject_overlap_session_cv,ordinal_classification,fold_1,a,filter_negative_margin,5,2,1,3,3.0,2.0
subject_overlap_session_cv,ordinal_classification,fold_1,a,filter_negative_margin,5,3,2,0,0.0,3.0
subject_overlap_session_cv,ordinal_classification,fold_1,a,filter_negative_margin,5,9,3,2,2.0,3.0
subject_overlap_session_cv,ordinal_classification,fold_1,a,filter_negative_margin,5,14,4,2,2.0,2.0
subject_overlap_session_cv,ordinal_classification,fold_1,a,filter_negative_margin,5,16,5,0,0.0,2.0
subject_overlap_session_cv,ordinal_classification,fold_1,a,filter_negative_margin,5,17,5,1,1.0,3.0
subject_overlap_session_cv,ordinal_classification,fold_1,a,filter_negative_margin,5,23,6,4,4.0,2.0
subject_overlap_session_cv,ordinal_classification,fold_1,a,filter_negative_margin,5,25,7,1,1.0,2.0
subject_overlap_session_cv,ordinal_classification,fold_1,a,filter_negative_margin,5,30,8,1,1.0,1.0
subject_overlap_session_cv,ordinal_classification,fold_1,a,filter_negative_margin,5,43,10,4,4.0,2.0
subject_overlap_session_cv,ordinal_classification,fold_1,a,filter_negative_margin,5,51,12,2,2.0,1.0
subject_overlap_session_cv,ordinal_classification,fold_1,a,filter_negative_margin,5,52,12,3,3.0,4.0
subject_overlap_session_cv,ordinal_classification,fold_1,a,filter_negative_margin,5,62,14,3,3.0,2.0
subject_overlap_session_cv,ordinal_classification,fold_1,a,filter_negative_margin,5,63,14,4,4.0,2.0
subject_overlap_session_cv,ordinal_classification,fold_1,a,filter_negative_margin,5,64,15,0,0.0,2.0
subject_overlap_session_cv,ordinal_classification,fold_1,a,append_margin_feature,1,2,1,3,3.0,2.0
subject_overlap_session_cv,ordinal_classification,fold_1,a,append_margin_feature,1,3,2,0,0.0,3.0
subject_overlap_session_cv,ordinal_classification,fold_1,a,append_margin_feature,1,9,3,2,2.0,2.0
subject_overlap_session_cv,ordinal_classification,fold_1,a,append_margin_feature,1,14,4,2,2.0,2.0
subject_overlap_session_cv,ordinal_classification,fold_1,a,append_margin_feature,1,16,5,0,0.0,2.0
subject_overlap_session_cv,ordinal_classification,fold_1,a,append_margin_feature,1,17,5,1,1.0,2.0
subject_overlap_session_cv,ordinal_classification,fold_1,a,append_margin_feature,1,23,6,4,4.0,2.0
subject_overlap_session_cv,ordinal_classification,fold_1,a,append_margin_feature,1,25,7,1,1.0,1.0
subject_overlap_session_cv,ordinal_classification,fold_1,a,append_margin_feature,1,30,8,1,1.0,1.0
subject_overlap_session_cv,ordinal_classification,fold_1,a,append_margin_feature,1,43,10,4,4.0,2.0
subject_overlap_session_cv,ordinal_classification,fold_1,a,append_margin_feature,1,51,12,2,2.0,2.0
subject_overlap_session_cv,ordinal_classification,fold_1,a,append_margin_feature,1,52,12,3,3.0,3.0
subject_overlap_session_cv,ordinal_classification,fold_1,a,append_margin_feature,1,62,14,3,3.0,2.0
subject_overlap_session_cv,ordinal_classification,fold_1,a,append_margin_feature,1,63,14,4,4.0,2.0
subject_overlap_session_cv,ordinal_classification,fold_1,a,append_margin_feature,1,64,15,0,0.0,2.0
subject_overlap_session_cv,ordinal_classification,fold_1,a,append_margin_feature,2,2,1,3,3.0,2.0
subject_overlap_session_cv,ordinal_classification,fold_1,a,append_margin_feature,2,3,2,0,0.0,3.0
subject_overlap_session_cv,ordinal_classification,fold_1,a,append_margin_feature,2,9,3,2,2.0,2.0
subject_overlap_session_cv,ordinal_classification,fold_1,a,append_margin_feature,2,14,4,2,2.0,2.0
subject_overlap_session_cv,ordinal_classification,fold_1,a,append_margin_feature,2,16,5,0,0.0,3.0
subject_overlap_session_cv,ordinal_classification,fold_1,a,append_margin_feature,2,17,5,1,1.0,3.0
subject_overlap_session_cv,ordinal_classification,fold_1,a,append_margin_feature,2,23,6,4,4.0,2.0
subject_overlap_session_cv,ordinal_classification,fold_1,a,append_margin_feature,2,25,7,1,1.0,1.0
subject_overlap_session_cv,ordinal_classification,fold_1,a,append_margin_feature,2,30,8,1,1.0,1.0
subject_overlap_session_cv,ordinal_classification,fold_1,a,append_margin_feature,2,43,10,4,4.0,2.0
subject_overlap_session_cv,ordinal_classification,fold_1,a,append_margin_feature,2,51,12,2,2.0,2.0
subject_overlap_session_cv,ordinal_classification,fold_1,a,append_margin_feature,2,52,12,3,3.0,4.0
subject_overlap_session_cv,ordinal_classification,fold_1,a,append_margin_feature,2,62,14,3,3.0,2.0
subject_overlap_session_cv,ordinal_classification,fold_1,a,append_margin_feature,2,63,14,4,4.0,2.0
subject_overlap_session_cv,ordinal_classification,fold_1,a,append_margin_feature,2,64,15,0,0.0,2.0
subject_overlap_session_cv,ordinal_classification,fold_1,a,append_margin_feature,3,2,1,3,3.0,2.0
subject_overlap_session_cv,ordinal_classification,fold_1,a,append_margin_feature,3,3,2,0,0.0,3.0
subject_overlap_session_cv,ordinal_classification,fold_1,a,append_margin_feature,3,9,3,2,2.0,2.0
subject_overlap_session_cv,ordinal_classification,fold_1,a,append_margin_feature,3,14,4,2,2.0,2.0
subject_overlap_session_cv,ordinal_classification,fold_1,a,append_margin_feature,3,16,5,0,0.0,2.0
subject_overlap_session_cv,ordinal_classification,fold_1,a,append_margin_feature,3,17,5,1,1.0,2.0
subject_overlap_session_cv,ordinal_classification,fold_1,a,append_margin_feature,3,23,6,4,4.0,2.0
subject_overlap_session_cv,ordinal_classification,fold_1,a,append_margin_feature,3,25,7,1,1.0,1.0
subject_overlap_session_cv,ordinal_classification,fold_1,a,append_margin_feature,3,30,8,1,1.0,1.0
subject_overlap_session_cv,ordinal_classification,fold_1,a,append_margin_feature,3,43,10,4,4.0,2.0
subject_overlap_session_cv,ordinal_classification,fold_1,a,append_margin_feature,3,51,12,2,2.0,2.0
subject_overlap_session_cv,ordinal_classification,fold_1,a,append_margin_feature,3,52,12,3,3.0,4.0
subject_overlap_session_cv,ordinal_classification,fold_1,a,append_margin_feature,3,62,14,3,3.0,2.0
subject_overlap_session_cv,ordinal_classification,fold_1,a,append_margin_feature,3,63,14,4,4.0,3.0
subject_overlap_session_cv,ordinal_classification,fold_1,a,append_margin_feature,3,64,15,0,0.0,3.0
subject_overlap_session_cv,ordinal_classification,fold_1,a,append_margin_feature,4,2,1,3,3.0,2.0
subject_overlap_session_cv,ordinal_classification,fold_1,a,append_margin_feature,4,3,2,0,0.0,3.0
subject_overlap_session_cv,ordinal_classification,fold_1,a,append_margin_feature,4,9,3,2,2.0,2.0
subject_overlap_session_cv,ordinal_classification,fold_1,a,append_margin_feature,4,14,4,2,2.0,2.0
subject_overlap_session_cv,ordinal_classification,fold_1,a,append_margin_feature,4,16,5,0,0.0,3.0
subject_overlap_session_cv,ordinal_classification,fold_1,a,append_margin_feature,4,17,5,1,1.0,3.0
subject_overlap_session_cv,ordinal_classification,fold_1,a,append_margin_feature,4,23,6,4,4.0,2.0
subject_overlap_session_cv,ordinal_classification,fold_1,a,append_margin_feature,4,25,7,1,1.0,1.0
subject_overlap_session_cv,ordinal_classification,fold_1,a,append_margin_feature,4,30,8,1,1.0,1.0
subject_overlap_session_cv,ordinal_classification,fold_1,a,append_margin_feature,4,43,10,4,4.0,2.0
subject_overlap_session_cv,ordinal_classification,fold_1,a,append_margin_feature,4,51,12,2,2.0,2.0
subject_overlap_session_cv,ordinal_classification,fold_1,a,append_margin_feature,4,52,12,3,3.0,4.0
subject_overlap_session_cv,ordinal_classification,fold_1,a,append_margin_feature,4,62,14,3,3.0,2.0
subject_overlap_session_cv,ordinal_classification,fold_1,a,append_margin_feature,4,63,14,4,4.0,2.0
subject_overlap_session_cv,ordinal_classification,fold_1,a,append_margin_feature,4,64,15,0,0.0,3.0
subject_overlap_session_cv,ordinal_classification,fold_1,a,append_margin_feature,5,2,1,3,3.0,2.0
subject_overlap_session_cv,ordinal_classification,fold_1,a,append_margin_feature,5,3,2,0,0.0,3.0
subject_overlap_session_cv,ordinal_classification,fold_1,a,append_margin_feature,5,9,3,2,2.0,2.0
subject_overlap_session_cv,ordinal_classification,fold_1,a,append_margin_feature,5,14,4,2,2.0,2.0
subject_overlap_session_cv,ordinal_classification,fold_1,a,append_margin_feature,5,16,5,0,0.0,2.0
subject_overlap_session_cv,ordinal_classification,fold_1,a,append_margin_feature,5,17,5,1,1.0,3.0
subject_overlap_session_cv,ordinal_classification,fold_1,a,append_margin_feature,5,23,6,4,4.0,2.0
subject_overlap_session_cv,ordinal_classification,fold_1,a,append_margin_feature,5,25,7,1,1.0,1.0
subject_overlap_session_cv,ordinal_classification,fold_1,a,append_margin_feature,5,30,8,1,1.0,1.0
subject_overlap_session_cv,ordinal_classification,fold_1,a,append_margin_feature,5,43,10,4,4.0,2.0
subject_overlap_session_cv,ordinal_classification,fold_1,a,append_margin_feature,5,51,12,2,2.0,2.0
subject_overlap_session_cv,ordinal_classification,fold_1,a,append_margin_feature,5,52,12,3,3.0,4.0
subject_overlap_session_cv,ordinal_classification,fold_1,a,append_margin_feature,5,62,14,3,3.0,2.0
subject_overlap_session_cv,ordinal_classification,fold_1,a,append_margin_feature,5,63,14,4,4.0,2.0
subject_overlap_session_cv,ordinal_classification,fold_1,a,append_margin_feature,5,64,15,0,0.0,2.0
subject_overlap_session_cv,ordinal_classification,fold_1,b,baseline,1,2,1,3,3.0,0.0
subject_overlap_session_cv,ordinal_classification,fold_1,b,baseline,1,3,2,0,0.0,4.0
subject_overlap_session_cv,ordinal_classification,fold_1,b,baseline,1,9,3,2,2.0,2.0
subject_overlap_session_cv,ordinal_classification,fold_1,b,baseline,1,14,4,2,2.0,2.0
subject_overlap_session_cv,ordinal_classification,fold_1,b,baseline,1,16,5,0,0.0,4.0
subject_overlap_session_cv,ordinal_classification,fold_1,b,baseline,1,17,5,1,1.0,1.0
subject_overlap_session_cv,ordinal_classification,fold_1,b,baseline,1,23,6,4,4.0,3.0
subject_overlap_session_cv,ordinal_classification,fold_1,b,baseline,1,25,7,1,1.0,0.0
subject_overlap_session_cv,ordinal_classification,fold_1,b,baseline,1,30,8,1,1.0,0.0
subject_overlap_session_cv,ordinal_classification,fold_1,b,baseline,1,43,10,4,4.0,1.0
subject_overlap_session_cv,ordinal_classification,fold_1,b,baseline,1,51,12,2,2.0,0.0
subject_overlap_session_cv,ordinal_classification,fold_1,b,baseline,1,52,12,3,3.0,0.0
subject_overlap_session_cv,ordinal_classification,fold_1,b,baseline,1,62,14,3,3.0,2.0
subject_overlap_session_cv,ordinal_classification,fold_1,b,baseline,1,63,14,4,4.0,3.0
subject_overlap_session_cv,ordinal_classification,fold_1,b,baseline,1,64,15,0,0.0,3.0
subject_overlap_session_cv,ordinal_classification,fold_1,b,filter_negative_margin,1,2,1,3,3.0,1.0
subject_overlap_session_cv,ordinal_classification,fold_1,b,filter_negative_margin,1,3,2,0,0.0,4.0
subject_overlap_session_cv,ordinal_classification,fold_1,b,filter_negative_margin,1,9,3,2,2.0,2.0
subject_overlap_session_cv,ordinal_classification,fold_1,b,filter_negative_margin,1,14,4,2,2.0,2.0
subject_overlap_session_cv,ordinal_classification,fold_1,b,filter_negative_margin,1,16,5,0,0.0,4.0
subject_overlap_session_cv,ordinal_classification,fold_1,b,filter_negative_margin,1,17,5,1,1.0,1.0
subject_overlap_session_cv,ordinal_classification,fold_1,b,filter_negative_margin,1,23,6,4,4.0,3.0
subject_overlap_session_cv,ordinal_classification,fold_1,b,filter_negative_margin,1,25,7,1,1.0,0.0
subject_overlap_session_cv,ordinal_classification,fold_1,b,filter_negative_margin,1,30,8,1,1.0,1.0
subject_overlap_session_cv,ordinal_classification,fold_1,b,filter_negative_margin,1,43,10,4,4.0,1.0
subject_overlap_session_cv,ordinal_classification,fold_1,b,filter_negative_margin,1,51,12,2,2.0,0.0
subject_overlap_session_cv,ordinal_classification,fold_1,b,filter_negative_margin,1,52,12,3,3.0,0.0
subject_overlap_session_cv,ordinal_classification,fold_1,b,filter_negative_margin,1,62,14,3,3.0,2.0
subject_overlap_session_cv,ordinal_classification,fold_1,b,filter_negative_margin,1,63,14,4,4.0,3.0
subject_overlap_session_cv,ordinal_classification,fold_1,b,filter_negative_margin,1,64,15,0,0.0,3.0
subject_overlap_session_cv,ordinal_classification,fold_1,b,append_margin_feature,1,2,1,3,3.0,0.0
subject_overlap_session_cv,ordinal_classification,fold_1,b,append_margin_feature,1,3,2,0,0.0,4.0
subject_overlap_session_cv,ordinal_classification,fold_1,b,append_margin_feature,1,9,3,2,2.0,2.0
subject_overlap_session_cv,ordinal_classification,fold_1,b,append_margin_feature,1,14,4,2,2.0,2.0
subject_overlap_session_cv,ordinal_classification,fold_1,b,append_margin_feature,1,16,5,0,0.0,4.0
subject_overlap_session_cv,ordinal_classification,fold_1,b,append_margin_feature,1,17,5,1,1.0,1.0
subject_overlap_session_cv,ordinal_classification,fold_1,b,append_margin_feature,1,23,6,4,4.0,3.0
subject_overlap_session_cv,ordinal_classification,fold_1,b,append_margin_feature,1,25,7,1,1.0,0.0
subject_overlap_session_cv,ordinal_classification,fold_1,b,append_margin_feature,1,30,8,1,1.0,0.0
subject_overlap_session_cv,ordinal_classification,fold_1,b,append_margin_feature,1,43,10,4,4.0,1.0
subject_overlap_session_cv,ordinal_classification,fold_1,b,append_margin_feature,1,51,12,2,2.0,0.0
subject_overlap_session_cv,ordinal_classification,fold_1,b,append_margin_feature,1,52,12,3,3.0,0.0
subject_overlap_session_cv,ordinal_classification,fold_1,b,append_margin_feature,1,62,14,3,3.0,2.0
subject_overlap_session_cv,ordinal_classification,fold_1,b,append_margin_feature,1,63,14,4,4.0,3.0
subject_overlap_session_cv,ordinal_classification,fold_1,b,append_margin_feature,1,64,15,0,0.0,3.0
subject_overlap_session_cv,ordinal_classification,fold_2,a,baseline,1,10,3,3,3.0,3.0
subject_overlap_session_cv,ordinal_classification,fold_2,a,baseline,1,13,4,1,1.0,2.0
subject_overlap_session_cv,ordinal_classification,fold_2,a,baseline,1,18,5,2,2.0,1.0
subject_overlap_session_cv,ordinal_classification,fold_2,a,baseline,1,19,5,4,4.0,3.0
subject_overlap_session_cv,ordinal_classification,fold_2,a,baseline,1,20,6,1,1.0,4.0
subject_overlap_session_cv,ordinal_classification,fold_2,a,baseline,1,27,7,3,3.0,2.0
subject_overlap_session_cv,ordinal_classification,fold_2,a,baseline,1,29,8,0,0.0,2.0
subject_overlap_session_cv,ordinal_classification,fold_2,a,baseline,1,38,9,4,4.0,2.0
subject_overlap_session_cv,ordinal_classification,fold_2,a,baseline,1,39,10,0,0.0,2.0
subject_overlap_session_cv,ordinal_classification,fold_2,a,baseline,1,41,10,2,2.0,2.0
subject_overlap_session_cv,ordinal_classification,fold_2,a,baseline,1,42,10,3,3.0,1.0
subject_overlap_session_cv,ordinal_classification,fold_2,a,baseline,1,46,11,2,2.0,2.0
subject_overlap_session_cv,ordinal_classification,fold_2,a,baseline,1,53,12,4,4.0,4.0
subject_overlap_session_cv,ordinal_classification,fold_2,a,baseline,1,54,13,0,0.0,3.0
subject_overlap_session_cv,ordinal_classification,fold_2,a,baseline,1,60,14,1,1.0,2.0
subject_overlap_session_cv,ordinal_classification,fold_2,a,baseline,2,10,3,3,3.0,3.0
subject_overlap_session_cv,ordinal_classification,fold_2,a,baseline,2,13,4,1,1.0,2.0
subject_overlap_session_cv,ordinal_classification,fold_2,a,baseline,2,18,5,2,2.0,1.0
subject_overlap_session_cv,ordinal_classification,fold_2,a,baseline,2,19,5,4,4.0,3.0
subject_overlap_session_cv,ordinal_classification,fold_2,a,baseline,2,20,6,1,1.0,3.0
subject_overlap_session_cv,ordinal_classification,fold_2,a,baseline,2,27,7,3,3.0,2.0
subject_overlap_session_cv,ordinal_classification,fold_2,a,baseline,2,29,8,0,0.0,2.0
subject_overlap_session_cv,ordinal_classification,fold_2,a,baseline,2,38,9,4,4.0,2.0
subject_overlap_session_cv,ordinal_classification,fold_2,a,baseline,2,39,10,0,0.0,2.0
subject_overlap_session_cv,ordinal_classification,fold_2,a,baseline,2,41,10,2,2.0,2.0
subject_overlap_session_cv,ordinal_classification,fold_2,a,baseline,2,42,10,3,3.0,1.0
subject_overlap_session_cv,ordinal_classification,fold_2,a,baseline,2,46,11,2,2.0,2.0
subject_overlap_session_cv,ordinal_classification,fold_2,a,baseline,2,53,12,4,4.0,4.0
subject_overlap_session_cv,ordinal_classification,fold_2,a,baseline,2,54,13,0,0.0,2.0
subject_overlap_session_cv,ordinal_classification,fold_2,a,baseline,2,60,14,1,1.0,2.0
subject_overlap_session_cv,ordinal_classification,fold_2,a,baseline,3,10,3,3,3.0,3.0
subject_overlap_session_cv,ordinal_classification,fold_2,a,baseline,3,13,4,1,1.0,2.0
subject_overlap_session_cv,ordinal_classification,fold_2,a,baseline,3,18,5,2,2.0,1.0
subject_overlap_session_cv,ordinal_classification,fold_2,a,baseline,3,19,5,4,4.0,3.0
subject_overlap_session_cv,ordinal_classification,fold_2,a,baseline,3,20,6,1,1.0,3.0
subject_overlap_session_cv,ordinal_classification,fold_2,a,baseline,3,27,7,3,3.0,2.0
subject_overlap_session_cv,ordinal_classification,fold_2,a,baseline,3,29,8,0,0.0,2.0
subject_overlap_session_cv,ordinal_classification,fold_2,a,baseline,3,38,9,4,4.0,2.0
subject_overlap_session_cv,ordinal_classification,fold_2,a,baseline,3,39,10,0,0.0,2.0
subject_overlap_session_cv,ordinal_classification,fold_2,a,baseline,3,41,10,2,2.0,1.0
subject_overlap_session_cv,ordinal_classification,fold_2,a,baseline,3,42,10,3,3.0,1.0
subject_overlap_session_cv,ordinal_classification,fold_2,a,baseline,3,46,11,2,2.0,3.0
subject_overlap_session_cv,ordinal_classification,fold_2,a,baseline,3,53,12,4,4.0,4.0
subject_overlap_session_cv,ordinal_classification,fold_2,a,baseline,3,54,13,0,0.0,2.0
subject_overlap_session_cv,ordinal_classification,fold_2,a,baseline,3,60,14,1,1.0,2.0
subject_overlap_session_cv,ordinal_classification,fold_2,a,baseline,4,10,3,3,3.0,3.0
subject_overlap_session_cv,ordinal_classification,fold_2,a,baseline,4,13,4,1,1.0,2.0
subject_overlap_session_cv,ordinal_classification,fold_2,a,baseline,4,18,5,2,2.0,1.0
subject_overlap_session_cv,ordinal_classification,fold_2,a,baseline,4,19,5,4,4.0,3.0
subject_overlap_session_cv,ordinal_classification,fold_2,a,baseline,4,20,6,1,1.0,4.0
subject_overlap_session_cv,ordinal_classification,fold_2,a,baseline,4,27,7,3,3.0,2.0
subject_overlap_session_cv,ordinal_classification,fold_2,a,baseline,4,29,8,0,0.0,2.0
subject_overlap_session_cv,ordinal_classification,fold_2,a,baseline,4,38,9,4,4.0,2.0
subject_overlap_session_cv,ordinal_classification,fold_2,a,baseline,4,39,10,0,0.0,2.0
subject_overlap_session_cv,ordinal_classification,fold_2,a,baseline,4,41,10,2,2.0,2.0
subject_overlap_session_cv,ordinal_classification,fold_2,a,baseline,4,42,10,3,3.0,1.0
subject_overlap_session_cv,ordinal_classification,fold_2,a,baseline,4,46,11,2,2.0,2.0
subject_overlap_session_cv,ordinal_classification,fold_2,a,baseline,4,53,12,4,4.0,4.0
subject_overlap_session_cv,ordinal_classification,fold_2,a,baseline,4,54,13,0,0.0,3.0
subject_overlap_session_cv,ordinal_classification,fold_2,a,baseline,4,60,14,1,1.0,2.0
subject_overlap_session_cv,ordinal_classification,fold_2,a,baseline,5,10,3,3,3.0,3.0
subject_overlap_session_cv,ordinal_classification,fold_2,a,baseline,5,13,4,1,1.0,2.0
subject_overlap_session_cv,ordinal_classification,fold_2,a,baseline,5,18,5,2,2.0,1.0
subject_overlap_session_cv,ordinal_classification,fold_2,a,baseline,5,19,5,4,4.0,3.0
subject_overlap_session_cv,ordinal_classification,fold_2,a,baseline,5,20,6,1,1.0,3.0
subject_overlap_session_cv,ordinal_classification,fold_2,a,baseline,5,27,7,3,3.0,2.0
subject_overlap_session_cv,ordinal_classification,fold_2,a,baseline,5,29,8,0,0.0,2.0
subject_overlap_session_cv,ordinal_classification,fold_2,a,baseline,5,38,9,4,4.0,2.0
subject_overlap_session_cv,ordinal_classification,fold_2,a,baseline,5,39,10,0,0.0,2.0
subject_overlap_session_cv,ordinal_classification,fold_2,a,baseline,5,41,10,2,2.0,1.0
subject_overlap_session_cv,ordinal_classification,fold_2,a,baseline,5,42,10,3,3.0,1.0
subject_overlap_session_cv,ordinal_classification,fold_2,a,baseline,5,46,11,2,2.0,2.0
subject_overlap_session_cv,ordinal_classification,fold_2,a,baseline,5,53,12,4,4.0,4.0
subject_overlap_session_cv,ordinal_classification,fold_2,a,baseline,5,54,13,0,0.0,3.0
subject_overlap_session_cv,ordinal_classification,fold_2,a,baseline,5,60,14,1,1.0,1.0
subject_overlap_session_cv,ordinal_classification,fold_2,a,filter_negative_margin,1,10,3,3,3.0,2.0
subject_overlap_session_cv,ordinal_classification,fold_2,a,filter_negative_margin,1,13,4,1,1.0,3.0
subject_overlap_session_cv,ordinal_classification,fold_2,a,filter_negative_margin,1,18,5,2,2.0,1.0
subject_overlap_session_cv,ordinal_classification,fold_2,a,filter_negative_margin,1,19,5,4,4.0,3.0
subject_overlap_session_cv,ordinal_classification,fold_2,a,filter_negative_margin,1,20,6,1,1.0,4.0
subject_overlap_session_cv,ordinal_classification,fold_2,a,filter_negative_margin,1,27,7,3,3.0,1.0
subject_overlap_session_cv,ordinal_classification,fold_2,a,filter_negative_margin,1,29,8,0,0.0,1.0
subject_overlap_session_cv,ordinal_classification,fold_2,a,filter_negative_margin,1,38,9,4,4.0,2.0
subject_overlap_session_cv,ordinal_classification,fold_2,a,filter_negative_margin,1,39,10,0,0.0,2.0
subject_overlap_session_cv,ordinal_classification,fold_2,a,filter_negative_margin,1,41,10,2,2.0,2.0
subject_overlap_session_cv,ordinal_classification,fold_2,a,filter_negative_margin,1,42,10,3,3.0,1.0
subject_overlap_session_cv,ordinal_classification,fold_2,a,filter_negative_margin,1,46,11,2,2.0,2.0
subject_overlap_session_cv,ordinal_classification,fold_2,a,filter_negative_margin,1,53,12,4,4.0,3.0
subject_overlap_session_cv,ordinal_classification,fold_2,a,filter_negative_margin,1,54,13,0,0.0,2.0
subject_overlap_session_cv,ordinal_classification,fold_2,a,filter_negative_margin,1,60,14,1,1.0,1.0
subject_overlap_session_cv,ordinal_classification,fold_2,a,filter_negative_margin,2,10,3,3,3.0,2.0
subject_overlap_session_cv,ordinal_classification,fold_2,a,filter_negative_margin,2,13,4,1,1.0,3.0
subject_overlap_session_cv,ordinal_classification,fold_2,a,filter_negative_margin,2,18,5,2,2.0,1.0
subject_overlap_session_cv,ordinal_classification,fold_2,a,filter_negative_margin,2,19,5,4,4.0,3.0
subject_overlap_session_cv,ordinal_classification,fold_2,a,filter_negative_margin,2,20,6,1,1.0,4.0
subject_overlap_session_cv,ordinal_classification,fold_2,a,filter_negative_margin,2,27,7,3,3.0,1.0
subject_overlap_session_cv,ordinal_classification,fold_2,a,filter_negative_margin,2,29,8,0,0.0,1.0
subject_overlap_session_cv,ordinal_classification,fold_2,a,filter_negative_margin,2,38,9,4,4.0,2.0
subject_overlap_session_cv,ordinal_classification,fold_2,a,filter_negative_margin,2,39,10,0,0.0,2.0
subject_overlap_session_cv,ordinal_classification,fold_2,a,filter_negative_margin,2,41,10,2,2.0,2.0
subject_overlap_session_cv,ordinal_classification,fold_2,a,filter_negative_margin,2,42,10,3,3.0,1.0
subject_overlap_session_cv,ordinal_classification,fold_2,a,filter_negative_margin,2,46,11,2,2.0,3.0
subject_overlap_session_cv,ordinal_classification,fold_2,a,filter_negative_margin,2,53,12,4,4.0,2.0
subject_overlap_session_cv,ordinal_classification,fold_2,a,filter_negative_margin,2,54,13,0,0.0,2.0
subject_overlap_session_cv,ordinal_classification,fold_2,a,filter_negative_margin,2,60,14,1,1.0,1.0
subject_overlap_session_cv,ordinal_classification,fold_2,a,filter_negative_margin,3,10,3,3,3.0,2.0
subject_overlap_session_cv,ordinal_classification,fold_2,a,filter_negative_margin,3,13,4,1,1.0,3.0
subject_overlap_session_cv,ordinal_classification,fold_2,a,filter_negative_margin,3,18,5,2,2.0,1.0
subject_overlap_session_cv,ordinal_classification,fold_2,a,filter_negative_margin,3,19,5,4,4.0,3.0
subject_overlap_session_cv,ordinal_classification,fold_2,a,filter_negative_margin,3,20,6,1,1.0,4.0
subject_overlap_session_cv,ordinal_classification,fold_2,a,filter_negative_margin,3,27,7,3,3.0,1.0
subject_overlap_session_cv,ordinal_classification,fold_2,a,filter_negative_margin,3,29,8,0,0.0,1.0
subject_overlap_session_cv,ordinal_classification,fold_2,a,filter_negative_margin,3,38,9,4,4.0,2.0
subject_overlap_session_cv,ordinal_classification,fold_2,a,filter_negative_margin,3,39,10,0,0.0,2.0
subject_overlap_session_cv,ordinal_classification,fold_2,a,filter_negative_margin,3,41,10,2,2.0,2.0
subject_overlap_session_cv,ordinal_classification,fold_2,a,filter_negative_margin,3,42,10,3,3.0,1.0
subject_overlap_session_cv,ordinal_classification,fold_2,a,filter_negative_margin,3,46,11,2,2.0,2.0
subject_overlap_session_cv,ordinal_classification,fold_2,a,filter_negative_margin,3,53,12,4,4.0,3.0
subject_overlap_session_cv,ordinal_classification,fold_2,a,filter_negative_margin,3,54,13,0,0.0,3.0
subject_overlap_session_cv,ordinal_classification,fold_2,a,filter_negative_margin,3,60,14,1,1.0,1.0
subject_overlap_session_cv,ordinal_classification,fold_2,a,filter_negative_margin,4,10,3,3,3.0,2.0
subject_overlap_session_cv,ordinal_classification,fold_2,a,filter_negative_margin,4,13,4,1,1.0,2.0
subject_overlap_session_cv,ordinal_classification,fold_2,a,filter_negative_margin,4,18,5,2,2.0,1.0
subject_overlap_session_cv,ordinal_classification,fold_2,a,filter_negative_margin,4,19,5,4,4.0,3.0
subject_overlap_session_cv,ordinal_classification,fold_2,a,filter_negative_margin,4,20,6,1,1.0,4.0
subject_overlap_session_cv,ordinal_classification,fold_2,a,filter_negative_margin,4,27,7,3,3.0,1.0
subject_overlap_session_cv,ordinal_classification,fold_2,a,filter_negative_margin,4,29,8,0,0.0,1.0
subject_overlap_session_cv,ordinal_classification,fold_2,a,filter_negative_margin,4,38,9,4,4.0,2.0
subject_overlap_session_cv,ordinal_classification,fold_2,a,filter_negative_margin,4,39,10,0,0.0,2.0
subject_overlap_session_cv,ordinal_classification,fold_2,a,filter_negative_margin,4,41,10,2,2.0,2.0
subject_overlap_session_cv,ordinal_classification,fold_2,a,filter_negative_margin,4,42,10,3,3.0,1.0
subject_overlap_session_cv,ordinal_classification,fold_2,a,filter_negative_margin,4,46,11,2,2.0,2.0
subject_overlap_session_cv,ordinal_classification,fold_2,a,filter_negative_margin,4,53,12,4,4.0,3.0
subject_overlap_session_cv,ordinal_classification,fold_2,a,filter_negative_margin,4,54,13,0,0.0,3.0
subject_overlap_session_cv,ordinal_classification,fold_2,a,filter_negative_margin,4,60,14,1,1.0,1.0
subject_overlap_session_cv,ordinal_classification,fold_2,a,filter_negative_margin,5,10,3,3,3.0,2.0
subject_overlap_session_cv,ordinal_classification,fold_2,a,filter_negative_margin,5,13,4,1,1.0,3.0
subject_overlap_session_cv,ordinal_classification,fold_2,a,filter_negative_margin,5,18,5,2,2.0,1.0
subject_overlap_session_cv,ordinal_classification,fold_2,a,filter_negative_margin,5,19,5,4,4.0,3.0
subject_overlap_session_cv,ordinal_classification,fold_2,a,filter_negative_margin,5,20,6,1,1.0,4.0
subject_overlap_session_cv,ordinal_classification,fold_2,a,filter_negative_margin,5,27,7,3,3.0,1.0
subject_overlap_session_cv,ordinal_classification,fold_2,a,filter_negative_margin,5,29,8,0,0.0,1.0
subject_overlap_session_cv,ordinal_classification,fold_2,a,filter_negative_margin,5,38,9,4,4.0,2.0
subject_overlap_session_cv,ordinal_classification,fold_2,a,filter_negative_margin,5,39,10,0,0.0,2.0
subject_overlap_session_cv,ordinal_classification,fold_2,a,filter_negative_margin,5,41,10,2,2.0,2.0
subject_overlap_session_cv,ordinal_classification,fold_2,a,filter_negative_margin,5,42,10,3,3.0,1.0
subject_overlap_session_cv,ordinal_classification,fold_2,a,filter_negative_margin,5,46,11,2,2.0,2.0
subject_overlap_session_cv,ordinal_classification,fold_2,a,filter_negative_margin,5,53,12,4,4.0,3.0
subject_overlap_session_cv,ordinal_classification,fold_2,a,filter_negative_margin,5,54,13,0,0.0,3.0
subject_overlap_session_cv,ordinal_classification,fold_2,a,filter_negative_margin,5,60,14,1,1.0,1.0
subject_overlap_session_cv,ordinal_classification,fold_2,a,append_margin_feature,1,10,3,3,3.0,3.0
subject_overlap_session_cv,ordinal_classification,fold_2,a,append_margin_feature,1,13,4,1,1.0,2.0
subject_overlap_session_cv,ordinal_classification,fold_2,a,append_margin_feature,1,18,5,2,2.0,1.0
subject_overlap_session_cv,ordinal_classification,fold_2,a,append_margin_feature,1,19,5,4,4.0,3.0
subject_overlap_session_cv,ordinal_classification,fold_2,a,append_margin_feature,1,20,6,1,1.0,3.0
subject_overlap_session_cv,ordinal_classification,fold_2,a,append_margin_feature,1,27,7,3,3.0,2.0
subject_overlap_session_cv,ordinal_classification,fold_2,a,append_margin_feature,1,29,8,0,0.0,2.0
subject_overlap_session_cv,ordinal_classification,fold_2,a,append_margin_feature,1,38,9,4,4.0,2.0
subject_overlap_session_cv,ordinal_classification,fold_2,a,append_margin_feature,1,39,10,0,0.0,2.0
subject_overlap_session_cv,ordinal_classification,fold_2,a,append_margin_feature,1,41,10,2,2.0,1.0
subject_overlap_session_cv,ordinal_classification,fold_2,a,append_margin_feature,1,42,10,3,3.0,1.0
subject_overlap_session_cv,ordinal_classification,fold_2,a,append_margin_feature,1,46,11,2,2.0,3.0
subject_overlap_session_cv,ordinal_classification,fold_2,a,append_margin_feature,1,53,12,4,4.0,4.0
subject_overlap_session_cv,ordinal_classification,fold_2,a,append_margin_feature,1,54,13,0,0.0,3.0
subject_overlap_session_cv,ordinal_classification,fold_2,a,append_margin_feature,1,60,14,1,1.0,2.0
subject_overlap_session_cv,ordinal_classification,fold_2,a,append_margin_feature,2,10,3,3,3.0,3.0
subject_overlap_session_cv,ordinal_classification,fold_2,a,append_margin_feature,2,13,4,1,1.0,2.0
subject_overlap_session_cv,ordinal_classification,fold_2,a,append_margin_feature,2,18,5,2,2.0,1.0
subject_overlap_session_cv,ordinal_classification,fold_2,a,append_margin_feature,2,19,5,4,4.0,3.0
subject_overlap_session_cv,ordinal_classification,fold_2,a,append_margin_feature,2,20,6,1,1.0,4.0
subject_overlap_session_cv,ordinal_classification,fold_2,a,append_margin_feature,2,27,7,3,3.0,2.0
subject_overlap_session_cv,ordinal_classification,fold_2,a,append_margin_feature,2,29,8,0,0.0,2.0
subject_overlap_session_cv,ordinal_classification,fold_2,a,append_margin_feature,2,38,9,4,4.0,2.0
subject_overlap_session_cv,ordinal_classification,fold_2,a,append_margin_feature,2,39,10,0,0.0,2.0
subject_overlap_session_cv,ordinal_classification,fold_2,a,append_margin_feature,2,41,10,2,2.0,2.0
subject_overlap_session_cv,ordinal_classification,fold_2,a,append_margin_feature,2,42,10,3,3.0,1.0
subject_overlap_session_cv,ordinal_classification,fold_2,a,append_margin_feature,2,46,11,2,2.0,2.0
subject_overlap_session_cv,ordinal_classification,fold_2,a,append_margin_feature,2,53,12,4,4.0,4.0
subject_overlap_session_cv,ordinal_classification,fold_2,a,append_margin_feature,2,54,13,0,0.0,3.0
subject_overlap_session_cv,ordinal_classification,fold_2,a,append_margin_feature,2,60,14,1,1.0,1.0
subject_overlap_session_cv,ordinal_classification,fold_2,a,append_margin_feature,3,10,3,3,3.0,3.0
subject_overlap_session_cv,ordinal_classification,fold_2,a,append_margin_feature,3,13,4,1,1.0,2.0
subject_overlap_session_cv,ordinal_classification,fold_2,a,append_margin_feature,3,18,5,2,2.0,1.0
subject_overlap_session_cv,ordinal_classification,fold_2,a,append_margin_feature,3,19,5,4,4.0,3.0
subject_overlap_session_cv,ordinal_classification,fold_2,a,append_margin_feature,3,20,6,1,1.0,3.0
subject_overlap_session_cv,ordinal_classification,fold_2,a,append_margin_feature,3,27,7,3,3.0,2.0
subject_overlap_session_cv,ordinal_classification,fold_2,a,append_margin_feature,3,29,8,0,0.0,2.0
subject_overlap_session_cv,ordinal_classification,fold_2,a,append_margin_feature,3,38,9,4,4.0,2.0
subject_overlap_session_cv,ordinal_classification,fold_2,a,append_margin_feature,3,39,10,0,0.0,2.0
subject_overlap_session_cv,ordinal_classification,fold_2,a,append_margin_feature,3,41,10,2,2.0,1.0
subject_overlap_session_cv,ordinal_classification,fold_2,a,append_margin_feature,3,42,10,3,3.0,1.0
subject_overlap_session_cv,ordinal_classification,fold_2,a,append_margin_feature,3,46,11,2,2.0,2.0
subject_overlap_session_cv,ordinal_classification,fold_2,a,append_margin_feature,3,53,12,4,4.0,4.0
subject_overlap_session_cv,ordinal_classification,fold_2,a,append_margin_feature,3,54,13,0,0.0,3.0
subject_overlap_session_cv,ordinal_classification,fold_2,a,append_margin_feature,3,60,14,1,1.0,1.0
subject_overlap_session_cv,ordinal_classification,fold_2,a,append_margin_feature,4,10,3,3,3.0,3.0
subject_overlap_session_cv,ordinal_classification,fold_2,a,append_margin_feature,4,13,4,1,1.0,2.0
subject_overlap_session_cv,ordinal_classification,fold_2,a,append_margin_feature,4,18,5,2,2.0,1.0
subject_overlap_session_cv,ordinal_classification,fold_2,a,append_margin_feature,4,19,5,4,4.0,4.0
subject_overlap_session_cv,ordinal_classification,fold_2,a,append_margin_feature,4,20,6,1,1.0,3.0
subject_overlap_session_cv,ordinal_classification,fold_2,a,append_margin_feature,4,27,7,3,3.0,2.0
subject_overlap_session_cv,ordinal_classification,fold_2,a,append_margin_feature,4,29,8,0,0.0,2.0
subject_overlap_session_cv,ordinal_classification,fold_2,a,append_margin_feature,4,38,9,4,4.0,2.0
subject_overlap_session_cv,ordinal_classification,fold_2,a,append_margin_feature,4,39,10,0,0.0,2.0
subject_overlap_session_cv,ordinal_classification,fold_2,a,append_margin_feature,4,41,10,2,2.0,1.0
subject_overlap_session_cv,ordinal_classification,fold_2,a,append_margin_feature,4,42,10,3,3.0,1.0
subject_overlap_session_cv,ordinal_classification,fold_2,a,append_margin_feature,4,46,11,2,2.0,2.0
subject_overlap_session_cv,ordinal_classification,fold_2,a,append_margin_feature,4,53,12,4,4.0,4.0
subject_overlap_session_cv,ordinal_classification,fold_2,a,append_margin_feature,4,54,13,0,0.0,2.0
subject_overlap_session_cv,ordinal_classification,fold_2,a,append_margin_feature,4,60,14,1,1.0,2.0
subject_overlap_session_cv,ordinal_classification,fold_2,a,append_margin_feature,5,10,3,3,3.0,3.0
subject_overlap_session_cv,ordinal_classification,fold_2,a,append_margin_feature,5,13,4,1,1.0,2.0
subject_overlap_session_cv,ordinal_classification,fold_2,a,append_margin_feature,5,18,5,2,2.0,1.0
subject_overlap_session_cv,ordinal_classification,fold_2,a,append_margin_feature,5,19,5,4,4.0,3.0
subject_overlap_session_cv,ordinal_classification,fold_2,a,append_margin_feature,5,20,6,1,1.0,3.0
subject_overlap_session_cv,ordinal_classification,fold_2,a,append_margin_feature,5,27,7,3,3.0,2.0
subject_overlap_session_cv,ordinal_classification,fold_2,a,append_margin_feature,5,29,8,0,0.0,2.0
subject_overlap_session_cv,ordinal_classification,fold_2,a,append_margin_feature,5,38,9,4,4.0,2.0
subject_overlap_session_cv,ordinal_classification,fold_2,a,append_margin_feature,5,39,10,0,0.0,2.0
subject_overlap_session_cv,ordinal_classification,fold_2,a,append_margin_feature,5,41,10,2,2.0,1.0
subject_overlap_session_cv,ordinal_classification,fold_2,a,append_margin_feature,5,42,10,3,3.0,1.0
subject_overlap_session_cv,ordinal_classification,fold_2,a,append_margin_feature,5,46,11,2,2.0,2.0
subject_overlap_session_cv,ordinal_classification,fold_2,a,append_margin_feature,5,53,12,4,4.0,4.0
subject_overlap_session_cv,ordinal_classification,fold_2,a,append_margin_feature,5,54,13,0,0.0,3.0
subject_overlap_session_cv,ordinal_classification,fold_2,a,append_margin_feature,5,60,14,1,1.0,2.0
subject_overlap_session_cv,ordinal_classification,fold_2,b,baseline,1,10,3,3,3.0,2.0
subject_overlap_session_cv,ordinal_classification,fold_2,b,baseline,1,13,4,1,1.0,2.0
subject_overlap_session_cv,ordinal_classification,fold_2,b,baseline,1,18,5,2,2.0,4.0
subject_overlap_session_cv,ordinal_classification,fold_2,b,baseline,1,19,5,4,4.0,0.0
subject_overlap_session_cv,ordinal_classification,fold_2,b,baseline,1,20,6,1,1.0,3.0
subject_overlap_session_cv,ordinal_classification,fold_2,b,baseline,1,27,7,3,3.0,0.0
subject_overlap_session_cv,ordinal_classification,fold_2,b,baseline,1,29,8,0,0.0,1.0
subject_overlap_session_cv,ordinal_classification,fold_2,b,baseline,1,38,9,4,4.0,0.0
subject_overlap_session_cv,ordinal_classification,fold_2,b,baseline,1,39,10,0,0.0,4.0
subject_overlap_session_cv,ordinal_classification,fold_2,b,baseline,1,41,10,2,2.0,2.0
subject_overlap_session_cv,ordinal_classification,fold_2,b,baseline,1,42,10,3,3.0,0.0
subject_overlap_session_cv,ordinal_classification,fold_2,b,baseline,1,46,11,2,2.0,1.0
subject_overlap_session_cv,ordinal_classification,fold_2,b,baseline,1,53,12,4,4.0,3.0
subject_overlap_session_cv,ordinal_classification,fold_2,b,baseline,1,54,13,0,0.0,0.0
subject_overlap_session_cv,ordinal_classification,fold_2,b,baseline,1,60,14,1,1.0,0.0
subject_overlap_session_cv,ordinal_classification,fold_2,b,filter_negative_margin,1,10,3,3,3.0,2.0
subject_overlap_session_cv,ordinal_classification,fold_2,b,filter_negative_margin,1,13,4,1,1.0,3.0
subject_overlap_session_cv,ordinal_classification,fold_2,b,filter_negative_margin,1,18,5,2,2.0,4.0
subject_overlap_session_cv,ordinal_classification,fold_2,b,filter_negative_margin,1,19,5,4,4.0,3.0
subject_overlap_session_cv,ordinal_classification,fold_2,b,filter_negative_margin,1,20,6,1,1.0,3.0
subject_overlap_session_cv,ordinal_classification,fold_2,b,filter_negative_margin,1,27,7,3,3.0,0.0
subject_overlap_session_cv,ordinal_classification,fold_2,b,filter_negative_margin,1,29,8,0,0.0,1.0
subject_overlap_session_cv,ordinal_classification,fold_2,b,filter_negative_margin,1,38,9,4,4.0,0.0
subject_overlap_session_cv,ordinal_classification,fold_2,b,filter_negative_margin,1,39,10,0,0.0,4.0
subject_overlap_session_cv,ordinal_classification,fold_2,b,filter_negative_margin,1,41,10,2,2.0,4.0
subject_overlap_session_cv,ordinal_classification,fold_2,b,filter_negative_margin,1,42,10,3,3.0,0.0
subject_overlap_session_cv,ordinal_classification,fold_2,b,filter_negative_margin,1,46,11,2,2.0,1.0
subject_overlap_session_cv,ordinal_classification,fold_2,b,filter_negative_margin,1,53,12,4,4.0,2.0
subject_overlap_session_cv,ordinal_classification,fold_2,b,filter_negative_margin,1,54,13,0,0.0,4.0
subject_overlap_session_cv,ordinal_classification,fold_2,b,filter_negative_margin,1,60,14,1,1.0,0.0
subject_overlap_session_cv,ordinal_classification,fold_2,b,append_margin_feature,1,10,3,3,3.0,2.0
subject_overlap_session_cv,ordinal_classification,fold_2,b,append_margin_feature,1,13,4,1,1.0,2.0
subject_overlap_session_cv,ordinal_classification,fold_2,b,append_margin_feature,1,18,5,2,2.0,4.0
subject_overlap_session_cv,ordinal_classification,fold_2,b,append_margin_feature,1,19,5,4,4.0,0.0
subject_overlap_session_cv,ordinal_classification,fold_2,b,append_margin_feature,1,20,6,1,1.0,3.0
subject_overlap_session_cv,ordinal_classification,fold_2,b,append_margin_feature,1,27,7,3,3.0,0.0
subject_overlap_session_cv,ordinal_classification,fold_2,b,append_margin_feature,1,29,8,0,0.0,1.0
subject_overlap_session_cv,ordinal_classification,fold_2,b,append_margin_feature,1,38,9,4,4.0,0.0
subject_overlap_session_cv,ordinal_classification,fold_2,b,append_margin_feature,1,39,10,0,0.0,4.0
subject_overlap_session_cv,ordinal_classification,fold_2,b,append_margin_feature,1,41,10,2,2.0,2.0
subject_overlap_session_cv,ordinal_classification,fold_2,b,append_margin_feature,1,42,10,3,3.0,0.0
subject_overlap_session_cv,ordinal_classification,fold_2,b,append_margin_feature,1,46,11,2,2.0,1.0
subject_overlap_session_cv,ordinal_classification,fold_2,b,append_margin_feature,1,53,12,4,4.0,3.0
subject_overlap_session_cv,ordinal_classification,fold_2,b,append_margin_feature,1,54,13,0,0.0,0.0
subject_overlap_session_cv,ordinal_classification,fold_2,b,append_margin_feature,1,60,14,1,1.0,0.0
subject_overlap_session_cv,ordinal_classification,fold_3,a,baseline,1,5,2,2,2.0,4.0
subject_overlap_session_cv,ordinal_classification,fold_3,a,baseline,1,6,2,3,3.0,0.0
subject_overlap_session_cv,ordinal_classification,fold_3,a,baseline,1,7,2,4,4.0,1.0
subject_overlap_session_cv,ordinal_classification,fold_3,a,baseline,1,11,3,4,4.0,0.0
subject_overlap_session_cv,ordinal_classification,fold_3,a,baseline,1,12,4,0,0.0,0.0
subject_overlap_session_cv,ordinal_classification,fold_3,a,baseline,1,24,7,0,0.0,1.0
subject_overlap_session_cv,ordinal_classification,fold_3,a,baseline,1,40,10,1,1.0,4.0
subject_overlap_session_cv,ordinal_classification,fold_3,a,baseline,1,45,11,1,1.0,2.0
subject_overlap_session_cv,ordinal_classification,fold_3,a,baseline,1,55,13,1,1.0,4.0
subject_overlap_session_cv,ordinal_classification,fold_3,a,baseline,1,66,15,2,2.0,1.0
subject_overlap_session_cv,ordinal_classification,fold_3,a,baseline,1,67,15,3,3.0,4.0
subject_overlap_session_cv,ordinal_classification,fold_3,a,baseline,1,70,16,2,2.0,4.0
subject_overlap_session_cv,ordinal_classification,fold_3,a,baseline,1,71,16,3,3.0,1.0
subject_overlap_session_cv,ordinal_classification,fold_3,a,baseline,1,72,16,4,4.0,2.0
subject_overlap_session_cv,ordinal_classification,fold_3,a,filter_negative_margin,1,5,2,2,2.0,2.0
subject_overlap_session_cv,ordinal_classification,fold_3,a,filter_negative_margin,1,6,2,3,3.0,0.0
subject_overlap_session_cv,ordinal_classification,fold_3,a,filter_negative_margin,1,7,2,4,4.0,1.0
subject_overlap_session_cv,ordinal_classification,fold_3,a,filter_negative_margin,1,11,3,4,4.0,0.0
subject_overlap_session_cv,ordinal_classification,fold_3,a,filter_negative_margin,1,12,4,0,0.0,0.0
subject_overlap_session_cv,ordinal_classification,fold_3,a,filter_negative_margin,1,24,7,0,0.0,2.0
subject_overlap_session_cv,ordinal_classification,fold_3,a,filter_negative_margin,1,40,10,1,1.0,4.0
subject_overlap_session_cv,ordinal_classification,fold_3,a,filter_negative_margin,1,45,11,1,1.0,1.0
subject_overlap_session_cv,ordinal_classification,fold_3,a,filter_negative_margin,1,55,13,1,1.0,4.0
subject_overlap_session_cv,ordinal_classification,fold_3,a,filter_negative_margin,1,66,15,2,2.0,0.0
subject_overlap_session_cv,ordinal_classification,fold_3,a,filter_negative_margin,1,67,15,3,3.0,4.0
subject_overlap_session_cv,ordinal_classification,fold_3,a,filter_negative_margin,1,70,16,2,2.0,3.0
subject_overlap_session_cv,ordinal_classification,fold_3,a,filter_negative_margin,1,71,16,3,3.0,0.0
subject_overlap_session_cv,ordinal_classification,fold_3,a,filter_negative_margin,1,72,16,4,4.0,2.0
subject_overlap_session_cv,ordinal_classification,fold_3,a,append_margin_feature,1,5,2,2,2.0,4.0
subject_overlap_session_cv,ordinal_classification,fold_3,a,append_margin_feature,1,6,2,3,3.0,0.0
subject_overlap_session_cv,ordinal_classification,fold_3,a,append_margin_feature,1,7,2,4,4.0,1.0
subject_overlap_session_cv,ordinal_classification,fold_3,a,append_margin_feature,1,11,3,4,4.0,0.0
subject_overlap_session_cv,ordinal_classification,fold_3,a,append_margin_feature,1,12,4,0,0.0,0.0
subject_overlap_session_cv,ordinal_classification,fold_3,a,append_margin_feature,1,24,7,0,0.0,1.0
subject_overlap_session_cv,ordinal_classification,fold_3,a,append_margin_feature,1,40,10,1,1.0,4.0
subject_overlap_session_cv,ordinal_classification,fold_3,a,append_margin_feature,1,45,11,1,1.0,2.0
subject_overlap_session_cv,ordinal_classification,fold_3,a,append_margin_feature,1,55,13,1,1.0,4.0
subject_overlap_session_cv,ordinal_classification,fold_3,a,append_margin_feature,1,66,15,2,2.0,1.0
subject_overlap_session_cv,ordinal_classification,fold_3,a,append_margin_feature,1,67,15,3,3.0,4.0
subject_overlap_session_cv,ordinal_classification,fold_3,a,append_margin_feature,1,70,16,2,2.0,4.0
subject_overlap_session_cv,ordinal_classification,fold_3,a,append_margin_feature,1,71,16,3,3.0,1.0
subject_overlap_session_cv,ordinal_classification,fold_3,a,append_margin_feature,1,72,16,4,4.0,2.0
subject_overlap_session_cv,ordinal_classification,fold_3,b,baseline,1,5,2,2,2.0,1.0
subject_overlap_session_cv,ordinal_classification,fold_3,b,baseline,1,6,2,3,3.0,1.0
subject_overlap_session_cv,ordinal_classification,fold_3,b,baseline,1,7,2,4,4.0,2.0
subject_overlap_session_cv,ordinal_classification,fold_3,b,baseline,1,11,3,4,4.0,2.0
subject_overlap_session_cv,ordinal_classification,fold_3,b,baseline,1,12,4,0,0.0,1.0
subject_overlap_session_cv,ordinal_classification,fold_3,b,baseline,1,24,7,0,0.0,1.0
subject_overlap_session_cv,ordinal_classification,fold_3,b,baseline,1,40,10,1,1.0,2.0
subject_overlap_session_cv,ordinal_classification,fold_3,b,baseline,1,45,11,1,1.0,4.0
subject_overlap_session_cv,ordinal_classification,fold_3,b,baseline,1,55,13,1,1.0,3.0
subject_overlap_session_cv,ordinal_classification,fold_3,b,baseline,1,66,15,2,2.0,1.0
subject_overlap_session_cv,ordinal_classification,fold_3,b,baseline,1,67,15,3,3.0,4.0
subject_overlap_session_cv,ordinal_classification,fold_3,b,baseline,1,70,16,2,2.0,4.0
subject_overlap_session_cv,ordinal_classification,fold_3,b,baseline,1,71,16,3,3.0,1.0
subject_overlap_session_cv,ordinal_classification,fold_3,b,baseline,1,72,16,4,4.0,1.0
subject_overlap_session_cv,ordinal_classification,fold_3,b,filter_negative_margin,1,5,2,2,2.0,1.0
subject_overlap_session_cv,ordinal_classification,fold_3,b,filter_negative_margin,1,6,2,3,3.0,1.0
subject_overlap_session_cv,ordinal_classification,fold_3,b,filter_negative_margin,1,7,2,4,4.0,2.0
subject_overlap_session_cv,ordinal_classification,fold_3,b,filter_negative_margin,1,11,3,4,4.0,2.0
subject_overlap_session_cv,ordinal_classification,fold_3,b,filter_negative_margin,1,12,4,0,0.0,1.0
subject_overlap_session_cv,ordinal_classification,fold_3,b,filter_negative_margin,1,24,7,0,0.0,1.0
subject_overlap_session_cv,ordinal_classification,fold_3,b,filter_negative_margin,1,40,10,1,1.0,2.0
subject_overlap_session_cv,ordinal_classification,fold_3,b,filter_negative_margin,1,45,11,1,1.0,4.0
subject_overlap_session_cv,ordinal_classification,fold_3,b,filter_negative_margin,1,55,13,1,1.0,3.0
subject_overlap_session_cv,ordinal_classification,fold_3,b,filter_negative_margin,1,66,15,2,2.0,1.0
subject_overlap_session_cv,ordinal_classification,fold_3,b,filter_negative_margin,1,67,15,3,3.0,4.0
subject_overlap_session_cv,ordinal_classification,fold_3,b,filter_negative_margin,1,70,16,2,2.0,4.0
subject_overlap_session_cv,ordinal_classification,fold_3,b,filter_negative_margin,1,71,16,3,3.0,1.0
subject_overlap_session_cv,ordinal_classification,fold_3,b,filter_negative_margin,1,72,16,4,4.0,3.0
subject_overlap_session_cv,ordinal_classification,fold_3,b,append_margin_feature,1,5,2,2,2.0,1.0
subject_overlap_session_cv,ordinal_classification,fold_3,b,append_margin_feature,1,6,2,3,3.0,1.0
subject_overlap_session_cv,ordinal_classification,fold_3,b,append_margin_feature,1,7,2,4,4.0,2.0
subject_overlap_session_cv,ordinal_classification,fold_3,b,append_margin_feature,1,11,3,4,4.0,2.0
subject_overlap_session_cv,ordinal_classification,fold_3,b,append_margin_feature,1,12,4,0,0.0,1.0
subject_overlap_session_cv,ordinal_classification,fold_3,b,append_margin_feature,1,24,7,0,0.0,1.0
subject_overlap_session_cv,ordinal_classification,fold_3,b,append_margin_feature,1,40,10,1,1.0,2.0
subject_overlap_session_cv,ordinal_classification,fold_3,b,append_margin_feature,1,45,11,1,1.0,4.0
subject_overlap_session_cv,ordinal_classification,fold_3,b,append_margin_feature,1,55,13,1,1.0,3.0
subject_overlap_session_cv,ordinal_classification,fold_3,b,append_margin_feature,1,66,15,2,2.0,1.0
subject_overlap_session_cv,ordinal_classification,fold_3,b,append_margin_feature,1,67,15,3,3.0,4.0
subject_overlap_session_cv,ordinal_classification,fold_3,b,append_margin_feature,1,70,16,2,2.0,4.0
subject_overlap_session_cv,ordinal_classification,fold_3,b,append_margin_feature,1,71,16,3,3.0,1.0
subject_overlap_session_cv,ordinal_classification,fold_3,b,append_margin_feature,1,72,16,4,4.0,1.0
subject_overlap_session_cv,ordinal_classification,fold_4,a,baseline,1,1,1,2,2.0,4.0
subject_overlap_session_cv,ordinal_classification,fold_4,a,baseline,1,15,4,4,4.0,0.0
subject_overlap_session_cv,ordinal_classification,fold_4,a,baseline,1,21,6,2,2.0,3.0
subject_overlap_session_cv,ordinal_classification,fold_4,a,baseline,1,33,8,4,4.0,0.0
subject_overlap_session_cv,ordinal_classification,fold_4,a,baseline,1,35,9,1,1.0,3.0
subject_overlap_session_cv,ordinal_classification,fold_4,a,baseline,1,36,9,2,2.0,1.0
subject_overlap_session_cv,ordinal_classification,fold_4,a,baseline,1,37,9,3,3.0,3.0
subject_overlap_session_cv,ordinal_classification,fold_4,a,baseline,1,49,12,0,0.0,0.0
subject_overlap_session_cv,ordinal_classification,fold_4,a,baseline,1,50,12,1,1.0,4.0
subject_overlap_session_cv,ordinal_classification,fold_4,a,baseline,1,57,13,3,3.0,1.0
subject_overlap_session_cv,ordinal_classification,fold_4,a,baseline,1,59,14,0,0.0,2.0
subject_overlap_session_cv,ordinal_classification,fold_4,a,baseline,1,61,14,2,2.0,3.0
subject_overlap_session_cv,ordinal_classification,fold_4,a,baseline,1,68,15,4,4.0,1.0
subject_overlap_session_cv,ordinal_classification,fold_4,a,baseline,1,69,16,0,0.0,3.0
subject_overlap_session_cv,ordinal_classification,fold_4,a,baseline,2,1,1,2,2.0,4.0
subject_overlap_session_cv,ordinal_classification,fold_4,a,baseline,2,15,4,4,4.0,0.0
subject_overlap_session_cv,ordinal_classification,fold_4,a,baseline,2,21,6,2,2.0,3.0
subject_overlap_session_cv,ordinal_classification,fold_4,a,baseline,2,33,8,4,4.0,0.0
subject_overlap_session_cv,ordinal_classification,fold_4,a,baseline,2,35,9,1,1.0,3.0
subject_overlap_session_cv,ordinal_classification,fold_4,a,baseline,2,36,9,2,2.0,1.0
subject_overlap_session_cv,ordinal_classification,fold_4,a,baseline,2,37,9,3,3.0,3.0
subject_overlap_session_cv,ordinal_classification,fold_4,a,baseline,2,49,12,0,0.0,0.0
subject_overlap_session_cv,ordinal_classification,fold_4,a,baseline,2,50,12,1,1.0,4.0
subject_overlap_session_cv,ordinal_classification,fold_4,a,baseline,2,57,13,3,3.0,1.0
subject_overlap_session_cv,ordinal_classification,fold_4,a,baseline,2,59,14,0,0.0,3.0
subject_overlap_session_cv,ordinal_classification,fold_4,a,baseline,2,61,14,2,2.0,3.0
subject_overlap_session_cv,ordinal_classification,fold_4,a,baseline,2,68,15,4,4.0,1.0
subject_overlap_session_cv,ordinal_classification,fold_4,a,baseline,2,69,16,0,0.0,3.0
subject_overlap_session_cv,ordinal_classification,fold_4,a,baseline,3,1,1,2,2.0,4.0
subject_overlap_session_cv,ordinal_classification,fold_4,a,baseline,3,15,4,4,4.0,0.0
subject_overlap_session_cv,ordinal_classification,fold_4,a,baseline,3,21,6,2,2.0,3.0
subject_overlap_session_cv,ordinal_classification,fold_4,a,baseline,3,33,8,4,4.0,0.0
subject_overlap_session_cv,ordinal_classification,fold_4,a,baseline,3,35,9,1,1.0,3.0
subject_overlap_session_cv,ordinal_classification,fold_4,a,baseline,3,36,9,2,2.0,1.0
subject_overlap_session_cv,ordinal_classification,fold_4,a,baseline,3,37,9,3,3.0,3.0
subject_overlap_session_cv,ordinal_classification,fold_4,a,baseline,3,49,12,0,0.0,0.0
subject_overlap_session_cv,ordinal_classification,fold_4,a,baseline,3,50,12,1,1.0,4.0
subject_overlap_session_cv,ordinal_classification,fold_4,a,baseline,3,57,13,3,3.0,1.0
subject_overlap_session_cv,ordinal_classification,fold_4,a,baseline,3,59,14,0,0.0,2.0
subject_overlap_session_cv,ordinal_classification,fold_4,a,baseline,3,61,14,2,2.0,3.0
subject_overlap_session_cv,ordinal_classification,fold_4,a,baseline,3,68,15,4,4.0,1.0
subject_overlap_session_cv,ordinal_classification,fold_4,a,baseline,3,69,16,0,0.0,3.0
subject_overlap_session_cv,ordinal_classification,fold_4,a,baseline,4,1,1,2,2.0,4.0
subject_overlap_session_cv,ordinal_classification,fold_4,a,baseline,4,15,4,4,4.0,0.0
subject_overlap_session_cv,ordinal_classification,fold_4,a,baseline,4,21,6,2,2.0,3.0
subject_overlap_session_cv,ordinal_classification,fold_4,a,baseline,4,33,8,4,4.0,0.0
subject_overlap_session_cv,ordinal_classification,fold_4,a,baseline,4,35,9,1,1.0,3.0
subject_overlap_session_cv,ordinal_classification,fold_4,a,baseline,4,36,9,2,2.0,1.0
subject_overlap_session_cv,ordinal_classification,fold_4,a,baseline,4,37,9,3,3.0,3.0
subject_overlap_session_cv,ordinal_classification,fold_4,a,baseline,4,49,12,0,0.0,0.0
subject_overlap_session_cv,ordinal_classification,fold_4,a,baseline,4,50,12,1,1.0,4.0
subject_overlap_session_cv,ordinal_classification,fold_4,a,baseline,4,57,13,3,3.0,1.0
subject_overlap_session_cv,ordinal_classification,fold_4,a,baseline,4,59,14,0,0.0,2.0
subject_overlap_session_cv,ordinal_classification,fold_4,a,baseline,4,61,14,2,2.0,3.0
subject_overlap_session_cv,ordinal_classification,fold_4,a,baseline,4,68,15,4,4.0,1.0
subject_overlap_session_cv,ordinal_classification,fold_4,a,baseline,4,69,16,0,0.0,3.0
subject_overlap_session_cv,ordinal_classification,fold_4,a,baseline,5,1,1,2,2.0,4.0
subject_overlap_session_cv,ordinal_classification,fold_4,a,baseline,5,15,4,4,4.0,0.0
subject_overlap_session_cv,ordinal_classification,fold_4,a,baseline,5,21,6,2,2.0,3.0
subject_overlap_session_cv,ordinal_classification,fold_4,a,baseline,5,33,8,4,4.0,0.0
subject_overlap_session_cv,ordinal_classification,fold_4,a,baseline,5,35,9,1,1.0,3.0
subject_overlap_session_cv,ordinal_classification,fold_4,a,baseline,5,36,9,2,2.0,1.0
subject_overlap_session_cv,ordinal_classification,fold_4,a,baseline,5,37,9,3,3.0,3.0
subject_overlap_session_cv,ordinal_classification,fold_4,a,baseline,5,49,12,0,0.0,0.0
subject_overlap_session_cv,ordinal_classification,fold_4,a,baseline,5,50,12,1,1.0,4.0
subject_overlap_session_cv,ordinal_classification,fold_4,a,baseline,5,57,13,3,3.0,1.0
subject_overlap_session_cv,ordinal_classification,fold_4,a,baseline,5,59,14,0,0.0,2.0
subject_overlap_session_cv,ordinal_classification,fold_4,a,baseline,5,61,14,2,2.0,3.0
subject_overlap_session_cv,ordinal_classification,fold_4,a,baseline,5,68,15,4,4.0,1.0
subject_overlap_session_cv,ordinal_classification,fold_4,a,baseline,5,69,16,0,0.0,3.0
subject_overlap_session_cv,ordinal_classification,fold_4,a,filter_negative_margin,1,1,1,2,2.0,4.0
subject_overlap_session_cv,ordinal_classification,fold_4,a,filter_negative_margin,1,15,4,4,4.0,0.0
subject_overlap_session_cv,ordinal_classification,fold_4,a,filter_negative_margin,1,21,6,2,2.0,3.0
subject_overlap_session_cv,ordinal_classification,fold_4,a,filter_negative_margin,1,33,8,4,4.0,1.0
subject_overlap_session_cv,ordinal_classification,fold_4,a,filter_negative_margin,1,35,9,1,1.0,3.0
subject_overlap_session_cv,ordinal_classification,fold_4,a,filter_negative_margin,1,36,9,2,2.0,0.0
subject_overlap_session_cv,ordinal_classification,fold_4,a,filter_negative_margin,1,37,9,3,3.0,3.0
subject_overlap_session_cv,ordinal_classification,fold_4,a,filter_negative_margin,1,49,12,0,0.0,0.0
subject_overlap_session_cv,ordinal_classification,fold_4,a,filter_negative_margin,1,50,12,1,1.0,4.0
subject_overlap_session_cv,ordinal_classification,fold_4,a,filter_negative_margin,1,57,13,3,3.0,0.0
subject_overlap_session_cv,ordinal_classification,fold_4,a,filter_negative_margin,1,59,14,0,0.0,2.0
subject_overlap_session_cv,ordinal_classification,fold_4,a,filter_negative_margin,1,61,14,2,2.0,3.0
subject_overlap_session_cv,ordinal_classification,fold_4,a,filter_negative_margin,1,68,15,4,4.0,0.0
subject_overlap_session_cv,ordinal_classification,fold_4,a,filter_negative_margin,1,69,16,0,0.0,3.0
subject_overlap_session_cv,ordinal_classification,fold_4,a,filter_negative_margin,2,1,1,2,2.0,4.0
subject_overlap_session_cv,ordinal_classification,fold_4,a,filter_negative_margin,2,15,4,4,4.0,0.0
subject_overlap_session_cv,ordinal_classification,fold_4,a,filter_negative_margin,2,21,6,2,2.0,3.0
subject_overlap_session_cv,ordinal_classification,fold_4,a,filter_negative_margin,2,33,8,4,4.0,1.0
subject_overlap_session_cv,ordinal_classification,fold_4,a,filter_negative_margin,2,35,9,1,1.0,3.0
subject_overlap_session_cv,ordinal_classification,fold_4,a,filter_negative_margin,2,36,9,2,2.0,0.0
subject_overlap_session_cv,ordinal_classification,fold_4,a,filter_negative_margin,2,37,9,3,3.0,3.0
subject_overlap_session_cv,ordinal_classification,fold_4,a,filter_negative_margin,2,49,12,0,0.0,0.0
subject_overlap_session_cv,ordinal_classification,fold_4,a,filter_negative_margin,2,50,12,1,1.0,4.0
subject_overlap_session_cv,ordinal_classification,fold_4,a,filter_negative_margin,2,57,13,3,3.0,0.0
subject_overlap_session_cv,ordinal_classification,fold_4,a,filter_negative_margin,2,59,14,0,0.0,2.0
subject_overlap_session_cv,ordinal_classification,fold_4,a,filter_negative_margin,2,61,14,2,2.0,3.0
subject_overlap_session_cv,ordinal_classification,fold_4,a,filter_negative_margin,2,68,15,4,4.0,0.0
subject_overlap_session_cv,ordinal_classification,fold_4,a,filter_negative_margin,2,69,16,0,0.0,3.0
subject_overlap_session_cv,ordinal_classification,fold_4,a,filter_negative_margin,3,1,1,2,2.0,4.0
subject_overlap_session_cv,ordinal_classification,fold_4,a,filter_negative_margin,3,15,4,4,4.0,0.0
subject_overlap_session_cv,ordinal_classification,fold_4,a,filter_negative_margin,3,21,6,2,2.0,3.0
subject_overlap_session_cv,ordinal_classification,fold_4,a,filter_negative_margin,3,33,8,4,4.0,1.0
subject_overlap_session_cv,ordinal_classification,fold_4,a,filter_negative_margin,3,35,9,1,1.0,3.0
subject_overlap_session_cv,ordinal_classification,fold_4,a,filter_negative_margin,3,36,9,2,2.0,0.0
subject_overlap_session_cv,ordinal_classification,fold_4,a,filter_negative_margin,3,37,9,3,3.0,3.0
subject_overlap_session_cv,ordinal_classification,fold_4,a,filter_negative_margin,3,49,12,0,0.0,0.0
subject_overlap_session_cv,ordinal_classification,fold_4,a,filter_negative_margin,3,50,12,1,1.0,4.0
subject_overlap_session_cv,ordinal_classification,fold_4,a,filter_negative_margin,3,57,13,3,3.0,0.0
subject_overlap_session_cv,ordinal_classification,fold_4,a,filter_negative_margin,3,59,14,0,0.0,2.0
subject_overlap_session_cv,ordinal_classification,fold_4,a,filter_negative_margin,3,61,14,2,2.0,3.0
subject_overlap_session_cv,ordinal_classification,fold_4,a,filter_negative_margin,3,68,15,4,4.0,0.0
subject_overlap_session_cv,ordinal_classification,fold_4,a,filter_negative_margin,3,69,16,0,0.0,3.0
subject_overlap_session_cv,ordinal_classification,fold_4,a,filter_negative_margin,4,1,1,2,2.0,4.0
subject_overlap_session_cv,ordinal_classification,fold_4,a,filter_negative_margin,4,15,4,4,4.0,0.0
subject_overlap_session_cv,ordinal_classification,fold_4,a,filter_negative_margin,4,21,6,2,2.0,3.0
subject_overlap_session_cv,ordinal_classification,fold_4,a,filter_negative_margin,4,33,8,4,4.0,1.0
subject_overlap_session_cv,ordinal_classification,fold_4,a,filter_negative_margin,4,35,9,1,1.0,3.0
subject_overlap_session_cv,ordinal_classification,fold_4,a,filter_negative_margin,4,36,9,2,2.0,0.0
subject_overlap_session_cv,ordinal_classification,fold_4,a,filter_negative_margin,4,37,9,3,3.0,3.0
subject_overlap_session_cv,ordinal_classification,fold_4,a,filter_negative_margin,4,49,12,0,0.0,0.0
subject_overlap_session_cv,ordinal_classification,fold_4,a,filter_negative_margin,4,50,12,1,1.0,4.0
subject_overlap_session_cv,ordinal_classification,fold_4,a,filter_negative_margin,4,57,13,3,3.0,0.0
subject_overlap_session_cv,ordinal_classification,fold_4,a,filter_negative_margin,4,59,14,0,0.0,2.0
subject_overlap_session_cv,ordinal_classification,fold_4,a,filter_negative_margin,4,61,14,2,2.0,3.0
subject_overlap_session_cv,ordinal_classification,fold_4,a,filter_negative_margin,4,68,15,4,4.0,0.0
subject_overlap_session_cv,ordinal_classification,fold_4,a,filter_negative_margin,4,69,16,0,0.0,3.0
subject_overlap_session_cv,ordinal_classification,fold_4,a,filter_negative_margin,5,1,1,2,2.0,4.0
subject_overlap_session_cv,ordinal_classification,fold_4,a,filter_negative_margin,5,15,4,4,4.0,0.0
subject_overlap_session_cv,ordinal_classification,fold_4,a,filter_negative_margin,5,21,6,2,2.0,3.0
subject_overlap_session_cv,ordinal_classification,fold_4,a,filter_negative_margin,5,33,8,4,4.0,1.0
subject_overlap_session_cv,ordinal_classification,fold_4,a,filter_negative_margin,5,35,9,1,1.0,3.0
subject_overlap_session_cv,ordinal_classification,fold_4,a,filter_negative_margin,5,36,9,2,2.0,0.0
subject_overlap_session_cv,ordinal_classification,fold_4,a,filter_negative_margin,5,37,9,3,3.0,3.0
subject_overlap_session_cv,ordinal_classification,fold_4,a,filter_negative_margin,5,49,12,0,0.0,0.0
subject_overlap_session_cv,ordinal_classification,fold_4,a,filter_negative_margin,5,50,12,1,1.0,4.0
subject_overlap_session_cv,ordinal_classification,fold_4,a,filter_negative_margin,5,57,13,3,3.0,0.0
subject_overlap_session_cv,ordinal_classification,fold_4,a,filter_negative_margin,5,59,14,0,0.0,2.0
subject_overlap_session_cv,ordinal_classification,fold_4,a,filter_negative_margin,5,61,14,2,2.0,3.0
subject_overlap_session_cv,ordinal_classification,fold_4,a,filter_negative_margin,5,68,15,4,4.0,0.0
subject_overlap_session_cv,ordinal_classification,fold_4,a,filter_negative_margin,5,69,16,0,0.0,3.0
subject_overlap_session_cv,ordinal_classification,fold_4,a,append_margin_feature,1,1,1,2,2.0,4.0
subject_overlap_session_cv,ordinal_classification,fold_4,a,append_margin_feature,1,15,4,4,4.0,0.0
subject_overlap_session_cv,ordinal_classification,fold_4,a,append_margin_feature,1,21,6,2,2.0,3.0
subject_overlap_session_cv,ordinal_classification,fold_4,a,append_margin_feature,1,33,8,4,4.0,0.0
subject_overlap_session_cv,ordinal_classification,fold_4,a,append_margin_feature,1,35,9,1,1.0,3.0
subject_overlap_session_cv,ordinal_classification,fold_4,a,append_margin_feature,1,36,9,2,2.0,1.0
subject_overlap_session_cv,ordinal_classification,fold_4,a,append_margin_feature,1,37,9,3,3.0,3.0
subject_overlap_session_cv,ordinal_classification,fold_4,a,append_margin_feature,1,49,12,0,0.0,0.0
subject_overlap_session_cv,ordinal_classification,fold_4,a,append_margin_feature,1,50,12,1,1.0,4.0
subject_overlap_session_cv,ordinal_classification,fold_4,a,append_margin_feature,1,57,13,3,3.0,1.0
subject_overlap_session_cv,ordinal_classification,fold_4,a,append_margin_feature,1,59,14,0,0.0,2.0
subject_overlap_session_cv,ordinal_classification,fold_4,a,append_margin_feature,1,61,14,2,2.0,3.0
subject_overlap_session_cv,ordinal_classification,fold_4,a,append_margin_feature,1,68,15,4,4.0,1.0
subject_overlap_session_cv,ordinal_classification,fold_4,a,append_margin_feature,1,69,16,0,0.0,3.0
subject_overlap_session_cv,ordinal_classification,fold_4,a,append_margin_feature,2,1,1,2,2.0,4.0
subject_overlap_session_cv,ordinal_classification,fold_4,a,append_margin_feature,2,15,4,4,4.0,0.0
subject_overlap_session_cv,ordinal_classification,fold_4,a,append_margin_feature,2,21,6,2,2.0,3.0
subject_overlap_session_cv,ordinal_classification,fold_4,a,append_margin_feature,2,33,8,4,4.0,0.0
subject_overlap_session_cv,ordinal_classification,fold_4,a,append_margin_feature,2,35,9,1,1.0,3.0
subject_overlap_session_cv,ordinal_classification,fold_4,a,append_margin_feature,2,36,9,2,2.0,1.0
subject_overlap_session_cv,ordinal_classification,fold_4,a,append_margin_feature,2,37,9,3,3.0,3.0
subject_overlap_session_cv,ordinal_classification,fold_4,a,append_margin_feature,2,49,12,0,0.0,0.0
subject_overlap_session_cv,ordinal_classification,fold_4,a,append_margin_feature,2,50,12,1,1.0,4.0
subject_overlap_session_cv,ordinal_classification,fold_4,a,append_margin_feature,2,57,13,3,3.0,1.0
subject_overlap_session_cv,ordinal_classification,fold_4,a,append_margin_feature,2,59,14,0,0.0,2.0
subject_overlap_session_cv,ordinal_classification,fold_4,a,append_margin_feature,2,61,14,2,2.0,3.0
subject_overlap_session_cv,ordinal_classification,fold_4,a,append_margin_feature,2,68,15,4,4.0,1.0
subject_overlap_session_cv,ordinal_classification,fold_4,a,append_margin_feature,2,69,16,0,0.0,3.0
subject_overlap_session_cv,ordinal_classification,fold_4,a,append_margin_feature,3,1,1,2,2.0,4.0
subject_overlap_session_cv,ordinal_classification,fold_4,a,append_margin_feature,3,15,4,4,4.0,0.0
subject_overlap_session_cv,ordinal_classification,fold_4,a,append_margin_feature,3,21,6,2,2.0,3.0
subject_overlap_session_cv,ordinal_classification,fold_4,a,append_margin_feature,3,33,8,4,4.0,0.0
subject_overlap_session_cv,ordinal_classification,fold_4,a,append_margin_feature,3,35,9,1,1.0,3.0
subject_overlap_session_cv,ordinal_classification,fold_4,a,append_margin_feature,3,36,9,2,2.0,1.0
subject_overlap_session_cv,ordinal_classification,fold_4,a,append_margin_feature,3,37,9,3,3.0,3.0
subject_overlap_session_cv,ordinal_classification,fold_4,a,append_margin_feature,3,49,12,0,0.0,0.0
subject_overlap_session_cv,ordinal_classification,fold_4,a,append_margin_feature,3,50,12,1,1.0,4.0
subject_overlap_session_cv,ordinal_classification,fold_4,a,append_margin_feature,3,57,13,3,3.0,1.0
subject_overlap_session_cv,ordinal_classification,fold_4,a,append_margin_feature,3,59,14,0,0.0,2.0
subject_overlap_session_cv,ordinal_classification,fold_4,a,append_margin_feature,3,61,14,2,2.0,3.0
subject_overlap_session_cv,ordinal_classification,fold_4,a,append_margin_feature,3,68,15,4,4.0,1.0
subject_overlap_session_cv,ordinal_classification,fold_4,a,append_margin_feature,3,69,16,0,0.0,3.0
subject_overlap_session_cv,ordinal_classification,fold_4,a,append_margin_feature,4,1,1,2,2.0,4.0
subject_overlap_session_cv,ordinal_classification,fold_4,a,append_margin_feature,4,15,4,4,4.0,0.0
subject_overlap_session_cv,ordinal_classification,fold_4,a,append_margin_feature,4,21,6,2,2.0,3.0
subject_overlap_session_cv,ordinal_classification,fold_4,a,append_margin_feature,4,33,8,4,4.0,0.0
subject_overlap_session_cv,ordinal_classification,fold_4,a,append_margin_feature,4,35,9,1,1.0,3.0
subject_overlap_session_cv,ordinal_classification,fold_4,a,append_margin_feature,4,36,9,2,2.0,1.0
subject_overlap_session_cv,ordinal_classification,fold_4,a,append_margin_feature,4,37,9,3,3.0,3.0
subject_overlap_session_cv,ordinal_classification,fold_4,a,append_margin_feature,4,49,12,0,0.0,0.0
subject_overlap_session_cv,ordinal_classification,fold_4,a,append_margin_feature,4,50,12,1,1.0,4.0
subject_overlap_session_cv,ordinal_classification,fold_4,a,append_margin_feature,4,57,13,3,3.0,1.0
subject_overlap_session_cv,ordinal_classification,fold_4,a,append_margin_feature,4,59,14,0,0.0,2.0
subject_overlap_session_cv,ordinal_classification,fold_4,a,append_margin_feature,4,61,14,2,2.0,3.0
subject_overlap_session_cv,ordinal_classification,fold_4,a,append_margin_feature,4,68,15,4,4.0,1.0
subject_overlap_session_cv,ordinal_classification,fold_4,a,append_margin_feature,4,69,16,0,0.0,3.0
subject_overlap_session_cv,ordinal_classification,fold_4,a,append_margin_feature,5,1,1,2,2.0,4.0
subject_overlap_session_cv,ordinal_classification,fold_4,a,append_margin_feature,5,15,4,4,4.0,0.0
subject_overlap_session_cv,ordinal_classification,fold_4,a,append_margin_feature,5,21,6,2,2.0,3.0
subject_overlap_session_cv,ordinal_classification,fold_4,a,append_margin_feature,5,33,8,4,4.0,0.0
subject_overlap_session_cv,ordinal_classification,fold_4,a,append_margin_feature,5,35,9,1,1.0,3.0
subject_overlap_session_cv,ordinal_classification,fold_4,a,append_margin_feature,5,36,9,2,2.0,1.0
subject_overlap_session_cv,ordinal_classification,fold_4,a,append_margin_feature,5,37,9,3,3.0,3.0
subject_overlap_session_cv,ordinal_classification,fold_4,a,append_margin_feature,5,49,12,0,0.0,0.0
subject_overlap_session_cv,ordinal_classification,fold_4,a,append_margin_feature,5,50,12,1,1.0,4.0
subject_overlap_session_cv,ordinal_classification,fold_4,a,append_margin_feature,5,57,13,3,3.0,1.0
subject_overlap_session_cv,ordinal_classification,fold_4,a,append_margin_feature,5,59,14,0,0.0,3.0
subject_overlap_session_cv,ordinal_classification,fold_4,a,append_margin_feature,5,61,14,2,2.0,3.0
subject_overlap_session_cv,ordinal_classification,fold_4,a,append_margin_feature,5,68,15,4,4.0,1.0
subject_overlap_session_cv,ordinal_classification,fold_4,a,append_margin_feature,5,69,16,0,0.0,3.0
subject_overlap_session_cv,ordinal_classification,fold_4,b,baseline,1,1,1,2,2.0,2.0
subject_overlap_session_cv,ordinal_classification,fold_4,b,baseline,1,15,4,4,4.0,0.0
subject_overlap_session_cv,ordinal_classification,fold_4,b,baseline,1,21,6,2,2.0,2.0
subject_overlap_session_cv,ordinal_classification,fold_4,b,baseline,1,33,8,4,4.0,0.0
subject_overlap_session_cv,ordinal_classification,fold_4,b,baseline,1,35,9,1,1.0,2.0
subject_overlap_session_cv,ordinal_classification,fold_4,b,baseline,1,36,9,2,2.0,0.0
subject_overlap_session_cv,ordinal_classification,fold_4,b,baseline,1,37,9,3,3.0,4.0
subject_overlap_session_cv,ordinal_classification,fold_4,b,baseline,1,49,12,0,0.0,0.0
subject_overlap_session_cv,ordinal_classification,fold_4,b,baseline,1,50,12,1,1.0,2.0
subject_overlap_session_cv,ordinal_classification,fold_4,b,baseline,1,57,13,3,3.0,0.0
subject_overlap_session_cv,ordinal_classification,fold_4,b,baseline,1,59,14,0,0.0,2.0
subject_overlap_session_cv,ordinal_classification,fold_4,b,baseline,1,61,14,2,2.0,2.0
subject_overlap_session_cv,ordinal_classification,fold_4,b,baseline,1,68,15,4,4.0,0.0
subject_overlap_session_cv,ordinal_classification,fold_4,b,baseline,1,69,16,0,0.0,2.0
subject_overlap_session_cv,ordinal_classification,fold_4,b,filter_negative_margin,1,1,1,2,2.0,2.0
subject_overlap_session_cv,ordinal_classification,fold_4,b,filter_negative_margin,1,15,4,4,4.0,0.0
subject_overlap_session_cv,ordinal_classification,fold_4,b,filter_negative_margin,1,21,6,2,2.0,2.0
subject_overlap_session_cv,ordinal_classification,fold_4,b,filter_negative_margin,1,33,8,4,4.0,0.0
subject_overlap_session_cv,ordinal_classification,fold_4,b,filter_negative_margin,1,35,9,1,1.0,2.0
subject_overlap_session_cv,ordinal_classification,fold_4,b,filter_negative_margin,1,36,9,2,2.0,0.0
subject_overlap_session_cv,ordinal_classification,fold_4,b,filter_negative_margin,1,37,9,3,3.0,4.0
subject_overlap_session_cv,ordinal_classification,fold_4,b,filter_negative_margin,1,49,12,0,0.0,0.0
subject_overlap_session_cv,ordinal_classification,fold_4,b,filter_negative_margin,1,50,12,1,1.0,2.0
subject_overlap_session_cv,ordinal_classification,fold_4,b,filter_negative_margin,1,57,13,3,3.0,0.0
subject_overlap_session_cv,ordinal_classification,fold_4,b,filter_negative_margin,1,59,14,0,0.0,2.0
subject_overlap_session_cv,ordinal_classification,fold_4,b,filter_negative_margin,1,61,14,2,2.0,2.0
subject_overlap_session_cv,ordinal_classification,fold_4,b,filter_negative_margin,1,68,15,4,4.0,0.0
subject_overlap_session_cv,ordinal_classification,fold_4,b,filter_negative_margin,1,69,16,0,0.0,2.0
subject_overlap_session_cv,ordinal_classification,fold_4,b,append_margin_feature,1,1,1,2,2.0,2.0
subject_overlap_session_cv,ordinal_classification,fold_4,b,append_margin_feature,1,15,4,4,4.0,0.0
subject_overlap_session_cv,ordinal_classification,fold_4,b,append_margin_feature,1,21,6,2,2.0,2.0
subject_overlap_session_cv,ordinal_classification,fold_4,b,append_margin_feature,1,33,8,4,4.0,0.0
subject_overlap_session_cv,ordinal_classification,fold_4,b,append_margin_feature,1,35,9,1,1.0,2.0
subject_overlap_session_cv,ordinal_classification,fold_4,b,append_margin_feature,1,36,9,2,2.0,0.0
subject_overlap_session_cv,ordinal_classification,fold_4,b,append_margin_feature,1,37,9,3,3.0,4.0
subject_overlap_session_cv,ordinal_classification,fold_4,b,append_margin_feature,1,49,12,0,0.0,0.0
subject_overlap_session_cv,ordinal_classification,fold_4,b,append_margin_feature,1,50,12,1,1.0,2.0
subject_overlap_session_cv,ordinal_classification,fold_4,b,append_margin_feature,1,57,13,3,3.0,0.0
subject_overlap_session_cv,ordinal_classification,fold_4,b,append_margin_feature,1,59,14,0,0.0,2.0
subject_overlap_session_cv,ordinal_classification,fold_4,b,append_margin_feature,1,61,14,2,2.0,2.0
subject_overlap_session_cv,ordinal_classification,fold_4,b,append_margin_feature,1,68,15,4,4.0,0.0
subject_overlap_session_cv,ordinal_classification,fold_4,b,append_margin_feature,1,69,16,0,0.0,2.0
