subject,session_idx,session_name,rel_path,block_idx,stored_frame_start,stored_frame_stop_exclusive,n_raw,n_pass,pass_fraction,n_nan_inf,n_flatline,n_low_in_band,n_rms_flagged,raw_rms_median,raw_rms_mad,in_band_ratio_median,in_band_ratio_p10,in_band_ratio_p10_margin,energy_retention_median,energy_retention_mad,roi_to_total_median,roi_to_total_mad,peak_share_median,peak_share_mad,peak_bin_median,peak_bin_mad,peak_bin_iqr,peak_bin_mode,peak_bin_mode_share,peak_range_m_median,peak_range_m_mad,component_missing_reasons
1,0,8am,subject_1_8am.mat,0,0,20,20,1,0.050000000000000003,0,0,19,15,16.955754802020543,0.76760080936863773,0.21948566300983158,0.081972504521988163,-0.21802749547801181,0.14817837010754162,0,0.91238462621925931,0,0.46411854389945151,0,5,0,0,5,1,1.4970928426184582,0,{}
1,0,8am,subject_1_8am.mat,1,20,40,20,0,0,0,0,20,18,16.885237108165015,0.65788820958971606,0.22909843551726938,0.16525863784230466,-0.13474136215769533,,,,,,,,,,,,,,"{""energy_retention_mad"":""no_qc_passing_frames"",""energy_retention_median"":""no_qc_passing_frames"",""peak_bin_iqr"":""no_qc_passing_frames"",""peak_bin_mad"":""no_qc_passing_frames"",""peak_bin_median"":""no_qc_passing_frames"",""peak_bin_mode"":""no_qc_passing_frames"",""peak_bin_mode_share"":""no_qc_passing_frames"",""peak_range_m_mad"":""no_qc_passing_frames"",""peak_range_m_median"":""no_qc_passing_frames"",""peak_share_mad"":""no_qc_passing_frames"",""peak_share_median"":""no_qc_passing_frames"",""roi_to_total_mad"":""no_qc_passing_frames"",""roi_to_total_median"":""no_qc_passing_frames""}"
1,0,8am,subject_1_8am.mat,2,40,60,20,2,0.10000000000000001,0,0,18,20,16.943642794748406,0.90096719498249023,0.26809891033320354,0.23374103112208999,-0.066258968877909996,0.13578165730241154,0.017166718139224629,0.87371238910812588,0.0053024727902103441,0.44299570013860334,0.022324571125762138,4.5,0.5,0.5,4,0.5,1.3473835583566123,0.14970928426184582,{}
1,0,8am,subject_1_8am.mat,3,60,80,20,15,0.75,0,0,5,20,18.461582072881278,1.2781975077721075,0.35593604253575695,0.25462591243247384,-0.045374087567526145,0.16491630647821034,0.012351522013648142,0.88483297305678532,0.00284805754982842,0.46252724999555084,0.0098942110814579931,5,0,0,5,1,1.4970928426184582,0,{}
1,0,8am,subject_1_8am.mat,4,80,100,20,17,0.84999999999999998,0,0,3,16,18.412404699891272,1.0089011359325486,0.33628082145262572,0.28401761429092187,-0.015982385709078117,0.15819369206185471,0.010909868415529461,0.88989568858570089,0.010783285436669177,0.45825864165586266,0.0042543136203011533,5,0,0,5,1,1.4970928426184582,0,{}
1,1,10am,subject_1_10am.mat,0,0,20,20,18,0.90000000000000002,0,0,2,15,16.955754802020543,0.76762242380054779,0.47305235349306068,0.31279035418992507,0.012790354189925079,0.18855188526982591,0.040649074853447681,0.9188272646670248,0.0028201686113030755,0.4467481474466255,0.0039780152697427573,5,0,0,5,0.94444444444444442,1.4970928426184582,0,{}
1,1,10am,subject_1_10am.mat,1,20,40,20,20,1,0,0,0,18,16.885237108165015,0.65788820958971606,0.48898735766684631,0.43274158328849988,0.13274158328849989,0.19839851955517473,0.016195848972959864,0.92828055471092497,0.0013413812824424332,0.4636828067530665,0.0029812976493232834,5,0,0,5,1,1.4970928426184582,0,{}
1,1,10am,subject_1_10am.mat,2,40,60,20,20,1,0,0,0,20,16.943642794748406,0.90096719498249023,0.54318687938601817,0.49575764920864918,0.19575764920864919,0.23145555104527923,0.035740209809487472,0.93211567620382429,0.0021805435611741419,0.47036904543298363,0.0020450204666560556,5,0,0,5,1,1.4970928426184582,0,{}
1,1,10am,subject_1_10am.mat,3,60,80,20,20,1,0,0,0,20,18.461582072881278,1.2781975077721075,0.65570670580550017,0.51782616408899151,0.21782616408899153,0.37543924189727418,0.064957571461077918,0.93635999020774419,0.0021617046922018379,0.4774461073494346,0.0032702172921394157,5,0,0,5,1,1.4970928426184582,0,{}
1,1,10am,subject_1_10am.mat,4,80,100,20,20,1,0,0,0,16,18.412404699891272,1.0089011359325486,0.61943832228074325,0.54876389724618746,0.24876389724618747,0.32322973877145295,0.050889095363124415,0.93808332952605067,0.00092805813424157169,0.48011277289419607,0.0014315526957975611,5,0,0,5,1,1.4970928426184582,0,{}
1,2,12pm,subject_1_12pm.mat,0,0,20,20,20,1,0,0,0,14,19.023488434635855,0.38965797950314851,0.70707463237018886,0.68639694771790694,0.38639694771790695,0.44708449686633572,0.018371735112393289,0.94544758754034897,0.0020244186695785316,0.49205172845496825,0.0029061848106810007,5,0,0,5,1,1.4970928426184582,0,{}
1,2,12pm,subject_1_12pm.mat,1,20,40,20,20,1,0,0,0,11,18.332834407572129,0.38099051934402084,0.67563330269054322,0.6452347135637938,0.34523471356379382,0.39784663703839129,0.028536602842207215,0.95186945945793933,0.00076703402672589904,0.50250499501939916,0.001324496099287864,5,0,0,5,1,1.4970928426184582,0,{}
1,2,12pm,subject_1_12pm.mat,2,40,60,20,20,1,0,0,0,12,17.990739509233194,0.27036726637854436,0.65950394022095882,0.60221497993658557,0.30221497993658558,0.37995535561484184,0.028475632160477105,0.95348713241802052,0.0022059774691601253,0.50611866146996476,0.0038415127451437159,5,0,0,5,1,1.4970928426184582,0,{}
1,2,12pm,subject_1_12pm.mat,3,60,80,20,20,1,0,0,0,14,17.531546336769139,0.32471687282207995,0.670125883893256,0.60404667322821326,0.30404667322821327,0.40326940486418383,0.038786769147000577,0.95519911453102435,0.001031629765795683,0.50890024318089488,0.001151345919958191,5,0,0,5,1,1.4970928426184582,0,{}
1,2,12pm,subject_1_12pm.mat,4,80,100,20,20,1,0,0,0,9,18.278351823132898,0.26695768248296758,0.66802286437465641,0.62234156570899246,0.32234156570899247,0.39055135018318593,0.045101802260441554,0.95206789899189381,0.0010941214129930876,0.5031017025051574,0.0020753491191892737,5,0,0,5,1,1.4970928426184582,0,{}
1,3,2pm,subject_1_2pm.mat,0,0,20,20,20,1,0,0,0,20,19.251490193926706,0.76280529150558962,0.52322023052645528,0.50015146901771979,0.2001514690177198,0.33184280046675918,0.0044052225604769013,0.93091380896713694,0.0056259463400514242,0.4796222172810522,0.0094897993332309083,5,0,1,5,0.69999999999999996,1.4970928426184582,0,{}
1,3,2pm,subject_1_2pm.mat,1,20,40,20,20,1,0,0,0,19,20.148451706499273,0.62271550514870988,0.40194861177885038,0.35513900563068973,0.055139005630689741,0.26954750918182746,0.031924459210497941,0.90992708945062994,0.00947717152922678,0.51401638199004585,0.033153688354905453,6,0,0,6,0.90000000000000002,1.7965114111421496,0,{}
1,3,2pm,subject_1_2pm.mat,2,40,60,20,20,1,0,0,0,15,20.03633560500646,0.58549698940965023,0.3938722134303051,0.3433287861382055,0.043328786138205511,0.27426486317825705,0.023605974083607428,0.91390234736573905,0.0064492284102295461,0.49309327848412121,0.018852998733192683,6,0,1,6,0.69999999999999996,1.7965114111421496,0,{}
1,3,2pm,subject_1_2pm.mat,3,60,80,20,20,1,0,0,0,18,19.872062630917497,0.58472239093604905,0.33949345335927639,0.31643225237603856,0.01643225237603857,0.24911669496471109,0.020081588589634491,0.90643835316605803,0.0052287451260547013,0.50612394677884542,0.018993411136674215,6,0,0,6,1,1.7965114111421496,0,{}
1,3,2pm,subject_1_2pm.mat,4,80,100,20,20,1,0,0,0,19,19.32206750901598,0.37318718480680246,0.36582688333815072,0.31681790182335157,0.016817901823351578,0.26408291314891885,0.029644113678093165,0.91095864732126419,0.010002693611661784,0.50151707875304852,0.029663872418334819,6,0,0,6,0.80000000000000004,1.7965114111421496,0,{}
1,4,4pm,subject_1_4pm.mat,0,0,20,20,0,0,0,0,20,0,29.356310067811837,1.0958570367213341,0.25376846794869057,0.17542082861597774,-0.12457917138402225,,,,,,,,,,,,,,"{""energy_retention_mad"":""no_qc_passing_frames"",""energy_retention_median"":""no_qc_passing_frames"",""peak_bin_iqr"":""no_qc_passing_frames"",""peak_bin_mad"":""no_qc_passing_frames"",""peak_bin_median"":""no_qc_passing_frames"",""peak_bin_mode"":""no_qc_passing_frames"",""peak_bin_mode_share"":""no_qc_passing_frames"",""peak_range_m_mad"":""no_qc_passing_frames"",""peak_range_m_median"":""no_qc_passing_frames"",""peak_share_mad"":""no_qc_passing_frames"",""peak_share_median"":""no_qc_passing_frames"",""roi_to_total_mad"":""no_qc_passing_frames"",""roi_to_total_median"":""no_qc_passing_frames""}"
1,4,4pm,subject_1_4pm.mat,1,20,40,20,1,0.050000000000000003,0,0,19,0,28.364194019812857,0.52966819646268881,0.22126971995084488,0.16146470405396904,-0.13853529594603095,0.15228608209494465,0,0.92637032797682795,0,0.47777665049874196,0,5,0,0,5,1,1.4970928426184582,0,{}
1,4,4pm,subject_1_4pm.mat,2,40,60,20,0,0,0,0,20,0,26.456094927182654,0.58556092839991614,0.20724545829111335,0.1654703793992055,-0.13452962060079449,,,,,,,,,,,,,,"{""energy_retention_mad"":""no_qc_passing_frames"",""energy_retention_median"":""no_qc_passing_frames"",""peak_bin_iqr"":""no_qc_passing_frames"",""peak_bin_mad"":""no_qc_passing_frames"",""peak_bin_median"":""no_qc_passing_frames"",""peak_bin_mode"":""no_qc_passing_frames"",""peak_bin_mode_share"":""no_qc_passing_frames"",""peak_range_m_mad"":""no_qc_passing_frames"",""peak_range_m_median"":""no_qc_passing_frames"",""peak_share_mad"":""no_qc_passing_frames"",""peak_share_median"":""no_qc_passing_frames"",""roi_to_total_mad"":""no_qc_passing_frames"",""roi_to_total_median"":""no_qc_passing_frames""}"
1,4,4pm,subject_1_4pm.mat,3,60,80,20,0,0,0,0,20,0,26.464483302743613,0.89191447958528691,0.23708507267622503,0.19916716098619733,-0.10083283901380266,,,,,,,,,,,,,,"{""energy_retention_mad"":""no_qc_passing_frames"",""energy_retention_median"":""no_qc_passing_frames"",""peak_bin_iqr"":""no_qc_passing_frames"",""peak_bin_mad"":""no_qc_passing_frames"",""peak_bin_median"":""no_qc_passing_frames"",""peak_bin_mode"":""no_qc_passing_frames"",""peak_bin_mode_share"":""no_qc_passing_frames"",""peak_range_m_mad"":""no_qc_passing_frames"",""peak_range_m_median"":""no_qc_passing_frames"",""peak_share_mad"":""no_qc_passing_frames"",""peak_share_median"":""no_qc_passing_frames"",""roi_to_total_mad"":""no_qc_passing_frames"",""roi_to_total_median"":""no_qc_passing_frames""}"
1,4,4pm,subject_1_4pm.mat,4,80,100,20,0,0,0,0,20,0,26.903257089222095,1.2962404467212245,0.22928503397189864,0.16660994605863211,-0.13339005394136788,,,,,,,,,,,,,,"{""energy_retention_mad"":""no_qc_passing_frames"",""energy_retention_median"":""no_qc_passing_frames"",""peak_bin_iqr"":""no_qc_passing_frames"",""peak_bin_mad"":""no_qc_passing_frames"",""peak_bin_median"":""no_qc_passing_frames"",""peak_bin_mode"":""no_qc_passing_frames"",""peak_bin_mode_share"":""no_qc_passing_frames"",""peak_range_m_mad"":""no_qc_passing_frames"",""peak_range_m_median"":""no_qc_passing_frames"",""peak_share_mad"":""no_qc_passing_frames"",""peak_share_median"":""no_qc_passing_frames"",""roi_to_total_mad"":""no_qc_passing_frames"",""roi_to_total_median"":""no_qc_passing_frames""}"
2,0,8am,subject_2_8am.mat,0,0,20,20,20,1,0,0,0,0,31.713093907352839,1.4894264323950317,0.37721627709705519,0.34831386155592026,0.048313861555920268,0.27989518551417125,0.013455732514010665,0.90612893755059098,0.0032222391757335545,0.57460822057916983,0.0085004513267958326,6,0,0,6,1,1.7965114111421496,0,{}
2,0,8am,subject_2_8am.mat,1,20,40,20,20,1,0,0,0,0,32.629859865296837,0.99838743018098164,0.33291393171773087,0.31794386042546202,0.017943860425462033,0.25657844237891525,0.0069387662439303055,0.90630518637230861,0.0040276444130370459,0.57430612946034909,0.010406108876224229,6,0,0,6,1,1.7965114111421496,0,{}
2,0,8am,subject_2_8am.mat,2,40,60,20,20,1,0,0,0,1,32.305870244906501,0.90439881219587548,0.32095749895691938,0.30807173063694149,0.0080717306369414987,0.25060851559507186,0.0075363104099541445,0.90801539458538416,0.0043117987038915895,0.57156269433924778,0.011158789397871571,6,0,0,6,1,1.7965114111421496,0,{}
2,0,8am,subject_2_8am.mat,3,60,80,20,20,1,0,0,0,1,32.85569676318535,1.3426449725854841,0.33014205362651317,0.3117327222615876,0.011732722261587614,0.25253032752540056,0.0070191351967977544,0.9076393479241287,0.0045017846837348552,0.57400942804148725,0.010555607261620137,6,0,0,6,1,1.7965114111421496,0,{}
2,0,8am,subject_2_8am.mat,4,80,100,20,20,1,0,0,0,1,31.74769431492258,1.6558277164374822,0.3608204497871384,0.34418106149305222,0.044181061493052232,0.27373104739603765,0.008024731432469151,0.90613611481671974,0.0058773049059180904,0.57830910319938511,0.013685472211472927,6,0,0,6,1,1.7965114111421496,0,{}
2,1,10am,subject_2_10am.mat,0,0,20,20,20,1,0,0,0,2,30.066654113575886,0.47123440717278164,0.68135311066987447,0.65474533256360679,0.3547453325636068,0.45778075221434356,0.011093133219374468,0.92004526799923991,0.001151007349563693,0.54153255854686777,0.0040175628891157555,6,0,0,6,1,1.7965114111421496,0,{}
2,1,10am,subject_2_10am.mat,1,20,40,20,20,1,0,0,0,7,29.955811441056227,0.4653266495489099,0.70600355077232879,0.66640724379791072,0.36640724379791073,0.47744757553551942,0.021513300127077084,0.91868546272918172,0.0017580383107663744,0.54427132751544893,0.0053191286759091683,6,0,0,6,1,1.7965114111421496,0,{}
2,1,10am,subject_2_10am.mat,2,40,60,20,20,1,0,0,0,5,29.972259860701875,0.42326906926946428,0.69938931328283338,0.686893288109516,0.38689328810951601,0.47200779863451636,0.011745229113139494,0.91769945682609166,0.00050069261946744659,0.5481794719013221,0.001438784787502867,6,0,0,6,1,1.7965114111421496,0,{}
2,1,10am,subject_2_10am.mat,3,60,80,20,20,1,0,0,0,7,29.689226166555944,0.96933577297308382,0.72466825446686189,0.68534707682104623,0.38534707682104624,0.49588913479218055,0.018440495156123948,0.91524627847554318,0.00069223949524249706,0.55463347367574689,0.0016399678031295828,6,0,0,6,1,1.7965114111421496,0,{}
2,1,10am,subject_2_10am.mat,4,80,100,20,20,1,0,0,0,5,28.165096310624033,0.46439285564478183,0.69342301994678135,0.67180230077071257,0.37180230077071258,0.45906547800796271,0.019280432983410228,0.91221943599248934,0.00083256231054057439,0.56112326191260342,0.0027372310768736807,6,0,0,6,1,1.7965114111421496,0,{}
2,2,12pm,subject_2_12pm.mat,0,0,20,20,20,1,0,0,0,19,32.594636157624805,2.5722972207096078,0.83256056904076547,0.74519912225324558,0.44519912225324559,0.43627123212717828,0.098055165098806157,0.86295087989456376,0.0058704265828183333,0.61222420947268819,0.0048985318773233644,4,0,0,4,1,1.1976742740947666,0,{}
2,2,12pm,subject_2_12pm.mat,1,20,40,20,20,1,0,0,0,20,32.419216023162697,1.3920786082630698,0.81240910522998999,0.75780681282584028,0.45780681282584029,0.4280842678451503,0.054048424188097022,0.86411785416544595,0.0034163870194764967,0.61319832128431884,0.0033773848707149834,4,0,0,4,1,1.1976742740947666,0,{}
2,2,12pm,subject_2_12pm.mat,2,40,60,20,20,1,0,0,0,15,35.524061592133769,2.0927847476046999,0.92045110133442298,0.78353465447131998,0.48353465447131999,0.54548309870420297,0.072349593096157794,0.86882966000167561,0.002526155144898512,0.61184012925832687,0.0037840547555851867,4,0,0,4,1,1.1976742740947666,0,{}
2,2,12pm,subject_2_12pm.mat,3,60,80,20,20,1,0,0,0,14,36.68398484564073,2.3643063412303142,0.84272964394753069,0.75017628690303939,0.4501762869030394,0.47520838064975257,0.066926940754324288,0.86752944323124837,0.0035521851467011367,0.61118335462656248,0.0036855651589324245,4,0,0,4,1,1.1976742740947666,0,{}
2,2,12pm,subject_2_12pm.mat,4,80,100,20,20,1,0,0,0,8,41.201563611660859,2.4361837257173882,0.84804700779364217,0.75988534088182724,0.45988534088182725,0.4952566369016177,0.082110219629848213,0.86977775462986562,0.0042960743758221343,0.61055746907287034,0.0048193033922744877,4,0,0,4,1,1.1976742740947666,0,{}
2,3,2pm,subject_2_2pm.mat,0,0,20,20,20,1,0,0,0,19,29.677837827536202,0.50822620833078602,0.59413771704647411,0.56739157763041592,0.26739157763041593,0.4352926429563041,0.010338312833991503,0.89974233488132627,0.0027535024162295141,0.58179808795014165,0.0069344776059583335,6,0,0,6,1,1.7965114111421496,0,{}
2,3,2pm,subject_2_2pm.mat,1,20,40,20,20,1,0,0,0,19,28.850134179099243,0.82099439386126782,0.64898972027059043,0.61593208349694084,0.31593208349694085,0.47447950169167707,0.017090542581445961,0.90106500061305739,0.0031611776812269787,0.58003836922812158,0.0075134475813077306,6,0,0,6,1,1.7965114111421496,0,{}
2,3,2pm,subject_2_2pm.mat,2,40,60,20,20,1,0,0,0,20,28.874147996084687,0.88537191006633797,0.7364940833572764,0.66226640344161858,0.36226640344161859,0.53802546849712152,0.024092885147703247,0.90936575273113762,0.004310393056617845,0.55801563056154357,0.011664911230994557,6,0,0,6,1,1.7965114111421496,0,{}
2,3,2pm,subject_2_2pm.mat,3,60,80,20,20,1,0,0,0,19,29.870081975466157,1.0668707686939651,0.72549608524237108,0.62455072283434288,0.32455072283434289,0.52898357424337483,0.046414228472495184,0.91113575602534946,0.006056811617921265,0.55657078254190528,0.016511982981738449,6,0,0,6,1,1.7965114111421496,0,{}
2,3,2pm,subject_2_2pm.mat,4,80,100,20,20,1,0,0,0,18,30.751942344068638,0.9238570906627892,0.73528758539605654,0.67770025290782421,0.37770025290782422,0.53956657861882773,0.033516332604896837,0.90907968338445255,0.0037160303888824631,0.56209480366536824,0.011350271383836763,6,0,0,6,1,1.7965114111421496,0,{}
2,4,4pm,subject_2_4pm.mat,0,0,20,20,20,1,0,0,0,8,27.046540679271441,0.77091973220660392,0.79973019735666573,0.71532148127639017,0.41532148127639018,0.56098210139528615,0.023602791928418965,0.95176266235777596,0.0014742937448643523,0.4986687041864627,0.0023522777368669701,5,0,0,5,1,1.4970928426184582,0,{}
2,4,4pm,subject_2_4pm.mat,1,20,40,20,20,1,0,0,0,19,24.793786599030781,0.74226808547929757,0.78200319856916156,0.73072220286351008,0.4307222028635101,0.53599601386765539,0.017425600048179668,0.95116464695837299,0.0029624786551487592,0.49531235327023337,0.0039106068896299084,5,0,0,5,1,1.4970928426184582,0,{}
2,4,4pm,subject_2_4pm.mat,2,40,60,20,20,1,0,0,0,20,22.952937406420265,0.70983802631648096,0.78400006069539563,0.73785867059040433,0.43785867059040434,0.5280652943372115,0.016614713773057899,0.95171123270382263,0.0026395073388284507,0.49436928110121714,0.0038772746483990983,5,0,0,5,1,1.4970928426184582,0,{}
2,4,4pm,subject_2_4pm.mat,3,60,80,20,20,1,0,0,0,20,23.363103967341253,0.41539639664421379,0.79630152399064347,0.7575110075629824,0.45751100756298241,0.53239862861194343,0.02010457389498127,0.95214386545799634,0.0023556514586429156,0.4940679737174547,0.00331442523684497,5,0,0,5,1,1.4970928426184582,0,{}
2,4,4pm,subject_2_4pm.mat,4,80,100,20,20,1,0,0,0,20,21.865989699618851,0.41835497540659361,0.78885906907234715,0.72894551244308359,0.4289455124430836,0.51819608988053667,0.017879042982669235,0.95154714326063949,0.0023342141823892715,0.4925951713118083,0.0029316529679884185,5,0,0,5,1,1.4970928426184582,0,{}
3,0,8am,subject_3_8am.mat,0,0,20,20,20,1,0,0,0,0,24.179644119775123,2.0154797419522303,0.521028777525262,0.47439557949119993,0.17439557949119994,0.33108059589999073,0.028821813620646758,0.9610095401744414,0.0043712066089247048,0.51266169500629988,0.007917500440491998,5,0,0,5,1,1.4970928426184582,0,{}
3,0,8am,subject_3_8am.mat,1,20,40,20,20,1,0,0,0,2,24.377950350681587,1.4984046171151437,0.50234274401982315,0.46583416862053956,0.16583416862053957,0.31800105376710319,0.028479338723427894,0.9632231507211686,0.002932213653279947,0.51637543708408074,0.0058513194582519024,5,0,0,5,1,1.4970928426184582,0,{}
3,0,8am,subject_3_8am.mat,2,40,60,20,20,1,0,0,0,1,24.452676743646894,2.3462134710201603,0.51385630363296575,0.4703215315805494,0.17032153158054941,0.31642375679496931,0.032742388551778245,0.96073710016431746,0.0048192550020829672,0.5114369599050157,0.0097220311632611467,5,0,0,5,1,1.4970928426184582,0,{}
3,0,8am,subject_3_8am.mat,3,60,80,20,20,1,0,0,0,0,26.335254176549178,1.2624576228195501,0.47871319279302504,0.45057344507823399,0.150573445078234,0.2854450844702251,0.012001925507125755,0.95751001490506749,0.0018140163636742312,0.50558935049457077,0.0034741957909187327,5,0,0,5,1,1.4970928426184582,0,{}
3,0,8am,subject_3_8am.mat,4,80,100,20,20,1,0,0,0,2,24.916435494532756,0.96083374987576953,0.49579931415098877,0.47650491637874409,0.1765049163787441,0.30723242565238917,0.01041163146949925,0.96107729026812083,0.00043455927655189353,0.51173289576077463,0.00074617592088832563,5,0,0,5,1,1.4970928426184582,0,{}
3,1,10am,subject_3_10am.mat,0,0,20,20,14,0.69999999999999996,0,0,6,0,15.282775603512345,0.64843250186347223,0.35379246744986725,0.28918656179788166,-0.010813438202118331,0.26414486299980211,0.015460289198150567,0.9439044403269401,0.0065051816176349142,0.48864119697055652,0.0091904573815034529,5,0,0,5,0.8571428571428571,1.4970928426184582,0,{}
3,1,10am,subject_3_10am.mat,1,20,40,20,8,0.40000000000000002,0,0,12,0,16.690498726194594,0.58396711339272933,0.27851975819692354,0.2237962481332727,-0.076203751866727287,0.22115881170953575,0.00095045618671307786,0.93074226847225616,0.0011471482992983506,0.51171747088687736,0.0039875767840522602,6,0,0,6,1,1.7965114111421496,0,{}
3,1,10am,subject_3_10am.mat,2,40,60,20,0,0,0,0,20,0,15.89586486587466,0.62670860486114854,0.21430598434938317,0.16955789859740461,-0.13044210140259538,,,,,,,,,,,,,,"{""energy_retention_mad"":""no_qc_passing_frames"",""energy_retention_median"":""no_qc_passing_frames"",""peak_bin_iqr"":""no_qc_passing_frames"",""peak_bin_mad"":""no_qc_passing_frames"",""peak_bin_median"":""no_qc_passing_frames"",""peak_bin_mode"":""no_qc_passing_frames"",""peak_bin_mode_share"":""no_qc_passing_frames"",""peak_range_m_mad"":""no_qc_passing_frames"",""peak_range_m_median"":""no_qc_passing_frames"",""peak_share_mad"":""no_qc_passing_frames"",""peak_share_median"":""no_qc_passing_frames"",""roi_to_total_mad"":""no_qc_passing_frames"",""roi_to_total_median"":""no_qc_passing_frames""}"
3,1,10am,subject_3_10am.mat,3,60,80,20,10,0.5,0,0,10,1,14.182760525625365,0.44108968765397449,0.2955009984844067,0.24265288717740069,-0.0573471128225993,0.18873026130004739,0.021727805450379806,0.95294170714472948,0.0072569559923098548,0.50766202636649105,0.00677555811318864,5,0,0,5,0.80000000000000004,1.4970928426184582,0,{}
3,1,10am,subject_3_10am.mat,4,80,100,20,5,0.25,0,0,15,4,13.089983398398889,0.42679815711341718,0.23680321724767195,0.13334734090203923,-0.16665265909796076,0.31786285235410305,0.022888059103423508,0.96465139377968423,0.0014093900054148456,0.53561757040329294,0.0018472660231992899,5,0,0,5,1,1.4970928426184582,0,{}
3,2,12pm,subject_3_12pm.mat,0,0,20,20,20,1,0,0,0,13,15.587404580776793,1.2241385897423385,0.40007924484603136,0.32686607960845776,0.026866079608457771,0.26625756304205239,0.050484855872177603,0.95283865432674486,0.016949348647220863,0.51876640446401845,0.022255822923242657,5,0,1,5,0.69999999999999996,1.4970928426184582,0,{}
3,2,12pm,subject_3_12pm.mat,1,20,40,20,20,1,0,0,0,18,12.033791411844124,0.43635498497056613,0.5182252691990249,0.46469774865245189,0.1646977486524519,0.26270677097289935,0.017645090901441562,0.93109903917507297,0.0023385940789558135,0.4783479960321082,0.0044123782408525269,5,0,0,5,1,1.4970928426184582,0,{}
3,2,12pm,subject_3_12pm.mat,2,40,60,20,20,1,0,0,0,17,12.239033266339206,0.36721164125440087,0.5282819024318115,0.4875007223161556,0.18750072231615561,0.27273950418898457,0.046246127516543306,0.93171004083611275,0.0014726481207199549,0.48162862824278829,0.003691398511257854,5,0,0,5,1,1.4970928426184582,0,{}
3,2,12pm,subject_3_12pm.mat,3,60,80,20,20,1,0,0,0,13,13.399252003808332,0.30381963838240633,0.50277591385885012,0.49157337181139704,0.19157337181139705,0.25502300803698763,0.037328564709582679,0.94322208649837946,0.0016119490671924752,0.49449079238036125,0.0016821686794539492,5,0,0,5,1,1.4970928426184582,0,{}
3,2,12pm,subject_3_12pm.mat,4,80,100,20,19,0.94999999999999996,0,0,1,3,11.849217350158144,0.57504277400616743,0.403031520479604,0.34908054345243572,0.049080543452435732,0.17998594285557831,0.012754992838597295,0.95840056601386692,0.001935065424147453,0.51543907435443514,0.0043787351078230508,5,0,0,5,1,1.4970928426184582,0,{}
3,3,2pm,subject_3_2pm.mat,0,0,20,20,20,1,0,0,0,6,19.374297907417688,0.5321846558096599,0.71404346959093679,0.68635288228099911,0.38635288228099912,0.53969675267983774,0.019165799411567264,0.96485194254955275,0.0013679732599423677,0.5210654776071213,0.0023287336258501767,5,0,0,5,1,1.4970928426184582,0,{}
3,3,2pm,subject_3_2pm.mat,1,20,40,20,20,1,0,0,0,2,19.422869990760852,0.70727821661133028,0.68093094818709665,0.67131675572276939,0.3713167557227694,0.51453670941934182,0.0056343619256813415,0.96472213072989832,0.00079773425556184385,0.52158568633928049,0.0018956223635109293,5,0,0,5,1,1.4970928426184582,0,{}
3,3,2pm,subject_3_2pm.mat,2,40,60,20,20,1,0,0,0,10,20.249420697958108,1.7250064290756733,0.68692655508619382,0.64037621838217151,0.34037621838217152,0.52583676219709163,0.029695962972040246,0.96563597769395182,0.0014425645750497651,0.52404475922032212,0.0033555182315246346,5,0,0,5,1,1.4970928426184582,0,{}
3,3,2pm,subject_3_2pm.mat,3,60,80,20,20,1,0,0,0,11,23.226041226524192,1.2852886306054518,0.66399006278783412,0.63769966867194505,0.33769966867194506,0.50610749258950749,0.008029456711547367,0.96657493400457373,0.00049220658207688173,0.52840147241532764,0.001040348603393193,5,0,0,5,1,1.4970928426184582,0,{}
3,3,2pm,subject_3_2pm.mat,4,80,100,20,20,1,0,0,0,10,18.110749918444849,2.9942154588836285,0.6922074274677732,0.57856413470094192,0.27856413470094193,0.51263191551717502,0.019525000109028745,0.96996648599668944,0.0034691738948898765,0.53426736607168501,0.0086624479396579801,5,0,0,5,1,1.4970928426184582,0,{}
3,4,4pm,subject_3_4pm.mat,0,0,20,20,20,1,0,0,0,12,14.6901102883925,0.53065577005657438,0.68104555982006254,0.54552116831307662,0.24552116831307663,0.4745030870571188,0.033838115966552174,0.97780637937710901,0.0050357742639102199,0.55084391943234756,0.0078518310764797428,5,0,0,5,1,1.4970928426184582,0,{}
3,4,4pm,subject_3_4pm.mat,1,20,40,20,20,1,0,0,0,11,15.977532766630677,0.92670990692867861,0.70192420461999006,0.59370822606851004,0.29370822606851005,0.49401262162485227,0.051341650456641436,0.96641755466182344,0.0070359088299147277,0.53168360171992168,0.013891637066643536,5,0,0,5,1,1.4970928426184582,0,{}
3,4,4pm,subject_3_4pm.mat,2,40,60,20,20,1,0,0,0,18,15.363555177942558,0.50125533160261426,0.79663560611697548,0.72201573882308689,0.42201573882308691,0.58734421210531895,0.018054835862982899,0.96076867748996109,0.0019027159048083941,0.51902788541444789,0.0040773926070720723,5,0,0,5,1,1.4970928426184582,0,{}
3,4,4pm,subject_3_4pm.mat,3,60,80,20,20,1,0,0,0,20,16.143876060275836,0.3350344532845817,0.84979463175146019,0.8431114225416434,0.54311142254164335,0.64961657552016017,0.0090311103391177983,0.95321395490240302,0.0012513216941578142,0.50285957278582805,0.0018351212984825671,5,0,0,5,1,1.4970928426184582,0,{}
3,4,4pm,subject_3_4pm.mat,4,80,100,20,20,1,0,0,0,20,16.177889884929538,0.92275618527234471,0.81644917226357849,0.80240079702708345,0.5024007970270834,0.6133383648215005,0.011075876676451823,0.95239435047160081,0.0011262908208886646,0.50122525334190193,0.0016501812175357955,5,0,0,5,1,1.4970928426184582,0,{}
4,0,8am,subject_4_8am.mat,0,0,20,20,18,0.90000000000000002,0,0,2,8,17.649931704477638,1.0072846704375191,0.39846530270645419,0.3119159097289857,0.011915909728985707,0.23825203241600765,0.02019516894556922,0.96659611704648596,0.0026191698609991376,0.52334724728567661,0.0070189956638636586,5,0,0,5,1,1.4970928426184582,0,{}
4,0,8am,subject_4_8am.mat,1,20,40,20,20,1,0,0,0,6,18.121382917486994,0.23153716832977089,0.36561443359525014,0.33215404269467075,0.032154042694670759,0.22855084105126244,0.015024424626552485,0.96652965197139329,0.0020127035266241933,0.52194679991142867,0.0045930214063714114,5,0,0,5,1,1.4970928426184582,0,{}
4,0,8am,subject_4_8am.mat,2,40,60,20,18,0.90000000000000002,0,0,2,2,20.613060603287863,0.62249380221301465,0.34653352998881004,0.30113393649510906,0.0011339364951090669,0.22242472114729753,0.019846765843944472,0.96249731670107885,0.0017524946766783178,0.51393984214792088,0.0029820639722059616,5,0,0,5,1,1.4970928426184582,0,{}
4,0,8am,subject_4_8am.mat,3,60,80,20,20,1,0,0,0,2,19.886547337491869,0.48783743245771127,0.38660855089906349,0.33278988351262812,0.032789883512628126,0.23996724751645304,0.023746143079705406,0.96084694811084592,0.00082403197489949731,0.51005686665174821,0.0015501163181649846,5,0,0,5,1,1.4970928426184582,0,{}
4,0,8am,subject_4_8am.mat,4,80,100,20,20,1,0,0,0,1,20.155412147254594,1.4367655587292898,0.3632472737360799,0.33330426322965589,0.033304263229655906,0.22053843210998186,0.022499287081237593,0.95814984172037809,0.0038985603458305818,0.50431150724504481,0.0074981155722165238,5,0,0,5,1,1.4970928426184582,0,{}
4,1,10am,subject_4_10am.mat,0,0,20,20,20,1,0,0,0,5,15.680535619335839,0.65226671738156039,0.47480838964420657,0.43302286671543544,0.13302286671543545,0.28382768745211151,0.027993758748993514,0.90473799355390128,0.0045722362253051707,0.57757969566094813,0.013221366560415893,6,0,0,6,1,1.7965114111421496,0,{}
4,1,10am,subject_4_10am.mat,1,20,40,20,17,0.84999999999999998,0,0,3,15,12.780859899230263,0.9331607749585471,0.4302393379724696,0.26388988265848939,-0.036110117341510595,0.2892442347115477,0.033935971705522316,0.88761783127998628,0.012857141462083166,0.61528794524510455,0.020939998254591141,6,0,0,6,1,1.7965114111421496,0,{}
4,1,10am,subject_4_10am.mat,2,40,60,20,20,1,0,0,0,10,15.135636446233217,0.5574526212108557,0.50538754551638099,0.44492245339161673,0.14492245339161675,0.32347663987086328,0.040054759985955313,0.8997408932942883,0.0030578351028019424,0.58876857654175829,0.0088756423739047574,6,0,0,6,1,1.7965114111421496,0,{}
4,1,10am,subject_4_10am.mat,3,60,80,20,20,1,0,0,0,12,17.09718583318196,0.75999359239092179,0.5971126079982918,0.54818283119324085,0.24818283119324086,0.39756600222153099,0.018233209894289198,0.90385583547729653,0.0066557135473907514,0.58117187054532948,0.018752445768570825,6,0,0,6,1,1.7965114111421496,0,{}
4,1,10am,subject_4_10am.mat,4,80,100,20,20,1,0,0,0,17,17.845554282928962,0.25441752663665973,0.61379443127462063,0.57028711044796898,0.27028711044796899,0.43621992681495697,0.018203470226311774,0.90914354028405331,0.0043653504590286385,0.57041732638562848,0.018297327723393209,6,0,0,6,1,1.7965114111421496,0,{}
4,2,12pm,subject_4_12pm.mat,0,0,20,20,13,0.65000000000000002,0,0,7,20,15.738210520064476,0.36377827531067553,0.33112335885317679,0.19900824536310738,-0.10099175463689261,0.34822113844311231,0.071814002919932174,0.81057897111152699,0.015982533118638398,0.74830249732898291,0.020328993133824746,6,0,0,6,1,1.7965114111421496,0,{}
4,2,12pm,subject_4_12pm.mat,1,20,40,20,13,0.65000000000000002,0,0,7,20,16.239216370881117,0.35652952541208016,0.3968090798919891,0.23406493000729686,-0.065935069992703127,0.35558344448729379,0.055820249129957977,0.82028023546612661,0.010001516133964161,0.73597186628303035,0.018442996552624824,6,0,0,6,1,1.7965114111421496,0,{}
4,2,12pm,subject_4_12pm.mat,2,40,60,20,14,0.69999999999999996,0,0,6,20,15.970693621993277,0.59234079435278453,0.46068333979504328,0.21371481123088179,-0.086285188769118198,0.40291831760878499,0.045678916132478431,0.83433317331147627,0.0092286688886751844,0.71790591243302782,0.016432587072899962,6,0,0,6,1,1.7965114111421496,0,{}
4,2,12pm,subject_4_12pm.mat,3,60,80,20,14,0.69999999999999996,0,0,6,20,15.952617631753366,0.55226487072598296,0.40146905590251369,0.2579461617077351,-0.042053838292264889,0.36920495490683819,0.081746487973059445,0.83382428656997942,0.018249774532478003,0.71316639081194944,0.029893495911897994,6,0,0,6,1,1.7965114111421496,0,{}
4,2,12pm,subject_4_12pm.mat,4,80,100,20,12,0.59999999999999998,0,0,8,20,15.732481725432461,0.53854847619586543,0.34091680086018988,0.24528160146231595,-0.054718398537684038,0.38413800169993462,0.07838088752304348,0.83325809079523017,0.016156878706131861,0.71599491891281897,0.022881398491193972,6,0,0,6,1,1.7965114111421496,0,{}
4,3,2pm,subject_4_2pm.mat,0,0,20,20,10,0.5,0,0,10,20,9.9499857052684568,0.23150373953948566,0.30485084596799894,0.21743739504115206,-0.082562604958847929,0.14804055869278168,0.010655455672546998,0.89617381218670489,0.021921013760688224,0.47960497043519845,0.022725819180511336,5,0,1,5,0.59999999999999998,1.4970928426184582,0,{}
4,3,2pm,subject_4_2pm.mat,1,20,40,20,7,0.34999999999999998,0,0,13,20,9.4843072514138562,0.17297913286882061,0.26900892980799201,0.19746181009219596,-0.10253818990780403,0.12170275588935806,0.011167919841264681,0.87418495442392008,0.014196954368080328,0.4587044023595479,0.020160584994573683,6,0,1,6,0.5714285714285714,1.7965114111421496,0,{}
4,3,2pm,subject_4_2pm.mat,2,40,60,20,9,0.45000000000000001,0,0,11,20,9.4331471176289625,0.28716612720847223,0.29005835694960991,0.19700053641047613,-0.10299946358952386,0.13851674878308601,0.0082378566107920159,0.89229595852705268,0.031430576004737198,0.49928256907563212,0.023218768452829386,5,0,1,5,0.55555555555555558,1.4970928426184582,0,{}
4,3,2pm,subject_4_2pm.mat,3,60,80,20,2,0.10000000000000001,0,0,18,20,10.020907414878213,0.19838216315384738,0.27487735079035092,0.23435417161337266,-0.065645828386627331,0.12111921615907136,0.012966818229233748,0.88347301372246423,0.015044316721263773,0.47781751876424072,0.027098282096332471,5.5,0.5,0.5,5,0.5,1.6468021268803039,0.14970928426184571,{}
4,3,2pm,subject_4_2pm.mat,4,80,100,20,7,0.34999999999999998,0,0,13,20,10.337212716204947,0.25885494831565836,0.25951358946636438,0.21340525710060124,-0.086594742899398752,0.12023460915192144,0.0093538612791615461,0.8842659123789024,0.019259600422160572,0.47298969050763512,0.02245671908778285,6,0,0,6,0.8571428571428571,1.7965114111421496,0,{}
4,4,4pm,subject_4_4pm.mat,0,0,20,20,20,1,0,0,0,2,14.810830048343004,0.66800717886984362,0.57906657169707376,0.51395237092307311,0.21395237092307312,0.37738736810345497,0.013769373102030608,0.92761515732101385,0.0041893979085151911,0.48690463887820257,0.0088916976769355394,6,0,1,6,0.69999999999999996,1.7965114111421496,0,{}
4,4,4pm,subject_4_4pm.mat,1,20,40,20,20,1,0,0,0,4,13.966614614735494,1.332182121206321,0.56234422452679156,0.39895082970683682,0.098950829706836829,0.3851395936769636,0.030483710688613025,0.93677938925695947,0.0089090901120841837,0.49270253864753033,0.0076364980815003536,5,0,1,5,0.59999999999999998,1.4970928426184582,0,{}
4,4,4pm,subject_4_4pm.mat,2,40,60,20,17,0.84999999999999998,0,0,3,7,11.319673023959339,1.7097408896872457,0.46807578423559681,0.28098008344020065,-0.019019916559799344,0.32340242381162193,0.02624212546152066,0.93873725671006214,0.0085502629389339058,0.49154634879890807,0.01034911568532898,5,0,0,5,0.76470588235294112,1.4970928426184582,0,{}
4,4,4pm,subject_4_4pm.mat,3,60,80,20,20,1,0,0,0,2,12.679142196986394,0.46755733911729447,0.48510656640684874,0.35722196298669001,0.057221962986690023,0.29601931465683823,0.047781229841030837,0.91849408489220075,0.0097099692262328507,0.50387989016369417,0.016074331685419996,6,0,0,6,0.80000000000000004,1.7965114111421496,0,{}
4,4,4pm,subject_4_4pm.mat,4,80,100,20,15,0.75,0,0,5,15,11.853264090673434,0.96438512154368183,0.55351970995562905,0.21209614567821861,-0.087903854321781383,0.34749430038803164,0.054435684266174122,0.89278804186177174,0.015931400140291707,0.56558795056433397,0.042920051875187548,6,0,0,6,1,1.7965114111421496,0,{}
5,0,8am,subject_5_8am.mat,0,0,20,20,20,1,0,0,0,3,12.959882805272766,0.50650839920162838,0.39675035283623195,0.36211638426163667,0.062116384261636681,0.19368612248267336,0.016102349343796965,0.86704665966588867,0.0066839653314662018,0.44719862524718756,0.036243800034156948,6,0,1,6,0.65000000000000002,1.7965114111421496,0,{}
5,0,8am,subject_5_8am.mat,1,20,40,20,20,1,0,0,0,1,13.249318157508622,0.3933552424832758,0.38991896734969678,0.37324274870728941,0.073242748707289418,0.1949880324086927,0.021909449841064854,0.85881037497240487,0.0052346566876650957,0.42100893511729431,0.013941575643171472,5.5,0.5,1,5,0.5,1.6468021268803039,0.14970928426184571,{}
5,0,8am,subject_5_8am.mat,2,40,60,20,20,1,0,0,0,0,13.017618894289784,0.31425297538170405,0.41140757056633043,0.3699864764843237,0.069986476484323712,0.20911251953023635,0.015241517592379308,0.85700191583315433,0.0042187452076892229,0.40578522029967684,0.015854897972618354,6,0,1,6,0.55000000000000004,1.7965114111421496,0,{}
5,0,8am,subject_5_8am.mat,3,60,80,20,20,1,0,0,0,0,13.910572093484539,0.37684613992850835,0.40027070991995373,0.36547371945299978,0.06547371945299979,0.21201765768320824,0.02032276332063343,0.85712768418451346,0.0040478642080217786,0.40865065182651072,0.0084757973272840681,5.5,0.5,1,5,0.5,1.6468021268803039,0.14970928426184571,{}
5,0,8am,subject_5_8am.mat,4,80,100,20,20,1,0,0,0,0,14.437517441904641,0.25815943293408505,0.39467884578183843,0.37429463753377745,0.074294637533777463,0.2099758501483181,0.013494375031838909,0.85818133889260451,0.0028128149884003029,0.39452449023391678,0.0046745844260887293,5,0,1,5,0.55000000000000004,1.4970928426184582,0,{}
5,1,10am,subject_5_10am.mat,0,0,20,20,20,1,0,0,0,0,14.640730034006623,0.45978968910193174,0.43370585856858052,0.40706389079983357,0.10706389079983358,0.15888549357390258,0.009928589679982322,0.94921971965551033,0.0092896324676719488,0.4929092702710966,0.013291189695265826,5,0,0,5,1,1.4970928426184582,0,{}
5,1,10am,subject_5_10am.mat,1,20,40,20,20,1,0,0,0,0,14.999818784157924,0.31380890635659675,0.45103910126573604,0.41914839814117072,0.11914839814117073,0.17397813539067958,0.013481524981550586,0.94622721977522439,0.0081475966763942531,0.48772935685412888,0.010818313469298763,5,0,0,5,1,1.4970928426184582,0,{}
5,1,10am,subject_5_10am.mat,2,40,60,20,20,1,0,0,0,0,15.565809025567861,0.55217387767481529,0.46952922286191978,0.43719510350296753,0.13719510350296754,0.19400281566510419,0.015508237837323635,0.94500191806956202,0.0071610548198472457,0.48755408470707984,0.0094718933746318346,5,0,0,5,1,1.4970928426184582,0,{}
5,1,10am,subject_5_10am.mat,3,60,80,20,20,1,0,0,0,2,15.165718494010594,0.49001633975057413,0.47575223371832343,0.44871382551387445,0.14871382551387446,0.19662009478690773,0.012469210597608818,0.94066534140264002,0.0030132119786745459,0.48245386836910026,0.004763601308186538,5,0,0,5,1,1.4970928426184582,0,{}
5,1,10am,subject_5_10am.mat,4,80,100,20,20,1,0,0,0,6,15.811774603122604,0.60124124517536792,0.48756182617141935,0.4780919869726864,0.17809198697268641,0.17724215178534908,0.003707140854715435,0.9343738616937789,0.0079436662105935585,0.4746257115738437,0.012279399499604465,5,0,0,5,1,1.4970928426184582,0,{}
5,2,12pm,subject_5_12pm.mat,0,0,20,20,20,1,0,0,0,1,17.02205027642961,0.57900669851594166,0.51617973093685898,0.48724518347314105,0.18724518347314106,0.22581881808643167,0.018676675773500073,0.85481603715903987,0.014771113424154325,0.40288841475234094,0.0096564253953486112,5,0,1,5,0.59999999999999998,1.4970928426184582,0,{}
5,2,12pm,subject_5_12pm.mat,1,20,40,20,20,1,0,0,0,12,15.898202032634778,0.96613853315763443,0.55417635442736368,0.48415684847469531,0.18415684847469532,0.26036236539001667,0.0094314400976115847,0.85011876629792194,0.0037234615578693453,0.4814305491177886,0.054741359623663555,6,0,0,6,1,1.7965114111421496,0,{}
5,2,12pm,subject_5_12pm.mat,2,40,60,20,20,1,0,0,0,10,14.270445787849146,0.52075984002940956,0.5424876380922552,0.52168376804638927,0.22168376804638928,0.23796545820432372,0.010581347870932956,0.83978703414216027,0.0048042941474664147,0.49979794012542145,0.058707531381387512,6,0,0,6,1,1.7965114111421496,0,{}
5,2,12pm,subject_5_12pm.mat,3,60,80,20,20,1,0,0,0,6,15.563116127444861,1.0772318278479469,0.52519901530878843,0.50675594331851792,0.20675594331851793,0.23665494080564609,0.0056177495627252882,0.84042953565746481,0.0034830974773589762,0.51389103248824985,0.048267530476693105,6,0,0,6,1,1.7965114111421496,0,{}
5,2,12pm,subject_5_12pm.mat,4,80,100,20,20,1,0,0,0,13,15.48299438838815,0.55518596322722402,0.53847132537833176,0.50875579235859736,0.20875579235859737,0.25238298176730001,0.01180966693189299,0.83743829159521099,0.0067724251338355801,0.56259398074610312,0.035282391235965438,6,0,0,6,1,1.7965114111421496,0,{}
5,3,2pm,subject_5_2pm.mat,0,0,20,20,20,1,0,0,0,20,11.624738364524546,0.19675789152212442,0.35688245066273688,0.32515576918890382,0.025155769188903832,0.13750455827944608,0.0034179017926485727,0.83261444495944215,0.024642068744087475,0.54300095020051009,0.018241790821761972,4,0,0,4,0.94999999999999996,1.1976742740947666,0,{}
5,3,2pm,subject_5_2pm.mat,1,20,40,20,11,0.55000000000000004,0,0,9,20,12.426023401455282,0.24279443137869627,0.3041621038004918,0.28171986511275032,-0.018280134887249666,0.14910265287286381,0.0083699184376226088,0.89246928969760586,0.03917863836645652,0.54698591681168585,0.036468571171604292,5,0,1,5,0.54545454545454541,1.4970928426184582,0,{}
5,3,2pm,subject_5_2pm.mat,2,40,60,20,8,0.40000000000000002,0,0,12,14,10.411614020223109,0.38694383567013091,0.28559559654292221,0.22118782686391761,-0.078812173136082381,0.24570930567388563,0.029958189315561129,0.96627876494125231,0.0085798542308111458,0.53112429352154733,0.020269067058538759,5,0,0,5,0.875,1.4970928426184582,0,{}
5,3,2pm,subject_5_2pm.mat,3,60,80,20,0,0,0,0,20,8,10.70714513491721,0.5834404123588719,0.25814391448312402,0.14106193289712832,-0.15893806710287167,,,,,,,,,,,,,,"{""energy_retention_mad"":""no_qc_passing_frames"",""energy_retention_median"":""no_qc_passing_frames"",""peak_bin_iqr"":""no_qc_passing_frames"",""peak_bin_mad"":""no_qc_passing_frames"",""peak_bin_median"":""no_qc_passing_frames"",""peak_bin_mode"":""no_qc_passing_frames"",""peak_bin_mode_share"":""no_qc_passing_frames"",""peak_range_m_mad"":""no_qc_passing_frames"",""peak_range_m_median"":""no_qc_passing_frames"",""peak_share_mad"":""no_qc_passing_frames"",""peak_share_median"":""no_qc_passing_frames"",""roi_to_total_mad"":""no_qc_passing_frames"",""roi_to_total_median"":""no_qc_passing_frames""}"
5,3,2pm,subject_5_2pm.mat,4,80,100,20,0,0,0,0,20,20,10.518458713416283,0.10703592725255451,0.23998572353063841,0.21094146001929864,-0.089058539980701346,,,,,,,,,,,,,,"{""energy_retention_mad"":""no_qc_passing_frames"",""energy_retention_median"":""no_qc_passing_frames"",""peak_bin_iqr"":""no_qc_passing_frames"",""peak_bin_mad"":""no_qc_passing_frames"",""peak_bin_median"":""no_qc_passing_frames"",""peak_bin_mode"":""no_qc_passing_frames"",""peak_bin_mode_share"":""no_qc_passing_frames"",""peak_range_m_mad"":""no_qc_passing_frames"",""peak_range_m_median"":""no_qc_passing_frames"",""peak_share_mad"":""no_qc_passing_frames"",""peak_share_median"":""no_qc_passing_frames"",""roi_to_total_mad"":""no_qc_passing_frames"",""roi_to_total_median"":""no_qc_passing_frames""}"
5,4,4pm,subject_5_4pm.mat,0,0,20,20,20,1,0,0,0,20,11.822342598738921,0.42005982600276948,0.52677629841767215,0.5033612921899947,0.20336129218999471,0.1107076660775704,0.0075291302727997986,0.96081262063973472,0.0030003811587461793,0.549182211732829,0.0069872764841269475,5,0,0,5,1,1.4970928426184582,0,{}
5,4,4pm,subject_5_4pm.mat,1,20,40,20,20,1,0,0,0,19,11.572419626154648,0.35767673136229483,0.50853865119533093,0.48583511646076971,0.18583511646076972,0.080367576165306459,0.004687346919917755,0.96169298069261444,0.0015878646675012154,0.53919622398669254,0.0037544798048858019,5,0,0,5,1,1.4970928426184582,0,{}
5,4,4pm,subject_5_4pm.mat,2,40,60,20,20,1,0,0,0,20,11.885921606997416,0.37441215810858708,0.50457623812658214,0.49199677413912291,0.19199677413912292,0.085591206299483955,0.012693424985250425,0.95626246704664775,0.0021936941663153187,0.52017586908678837,0.01024774538799017,5,0,0,5,1,1.4970928426184582,0,{}
5,4,4pm,subject_5_4pm.mat,3,60,80,20,20,1,0,0,0,20,11.624026185132704,0.37932031367288399,0.51827904810310133,0.50567112034101414,0.20567112034101415,0.097164729950755729,0.0041078649733421665,0.95151436099180842,0.0024834372085282275,0.51558256153900928,0.0097152299258074226,5,0,0,5,1,1.4970928426184582,0,{}
5,4,4pm,subject_5_4pm.mat,4,80,100,20,20,1,0,0,0,20,11.855016588431576,0.45708185493887488,0.52053038049475853,0.50132986761574727,0.20132986761574728,0.092293696863123359,0.0067387819466344437,0.95539882452997316,0.0049794661786511374,0.51924642656074527,0.013819299561888154,5,0,0,5,1,1.4970928426184582,0,{}
6,0,8am,subject_6_8am.mat,0,0,20,20,0,0,0,0,20,0,13.547067166024785,0.59649657385359056,0.20636215845087047,0.16193238795644807,-0.13806761204355192,,,,,,,,,,,,,,"{""energy_retention_mad"":""no_qc_passing_frames"",""energy_retention_median"":""no_qc_passing_frames"",""peak_bin_iqr"":""no_qc_passing_frames"",""peak_bin_mad"":""no_qc_passing_frames"",""peak_bin_median"":""no_qc_passing_frames"",""peak_bin_mode"":""no_qc_passing_frames"",""peak_bin_mode_share"":""no_qc_passing_frames"",""peak_range_m_mad"":""no_qc_passing_frames"",""peak_range_m_median"":""no_qc_passing_frames"",""peak_share_mad"":""no_qc_passing_frames"",""peak_share_median"":""no_qc_passing_frames"",""roi_to_total_mad"":""no_qc_passing_frames"",""roi_to_total_median"":""no_qc_passing_frames""}"
6,0,8am,subject_6_8am.mat,1,20,40,20,0,0,0,0,20,0,14.115843450687205,0.41922241066018451,0.22951160956103872,0.19972229596315833,-0.10027770403684166,,,,,,,,,,,,,,"{""energy_retention_mad"":""no_qc_passing_frames"",""energy_retention_median"":""no_qc_passing_frames"",""peak_bin_iqr"":""no_qc_passing_frames"",""peak_bin_mad"":""no_qc_passing_frames"",""peak_bin_median"":""no_qc_passing_frames"",""peak_bin_mode"":""no_qc_passing_frames"",""peak_bin_mode_share"":""no_qc_passing_frames"",""peak_range_m_mad"":""no_qc_passing_frames"",""peak_range_m_median"":""no_qc_passing_frames"",""peak_share_mad"":""no_qc_passing_frames"",""peak_share_median"":""no_qc_passing_frames"",""roi_to_total_mad"":""no_qc_passing_frames"",""roi_to_total_median"":""no_qc_passing_frames""}"
6,0,8am,subject_6_8am.mat,2,40,60,20,0,0,0,0,20,1,13.733023849492518,0.34579790792872078,0.18985906411910775,0.16543434852240888,-0.13456565147759111,,,,,,,,,,,,,,"{""energy_retention_mad"":""no_qc_passing_frames"",""energy_retention_median"":""no_qc_passing_frames"",""peak_bin_iqr"":""no_qc_passing_frames"",""peak_bin_mad"":""no_qc_passing_frames"",""peak_bin_median"":""no_qc_passing_frames"",""peak_bin_mode"":""no_qc_passing_frames"",""peak_bin_mode_share"":""no_qc_passing_frames"",""peak_range_m_mad"":""no_qc_passing_frames"",""peak_range_m_median"":""no_qc_passing_frames"",""peak_share_mad"":""no_qc_passing_frames"",""peak_share_median"":""no_qc_passing_frames"",""roi_to_total_mad"":""no_qc_passing_frames"",""roi_to_total_median"":""no_qc_passing_frames""}"
6,0,8am,subject_6_8am.mat,3,60,80,20,0,0,0,0,20,0,13.304889439066942,0.50840325547882603,0.21009511368761391,0.16117744552758984,-0.13882255447241015,,,,,,,,,,,,,,"{""energy_retention_mad"":""no_qc_passing_frames"",""energy_retention_median"":""no_qc_passing_frames"",""peak_bin_iqr"":""no_qc_passing_frames"",""peak_bin_mad"":""no_qc_passing_frames"",""peak_bin_median"":""no_qc_passing_frames"",""peak_bin_mode"":""no_qc_passing_frames"",""peak_bin_mode_share"":""no_qc_passing_frames"",""peak_range_m_mad"":""no_qc_passing_frames"",""peak_range_m_median"":""no_qc_passing_frames"",""peak_share_mad"":""no_qc_passing_frames"",""peak_share_median"":""no_qc_passing_frames"",""roi_to_total_mad"":""no_qc_passing_frames"",""roi_to_total_median"":""no_qc_passing_frames""}"
6,0,8am,subject_6_8am.mat,4,80,100,20,0,0,0,0,20,0,12.830542397390737,0.5393907650255203,0.21214556529836512,0.17915908645682482,-0.12084091354317517,,,,,,,,,,,,,,"{""energy_retention_mad"":""no_qc_passing_frames"",""energy_retention_median"":""no_qc_passing_frames"",""peak_bin_iqr"":""no_qc_passing_frames"",""peak_bin_mad"":""no_qc_passing_frames"",""peak_bin_median"":""no_qc_passing_frames"",""peak_bin_mode"":""no_qc_passing_frames"",""peak_bin_mode_share"":""no_qc_passing_frames"",""peak_range_m_mad"":""no_qc_passing_frames"",""peak_range_m_median"":""no_qc_passing_frames"",""peak_share_mad"":""no_qc_passing_frames"",""peak_share_median"":""no_qc_passing_frames"",""roi_to_total_mad"":""no_qc_passing_frames"",""roi_to_total_median"":""no_qc_passing_frames""}"
6,1,10am,subject_6_10am.mat,0,0,20,20,20,1,0,0,0,20,11.457758951975659,0.34491093120079874,0.61170152073866046,0.59543467269295647,0.29543467269295648,0.28282456671238965,0.0075773846435318037,0.96170864355006791,0.003500330073558211,0.53428146262055654,0.0073672589280986966,5,0,0,5,1,1.4970928426184582,0,{}
6,1,10am,subject_6_10am.mat,1,20,40,20,20,1,0,0,0,20,11.341815549858895,0.57404262428026342,0.59384052638806262,0.57991406688625613,0.27991406688625614,0.29561587718111798,0.0061824509447220843,0.96803061506545229,0.0015396338355307404,0.551400935294314,0.0042482111757207175,5,0,0,5,1,1.4970928426184582,0,{}
6,1,10am,subject_6_10am.mat,2,40,60,20,20,1,0,0,0,20,11.532350023478067,0.38257689259833505,0.63840328078448416,0.61244638321508482,0.31244638321508483,0.31383079734941188,0.0094413699703065901,0.97729292374378973,0.0025400566731794694,0.56027932489973242,0.0038577180963360047,5,0,0,5,1,1.4970928426184582,0,{}
6,1,10am,subject_6_10am.mat,3,60,80,20,20,1,0,0,0,17,12.226778040347579,0.64544233489685343,0.68384496401515138,0.6291520315627197,0.32915203156271972,0.34936299903812046,0.030243802681087867,0.97428374934217365,0.0055399897304646006,0.54546648867817971,0.0093839250396659524,5,0,0,5,1,1.4970928426184582,0,{}
6,1,10am,subject_6_10am.mat,4,80,100,20,20,1,0,0,0,14,12.830922089591343,0.57882414882343181,0.70302583905456539,0.59393726746596476,0.29393726746596477,0.38785138254781626,0.031390966843396512,0.97626984577480558,0.0037943867617249993,0.54826366540165883,0.010631370593348122,5,0,0,5,1,1.4970928426184582,0,{}
6,2,12pm,subject_6_12pm.mat,0,0,20,20,20,1,0,0,0,16,12.042901581523584,0.510247861736703,0.48586594876917749,0.41492553658666698,0.11492553658666699,0.24875159869604077,0.018676586749658913,0.78352878840383167,0.031037851352233359,0.48976613267722369,0.051353747385831705,5,1,2,6,0.40000000000000002,1.4970928426184582,0.29941856852369142,{}
6,2,12pm,subject_6_12pm.mat,1,20,40,20,20,1,0,0,0,14,12.511081236468785,0.68816263702204505,0.70884363966320552,0.54873918597558047,0.24873918597558048,0.33227516024371712,0.090438609178223328,0.94163686354467668,0.015204452553417402,0.49939175252040424,0.022398317027191583,5,0,1,5,0.65000000000000002,1.4970928426184582,0,{}
6,2,12pm,subject_6_12pm.mat,2,40,60,20,20,1,0,0,0,7,14.616629471135139,1.5249964754631646,0.73539599823106561,0.7061080226343347,0.40610802263433471,0.44553589606146626,0.04167961447794083,0.94443540664550529,0.0081563276063447709,0.49028045946983101,0.015685381192486247,5,0,0,5,0.94999999999999996,1.4970928426184582,0,{}
6,2,12pm,subject_6_12pm.mat,3,60,80,20,20,1,0,0,0,8,17.571616947574391,1.4837406052633906,0.74511915606974577,0.73816298659747859,0.4381629865974786,0.49598068527774869,0.012484097288991719,0.94913000534095771,0.0049631701137484163,0.49604155034949482,0.0098659518626351694,5,0,0,5,1,1.4970928426184582,0,{}
6,2,12pm,subject_6_12pm.mat,4,80,100,20,20,1,0,0,0,15,17.395369903771652,1.3876154062953958,0.75840039976641971,0.74335031284704522,0.44335031284704524,0.5281334254466139,0.0050447075855735712,0.94927704432147286,0.0051487819050324846,0.49497142606401906,0.008963741627448063,5,0,0,5,0.84999999999999998,1.4970928426184582,0,{}
6,3,2pm,subject_6_2pm.mat,0,0,20,20,20,1,0,0,0,20,14.064048736743455,1.934699922176617,0.60115276261310546,0.58394744188773984,0.28394744188773985,0.46006267896245318,0.013819361701544991,0.96514175834023797,0.0068004384582522892,0.54345597714014304,0.010344110878775237,5,0,0,5,1,1.4970928426184582,0,{}
6,3,2pm,subject_6_2pm.mat,1,20,40,20,20,1,0,0,0,20,14.280270446409942,2.0844522807102699,0.55008376250513158,0.51985666736512515,0.21985666736512516,0.40042602426529145,0.043486488052455474,0.96346763074621999,0.0075262435294796703,0.53811601147162524,0.011406303551417474,5,0,0,5,1,1.4970928426184582,0,{}
6,3,2pm,subject_6_2pm.mat,2,40,60,20,20,1,0,0,0,20,15.300913383514295,0.54508880625619316,0.72017297662880786,0.55199238917737514,0.25199238917737515,0.53253960665885314,0.14331680847931808,0.97022765251816923,0.0041412845534472553,0.53734746027880187,0.0022816318915336309,5,0,0,5,1,1.4970928426184582,0,{}
6,3,2pm,subject_6_2pm.mat,3,60,80,20,20,1,0,0,0,20,14.082654671513346,0.57471103133360746,0.66781396441735263,0.54527280782891363,0.24527280782891364,0.49736167900994549,0.10269328927426249,0.96964832697015357,0.0018333597463149887,0.53989443784135127,0.0037798583893920989,5,0,0,5,1,1.4970928426184582,0,{}
6,3,2pm,subject_6_2pm.mat,4,80,100,20,20,1,0,0,0,20,14.577438736743421,1.0021559600151511,0.77601425814878011,0.54710542581709098,0.247105425817091,0.60207161617332772,0.067431468865435107,0.97095380707578072,0.0011204096052513379,0.53900155729874633,0.005609455228083704,5,0,0,5,1,1.4970928426184582,0,{}
6,4,4pm,subject_6_4pm.mat,0,0,20,20,20,1,0,0,0,20,19.793097454781282,1.7463918221611436,0.43416408092635128,0.37104307952210452,0.071043079522104535,0.33005326669898172,0.029484427250189044,0.96561368625620303,0.0025259344073381151,0.55580077491221425,0.0065412994180799044,5,0,0,5,1,1.4970928426184582,0,{}
6,4,4pm,subject_6_4pm.mat,1,20,40,20,20,1,0,0,0,20,18.449966269123422,1.0429828600175224,0.41861692132519401,0.34671434392897288,0.04671434392897289,0.327569415841093,0.027357945161509106,0.96651100719245531,0.001532477658107434,0.55037571944293928,0.0040634239513025472,5,0,0,5,1,1.4970928426184582,0,{}
6,4,4pm,subject_6_4pm.mat,2,40,60,20,20,1,0,0,0,20,18.751912676202977,1.2682931422328103,0.42989325838189163,0.36677521353863296,0.066775213538632971,0.33121272023131854,0.016285824738421384,0.9667738628636553,0.0014726663475215784,0.54639768984479076,0.0068028607099326344,5,0,0,5,1,1.4970928426184582,0,{}
6,4,4pm,subject_6_4pm.mat,3,60,80,20,20,1,0,0,0,20,19.639943985085999,0.72423792520360841,0.44250024227806528,0.39489639584590369,0.094896395845903703,0.33287992940134092,0.0080866964380029993,0.96872944052958165,0.002626316462018552,0.54756030535193823,0.0080305312449475696,5,0,0,5,1,1.4970928426184582,0,{}
6,4,4pm,subject_6_4pm.mat,4,80,100,20,20,1,0,0,0,20,17.35235286619579,1.3079378388181908,0.43979619427651578,0.38911920869482869,0.0891192086948287,0.32148616037724026,0.018166452089914131,0.97180749866526095,0.0027370889935258713,0.55544634318629849,0.0086996592760592573,5,0,0,5,1,1.4970928426184582,0,{}
7,0,8am,subject_7_8am.mat,0,0,20,20,20,1,0,0,0,1,18.134213383784214,1.6521437558103838,0.74465729799250258,0.61248617792271354,0.31248617792271355,0.47684922308753608,0.083630045080284959,0.97699419741632443,0.0014414189134991373,0.55237671503938102,0.001690106179189077,5,0,0,5,1,1.4970928426184582,0,{}
7,0,8am,subject_7_8am.mat,1,20,40,20,20,1,0,0,0,0,18.540212323894856,1.7528300468511286,0.69283565595968222,0.56908643236013712,0.26908643236013713,0.45343393615262817,0.046103328722746584,0.97976098879180817,0.001088426255006103,0.55931125518896518,0.0022806976045353089,5,0,0,5,1,1.4970928426184582,0,{}
7,0,8am,subject_7_8am.mat,2,40,60,20,20,1,0,0,0,2,20.783577384589947,1.823626530172449,0.60048388904265149,0.52263086804220971,0.22263086804220972,0.32659389676680045,0.048742463310001372,0.98034264969330986,0.0014703401489830625,0.56228874019623731,0.0031561432625699659,5,0,0,5,1,1.4970928426184582,0,{}
7,0,8am,subject_7_8am.mat,3,60,80,20,20,1,0,0,0,17,14.492863856194573,1.7007221898792704,0.52141477520631008,0.49266648256086504,0.19266648256086505,0.18646165421269811,0.051518796153105714,0.97661508287509524,0.0012824844489195963,0.56524252572052902,0.012890872508272755,5,0,0,5,1,1.4970928426184582,0,{}
7,0,8am,subject_7_8am.mat,4,80,100,20,20,1,0,0,0,17,13.35561061243115,1.5087630846544471,0.50128355378546874,0.47426836514960363,0.17426836514960364,0.148435601950963,0.072325005504549067,0.97485462463813333,0.0027511506144325959,0.56771765580380396,0.018507163334211152,5,0,0,5,1,1.4970928426184582,0,{}
7,1,10am,subject_7_10am.mat,0,0,20,20,20,1,0,0,0,16,16.447553681714204,0.96442201812772499,0.75532836584800112,0.72526690972676688,0.4252669097267669,0.50285077010072454,0.02207579740713933,0.95459244035960134,0.0051322609072063652,0.51000976110303031,0.0097349769233575634,5,0,0,5,1,1.4970928426184582,0,{}
7,1,10am,subject_7_10am.mat,1,20,40,20,20,1,0,0,0,9,17.723263608643045,0.96860659358702605,0.74185748612270996,0.68425751872895924,0.38425751872895925,0.50806780223895176,0.024591265684255237,0.95487190743555028,0.0065187222574450421,0.51006666609627471,0.013705428660098273,5,0,0,5,1,1.4970928426184582,0,{}
7,1,10am,subject_7_10am.mat,2,40,60,20,20,1,0,0,0,18,15.063487490478058,0.82028122653556235,0.74858378433901118,0.56248367330256921,0.26248367330256922,0.47410680771338809,0.075751345393210046,0.97031882920406221,0.0026844841622658544,0.53941675401028666,0.0099430475146575215,5,0,0,5,1,1.4970928426184582,0,{}
7,1,10am,subject_7_10am.mat,3,60,80,20,20,1,0,0,0,20,16.24906549584999,1.0995112629340911,0.79049567665120257,0.7713023002115672,0.47130230021156722,0.53386212010229706,0.018871187962790748,0.96434939433154931,0.003814505084499209,0.52357878826809334,0.0066241671662337631,5,0,0,5,1,1.4970928426184582,0,{}
7,1,10am,subject_7_10am.mat,4,80,100,20,20,1,0,0,0,16,15.725078786487389,0.37744226455893681,0.77881000072957796,0.75764086490827742,0.45764086490827743,0.5290540628811794,0.014646129889041348,0.96551703725891502,0.0034944629981702446,0.5288216569504004,0.0063464408582949994,5,0,0,5,1,1.4970928426184582,0,{}
7,2,12pm,subject_7_12pm.mat,0,0,20,20,20,1,0,0,0,6,20.959583074257282,1.1535700047314865,0.56115110542163504,0.53405409848294072,0.23405409848294073,0.30759673112376662,0.012565952392979501,0.96587657019855389,0.0026038649049249796,0.52837848324400261,0.0036283030872016897,5,0,0,5,1,1.4970928426184582,0,{}
7,2,12pm,subject_7_12pm.mat,1,20,40,20,20,1,0,0,0,14,17.640145953032629,0.73902408958021759,0.56284759525109085,0.49887346751065298,0.19887346751065299,0.24417745828290019,0.022249504497742489,0.96463141089904436,0.0033904877814900924,0.52773715560834278,0.0071280881722231015,5,0,0,5,1,1.4970928426184582,0,{}
7,2,12pm,subject_7_12pm.mat,2,40,60,20,20,1,0,0,0,18,17.761590215585446,0.85512925131572359,0.58571606720159219,0.52284999002494581,0.22284999002494582,0.2739239491625397,0.019170481621051449,0.96243122429751571,0.0028016818106320618,0.51817321968200836,0.0060676163541085182,5,0,0,5,1,1.4970928426184582,0,{}
7,2,12pm,subject_7_12pm.mat,3,60,80,20,20,1,0,0,0,19,17.15026342763359,0.89631408040104787,0.57902800475634575,0.55402189798183932,0.25402189798183933,0.2621385196199737,0.013512052682056019,0.96463155643998511,0.0019685829040209102,0.52352819870390799,0.0041900820679983131,5,0,0,5,1,1.4970928426184582,0,{}
7,2,12pm,subject_7_12pm.mat,4,80,100,20,20,1,0,0,0,18,15.861074871438595,1.0857246501713353,0.52208989813629492,0.49585152205950467,0.19585152205950468,0.19782840472402444,0.036802453713420863,0.96932388364287403,0.0028430714262459578,0.53637933109708147,0.0078489850433151043,5,0,0,5,1,1.4970928426184582,0,{}
7,3,2pm,subject_7_2pm.mat,0,0,20,20,20,1,0,0,0,16,20.146268280714281,0.70224329771250815,0.7279962040784751,0.67588815168769278,0.3758881516876928,0.39666793282835422,0.024116880822867837,0.91813731924741337,0.0044775062906874941,0.52829348919205343,0.013161246887017863,6,0,0,6,1,1.7965114111421496,0,{}
7,3,2pm,subject_7_2pm.mat,1,20,40,20,20,1,0,0,0,10,19.431320118215819,0.51542353722934031,0.70457348667816344,0.67468788748389918,0.3746878874838992,0.3920930245773469,0.018667355746017827,0.92182812562419514,0.010957801097063569,0.51571075810389289,0.033030001183331936,6,0,0,6,0.80000000000000004,1.7965114111421496,0,{}
7,3,2pm,subject_7_2pm.mat,2,40,60,20,20,1,0,0,0,14,18.686414002733976,0.4037679467777302,0.71268003531125468,0.66727639260921623,0.36727639260921624,0.39186376540214929,0.028055450249789615,0.91625730834139485,0.0068488097437536255,0.53137851138226855,0.020250406828434819,6,0,0,6,0.94999999999999996,1.7965114111421496,0,{}
7,3,2pm,subject_7_2pm.mat,3,60,80,20,20,1,0,0,0,20,19.053433456258468,0.25185689016402613,0.64348664941762568,0.62449137166522939,0.3244913716652294,0.31971805763719585,0.020198816286873034,0.9021390891476484,0.0068718116994961331,0.56836326520338143,0.019300980168775073,6,0,0,6,0.94999999999999996,1.7965114111421496,0,{}
7,3,2pm,subject_7_2pm.mat,4,80,100,20,20,1,0,0,0,13,19.014200662549626,0.3807611344900117,0.66553750540728629,0.60960859115020205,0.30960859115020206,0.33748920184451381,0.014469509790207308,0.90810359291060772,0.0052244288936512673,0.546058339504915,0.019978569038838268,6,0,0,6,1,1.7965114111421496,0,{}
7,4,4pm,subject_7_4pm.mat,0,0,20,20,20,1,0,0,0,20,12.428302826140932,0.50495749784096411,0.60389778414871076,0.54833837656716033,0.24833837656716035,0.30529066089202922,0.035047942866446663,0.89090573380440852,0.0037415727672275301,0.58993458422662193,0.0041014050800657897,6,0,0,6,1,1.7965114111421496,0,{}
7,4,4pm,subject_7_4pm.mat,1,20,40,20,20,1,0,0,0,20,11.924143824711901,0.39901339950319059,0.56373415216429024,0.52902093626877156,0.22902093626877157,0.26609033090143608,0.014589738379123085,0.90995644758169836,0.0069170719152095717,0.54174576594771062,0.018765965027038256,6,0,0,6,1,1.7965114111421496,0,{}
7,4,4pm,subject_7_4pm.mat,2,40,60,20,20,1,0,0,0,19,11.809036520209126,0.15505072837455636,0.54759318590527428,0.50994513350337911,0.20994513350337912,0.25240193077276152,0.015551090638389928,0.91388215892795732,0.0032747133144055418,0.52369844662087051,0.0097117411031278911,6,0,0,6,1,1.7965114111421496,0,{}
7,4,4pm,subject_7_4pm.mat,3,60,80,20,20,1,0,0,0,20,12.272584757923081,0.48304591502916505,0.57542338323542497,0.49800047288734361,0.19800047288734363,0.27375379026997648,0.038498350649294438,0.91123693513399506,0.0047161698392614304,0.53142038410673575,0.013116775128948988,6,0,0,6,1,1.7965114111421496,0,{}
7,4,4pm,subject_7_4pm.mat,4,80,100,20,20,1,0,0,0,20,12.752145895040542,1.1004282712817259,0.61857951775085118,0.53422005529705818,0.23422005529705819,0.32842485959186152,0.014927138617686853,0.91732463667209063,0.0063295735416658006,0.52239072856032576,0.0069088455763279266,6,0,0,6,1,1.7965114111421496,0,{}
8,0,8am,subject_8_8am.mat,0,0,20,20,20,1,0,0,0,0,19.964802472666264,0.51542975328284157,0.34876553400740518,0.33641263306470648,0.03641263306470649,0.19787009090994967,0.0097180561121741893,0.97262754311897259,0.0017449421862172354,0.53784879277340236,0.004803107910408333,5,0,0,5,1,1.4970928426184582,0,{}
8,0,8am,subject_8_8am.mat,1,20,40,20,20,1,0,0,0,0,22.425861212906874,0.77483996783867326,0.34204309800385763,0.32463080108323394,0.024630801083233955,0.20499677501086308,0.0095196918997567798,0.97841576272139652,0.001798688344560706,0.55143822096519701,0.0043453212940606223,5,0,0,5,1,1.4970928426184582,0,{}
8,0,8am,subject_8_8am.mat,2,40,60,20,19,0.94999999999999996,0,0,1,0,23.036441053043021,0.91044708986677314,0.3328724177066954,0.30984180606753159,0.0098418060675315999,0.20433125971320021,0.0094492300058105771,0.97726926336045894,0.0019935606413683526,0.5501349215181407,0.0043207130898099688,5,0,0,5,1,1.4970928426184582,0,{}
8,0,8am,subject_8_8am.mat,3,60,80,20,7,0.34999999999999998,0,0,13,1,20.708925038383065,1.1066719112140646,0.28558883334869301,0.26455253014212032,-0.035447469857879665,0.19000504711101085,0.012928131332263892,0.98297312745364596,0.0021398889885209105,0.56299039663313999,0.0039989955581111181,5,0,0,5,1,1.4970928426184582,0,{}
8,0,8am,subject_8_8am.mat,4,80,100,20,8,0.40000000000000002,0,0,12,1,19.635520478968459,0.33877005224605661,0.27996360190341996,0.22665651139275086,-0.073343488607249124,0.16692721620032591,0.0091198341070224814,0.98056652476388151,0.0033542976668230473,0.55910842355371249,0.0055506167248979277,5,0,0,5,1,1.4970928426184582,0,{}
8,1,10am,subject_8_10am.mat,0,0,20,20,20,1,0,0,0,0,17.927457186157483,0.85266952794953177,0.64766757038946676,0.62593283807259947,0.32593283807259948,0.33640869528609801,0.0092633835085888516,0.95001664677146347,0.0069910731403398096,0.50371097160198064,0.0090343751718610088,5,0,0,5,0.80000000000000004,1.4970928426184582,0,{}
8,1,10am,subject_8_10am.mat,1,20,40,20,20,1,0,0,0,0,18.775889324203309,0.49444909735272802,0.64537002814248945,0.62694279049149992,0.32694279049149993,0.34316958375801665,0.0066869355124066776,0.95066512572564232,0.0025080895930062463,0.5038813854282459,0.004180725016943998,5,0,0,5,0.84999999999999998,1.4970928426184582,0,{}
8,1,10am,subject_8_10am.mat,2,40,60,20,20,1,0,0,0,0,19.466110890618683,0.56969032996000912,0.60063941548754918,0.57129566193785408,0.27129566193785409,0.32023273509988648,0.0048664824513574567,0.93680048644549041,0.0078152376781051025,0.49495505990200223,0.0055933664475103784,6,0,1,6,0.59999999999999998,1.7965114111421496,0,{}
8,1,10am,subject_8_10am.mat,3,60,80,20,20,1,0,0,0,0,19.783643520458959,0.92266604417496367,0.60129797802599061,0.57217252110966565,0.27217252110966567,0.32667164421677625,0.0073547997030535273,0.94371854563691471,0.0071635249623029362,0.50230555572992674,0.011427687769434203,5,0,1,5,0.69999999999999996,1.4970928426184582,0,{}
8,1,10am,subject_8_10am.mat,4,80,100,20,20,1,0,0,0,0,18.975767806925042,0.84344675849037287,0.66268022364703572,0.60701718393798576,0.30701718393798577,0.3500669812555583,0.013275968599757881,0.94925785244071204,0.0031828094186767131,0.5015252031073123,0.005326277431753984,5,0,0,5,0.80000000000000004,1.4970928426184582,0,{}
8,2,12pm,subject_8_12pm.mat,0,0,20,20,15,0.75,0,0,5,13,15.715040080928539,1.3200994810109554,0.49403918057169294,0.26046040167683954,-0.039539598323160452,0.27008614737143005,0.050475292213825129,0.98656335523442595,0.0061124113700836702,0.56745044586187443,0.019087427391439316,5,0,0,5,1,1.4970928426184582,0,{}
8,2,12pm,subject_8_12pm.mat,1,20,40,20,20,1,0,0,0,8,14.600710903402014,0.90785233479143113,0.53112752511771544,0.43187388888689887,0.13187388888689888,0.27027379735574203,0.026754897746215089,0.98202385004814374,0.0050178140011497008,0.56199434201451193,0.0099171730516867118,5,0,0,5,1,1.4970928426184582,0,{}
8,2,12pm,subject_8_12pm.mat,2,40,60,20,20,1,0,0,0,15,15.517025446253495,0.47790763143885062,0.63790025426184616,0.52815765244052237,0.22815765244052238,0.36157140511378949,0.032231158403510624,0.96955374718742293,0.0028398955611540488,0.54106061523732563,0.0075371597185659445,5,0,0,5,1,1.4970928426184582,0,{}
8,2,12pm,subject_8_12pm.mat,3,60,80,20,20,1,0,0,0,10,16.514997443227884,0.29684206206566799,0.51809548091396174,0.3700746332871791,0.070074633287179111,0.33829969212176464,0.12747123586888626,0.95668476259963775,0.0050035167169897865,0.50859386356758174,0.013877482387572582,5,0,0,5,0.90000000000000002,1.4970928426184582,0,{}
8,2,12pm,subject_8_12pm.mat,4,80,100,20,13,0.65000000000000002,0,0,7,1,14.647424000658006,0.79630560309052623,0.32259703820041985,0.23204148931083909,-0.067958510689160895,0.11836661086410763,0.072125702753438686,0.9311915718787287,0.025172943084783239,0.53425904118293588,0.026292461829557467,6,0,1,6,0.53846153846153844,1.7965114111421496,0,{}
8,3,2pm,subject_8_2pm.mat,0,0,20,20,20,1,0,0,0,20,14.607582971671018,1.597153367042381,0.76136902711016852,0.72364344037809203,0.42364344037809204,0.5080549839662305,0.051286702766523223,0.96213042834522489,0.0009994868520664113,0.52146419213149775,0.0021469122445593181,5,0,0,5,1,1.4970928426184582,0,{}
8,3,2pm,subject_8_2pm.mat,1,20,40,20,20,1,0,0,0,20,11.554015958878376,0.61517649792393758,0.62831559303915308,0.579685091315571,0.27968509131557101,0.35931768925911256,0.069900237365147749,0.96910289960336393,0.0019100331064297871,0.54049405731815869,0.0048183287291965748,5,0,0,5,1,1.4970928426184582,0,{}
8,3,2pm,subject_8_2pm.mat,2,40,60,20,20,1,0,0,0,20,12.31781861051466,0.41147187217780878,0.65347852167111875,0.59593022804910711,0.29593022804910712,0.40045932948282348,0.027810912465032145,0.95661159346913194,0.0057555319371873082,0.52543885440084226,0.010393907423995652,5,0,0,5,1,1.4970928426184582,0,{}
8,3,2pm,subject_8_2pm.mat,3,60,80,20,20,1,0,0,0,20,12.854809297788375,0.47098403787519594,0.66012197389258498,0.59065925745596104,0.29065925745596105,0.41132369132992674,0.011788185500330589,0.95703207540106305,0.0047495818117903044,0.52491468946345687,0.0084694259361181579,5,0,0,5,1,1.4970928426184582,0,{}
8,3,2pm,subject_8_2pm.mat,4,80,100,20,20,1,0,0,0,20,14.517765259684881,0.73198996455510468,0.73537079659013105,0.69365420009305878,0.39365420009305879,0.49527014662732805,0.0095238276428126489,0.9587792409941307,0.0035543134582912694,0.51885782698381044,0.0050755055175887298,5,0,0,5,1,1.4970928426184582,0,{}
8,4,4pm,subject_8_4pm.mat,0,0,20,20,20,1,0,0,0,19,15.396987123849481,0.6861579753452709,0.65555858572211667,0.59735620063289008,0.29735620063289009,0.33498946123935358,0.018488318403719617,0.94297687449058976,0.0026368014603598833,0.48029834538670646,0.0022312233504921397,5,0,0.25,5,0.75,1.4970928426184582,0,{}
8,4,4pm,subject_8_4pm.mat,1,20,40,20,20,1,0,0,0,20,15.729119743452422,0.6644234316576938,0.63466200034926046,0.58597308369479206,0.28597308369479207,0.34001695834294676,0.017965885663288023,0.94590324663300485,0.0013901782706002841,0.48333696120255593,0.0017524177275272668,5,0,0,5,0.84999999999999998,1.4970928426184582,0,{}
8,4,4pm,subject_8_4pm.mat,2,40,60,20,20,1,0,0,0,18,16.763168124256527,0.50994622731064609,0.61156297445917684,0.58554348580038951,0.28554348580038952,0.32414770660305853,0.0094739147543584923,0.94908600976349944,0.0033652212115820035,0.49097251711928958,0.0056637887133127729,5,0,0,5,0.84999999999999998,1.4970928426184582,0,{}
8,4,4pm,subject_8_4pm.mat,3,60,80,20,20,1,0,0,0,18,16.83422532918274,0.792895359164552,0.6037242303233854,0.5624812073629929,0.26248120736299291,0.31758299098979431,0.015250404273025264,0.94691747365054257,0.0030474565610995041,0.4909692850549674,0.0036062501193317997,5,0,0.25,5,0.75,1.4970928426184582,0,{}
8,4,4pm,subject_8_4pm.mat,4,80,100,20,20,1,0,0,0,19,16.064367428787769,1.3568546587357151,0.63039413450478254,0.60118847608656634,0.30118847608656635,0.33161138556853775,0.020766653515267464,0.94179123428495115,0.0044717783114234799,0.48831489782963056,0.0035131831927739665,5,0,1,5,0.55000000000000004,1.4970928426184582,0,{}
9,0,8am,subject_9_8am.mat,0,0,20,20,20,1,0,0,0,1,18.196782419617726,0.73080790340698343,0.85742088065797883,0.83251480550407186,0.53251480550407182,0.64976991325030276,0.029995033329014376,0.95747965474708174,0.0029010209514331864,0.50828529159946156,0.0057819640892549651,5,0,0,5,1,1.4970928426184582,0,{}
9,0,8am,subject_9_8am.mat,1,20,40,20,20,1,0,0,0,0,17.731866848004174,0.67731702890008982,0.8918887082458985,0.86838771027119521,0.56838771027119517,0.65926964408679001,0.022825348250050503,0.94901454723630851,0.0091579570048074821,0.49209717834312461,0.016315147748681841,5,0,0,5,0.84999999999999998,1.4970928426184582,0,{}
9,0,8am,subject_9_8am.mat,2,40,60,20,20,1,0,0,0,5,16.018390326082336,2.2162275410950025,0.881407259623882,0.79439185840765891,0.49439185840765892,0.59152541221868404,0.046962545310054449,0.93631950062901681,0.014357069106881781,0.49448775836501568,0.020775995991087037,5,0,1,5,0.65000000000000002,1.4970928426184582,0,{}
9,0,8am,subject_9_8am.mat,3,60,80,20,20,1,0,0,0,0,14.240518973035787,0.43961448994036889,0.83377938682753627,0.81078570406780537,0.51078570406780544,0.51144303787367629,0.017586294314532569,0.96233281297169215,0.0042789637743738673,0.51858487077434123,0.0077845341862670669,5,0,0,5,0.80000000000000004,1.4970928426184582,0,{}
9,0,8am,subject_9_8am.mat,4,80,100,20,20,1,0,0,0,6,15.723614253255279,1.0149831454105351,0.88488226128137915,0.78024610212399481,0.48024610212399482,0.61592012274695995,0.025103095742674553,0.94526094097556124,0.0093769561283297276,0.49785002699534064,0.011928104258763728,5,0,1,5,0.69999999999999996,1.4970928426184582,0,{}
9,1,10am,subject_9_10am.mat,0,0,20,20,20,1,0,0,0,0,17.102014086880892,0.9690595107263249,0.8254218140129479,0.67573554876070663,0.37573554876070664,0.64549151049439146,0.058810440789794916,0.95648747741483253,0.0050673725376037537,0.51198030342847245,0.0070386508326006347,5,0,1,5,0.69999999999999996,1.4970928426184582,0,{}
9,1,10am,subject_9_10am.mat,1,20,40,20,20,1,0,0,0,0,14.662693557989545,0.96214009719377103,0.79787025857930427,0.69684567940802533,0.39684567940802534,0.54076162178347009,0.025600114439564614,0.92574322590449887,0.0020344870101642321,0.51133565689774541,0.007152963691004266,6,0,0,6,1,1.7965114111421496,0,{}
9,1,10am,subject_9_10am.mat,2,40,60,20,20,1,0,0,0,4,14.930054780321949,0.91978331839356642,0.83994292362139844,0.77753799432985049,0.4775379943298505,0.6003290008646176,0.016033759571720041,0.94024568516304885,0.0029301206637128985,0.4831048441818846,0.0041268586400814988,5,0,1,5,0.69999999999999996,1.4970928426184582,0,{}
9,1,10am,subject_9_10am.mat,3,60,80,20,20,1,0,0,0,0,17.843775158375394,0.97626838273084182,0.89556937969684758,0.86563785278096972,0.56563785278096979,0.71972382612360342,0.015924749462068843,0.96326814493064672,0.0037047530375778903,0.51910068893260586,0.0070303074817535949,5,0,0,5,1,1.4970928426184582,0,{}
9,1,10am,subject_9_10am.mat,4,80,100,20,20,1,0,0,0,0,20.602710824120152,1.1913321696972119,0.89556535035830875,0.82536785556861247,0.52536785556861254,0.71621637496225787,0.032932409047277955,0.95951177425025791,0.0062731901972917226,0.51105550002108435,0.011239858980313266,5,0,0,5,0.84999999999999998,1.4970928426184582,0,{}
9,2,12pm,subject_9_12pm.mat,0,0,20,20,20,1,0,0,0,1,20.513115815957523,1.5001000540617113,0.85836261340273889,0.84414075524366905,0.54414075524366901,0.69324456458275008,0.0070011211552606367,0.95803209205679107,0.00078492391461087996,0.51206933444309144,0.0012265171954891074,5,0,0,5,1,1.4970928426184582,0,{}
9,2,12pm,subject_9_12pm.mat,1,20,40,20,20,1,0,0,0,0,17.471688081051873,0.88254495196845184,0.82059292070134582,0.77472805618636198,0.47472805618636199,0.64369331404463448,0.032754238717428774,0.95953939842232905,0.0033540529156683152,0.51593488848099334,0.0060499557324699138,5,0,0,5,1,1.4970928426184582,0,{}
9,2,12pm,subject_9_12pm.mat,2,40,60,20,20,1,0,0,0,0,16.598400231267227,1.9153482247792644,0.80090568938261142,0.77332382672263011,0.47332382672263013,0.61263024805783484,0.03867770510275742,0.95982232135628887,0.0064206898588274885,0.51602476958554133,0.011116988469364542,5,0,0,5,1,1.4970928426184582,0,{}
9,2,12pm,subject_9_12pm.mat,3,60,80,20,20,1,0,0,0,1,13.807645196357242,1.0640861802249404,0.65662563539326402,0.3977166515676217,0.097716651567621715,0.39412503771832119,0.16054040193983349,0.93608218867499615,0.011644168829596291,0.4928952140762568,0.010310219637540835,5,0,1,5,0.59999999999999998,1.4970928426184582,0,{}
9,2,12pm,subject_9_12pm.mat,4,80,100,20,20,1,0,0,0,0,13.117750094158328,0.67105548766609857,0.69040122492490275,0.65090759332515169,0.3509075933251517,0.45410845528823263,0.032578262999607505,0.94086191989835721,0.0089061325501647581,0.48835605725315323,0.014376475411468692,5,0,0,5,1,1.4970928426184582,0,{}
9,3,2pm,subject_9_2pm.mat,0,0,20,20,20,1,0,0,0,1,13.342517741647395,0.78725920817149486,0.73340914439091054,0.62192930852884865,0.32192930852884866,0.34306137983233798,0.047769745439023542,0.7741891598688555,0.037430638936910121,0.71198422646594317,0.08308979250657772,6,0,0,6,1,1.7965114111421496,0,{}
9,3,2pm,subject_9_2pm.mat,1,20,40,20,20,1,0,0,0,3,12.701742775479831,0.24325342771121505,0.70199176851990963,0.62186096232160304,0.32186096232160305,0.31956951782227183,0.021209604227426848,0.76646883966719104,0.012980540665823714,0.80540455148407653,0.026183611177208577,6,0,0,6,1,1.7965114111421496,0,{}
9,3,2pm,subject_9_2pm.mat,2,40,60,20,20,1,0,0,0,2,12.267047663696646,0.65147689947014698,0.71357418474141876,0.62347921437276177,0.32347921437276178,0.31956713597432485,0.05598089923942387,0.76888695999784096,0.034328681483823731,0.72933114590775094,0.063595215249433956,6,0,0,6,1,1.7965114111421496,0,{}
9,3,2pm,subject_9_2pm.mat,3,60,80,20,20,1,0,0,0,7,12.508962582293783,0.58959487278065925,0.76011913533150144,0.62490610641159849,0.32490610641159851,0.36595856432465756,0.040960432910962102,0.80140675032865727,0.021341780872305371,0.73481168188066692,0.053565285615719327,6,0,0,6,1,1.7965114111421496,0,{}
9,3,2pm,subject_9_2pm.mat,4,80,100,20,20,1,0,0,0,4,12.276613883579969,0.54555957539416777,0.74732012885712851,0.63482375465827379,0.3348237546582738,0.35179919346904792,0.046193191723685634,0.79333871652958621,0.032478104186909162,0.76178423433349973,0.066100923696052971,6,0,0,6,1,1.7965114111421496,0,{}
9,4,4pm,subject_9_4pm.mat,0,0,20,20,20,1,0,0,0,0,22.311097827837806,1.4880764441498808,0.67629790139352441,0.6358639871590871,0.33586398715908711,0.47727526228575995,0.035335444131692706,0.90152952274341547,0.010307239743866825,0.58426989481390534,0.024576236395999485,6,0,0,6,1,1.7965114111421496,0,{}
9,4,4pm,subject_9_4pm.mat,1,20,40,20,20,1,0,0,0,0,22.105424073105056,0.74420414284312209,0.65821138877866281,0.63537298213405624,0.33537298213405625,0.46488278984647258,0.01236740461551436,0.89351352337864975,0.0038592023320687674,0.5974007013258652,0.0099727668156654459,6,0,0,6,1,1.7965114111421496,0,{}
9,4,4pm,subject_9_4pm.mat,2,40,60,20,20,1,0,0,0,0,22.046238666791361,0.92469475008544855,0.63732543409450226,0.60051079799944351,0.30051079799944352,0.43167478005913346,0.020398336670641476,0.88163865132461883,0.0047805732587131722,0.6272156356851023,0.013296690877029282,6,0,0,6,1,1.7965114111421496,0,{}
9,4,4pm,subject_9_4pm.mat,3,60,80,20,20,1,0,0,0,0,21.789963957365927,0.874999266715907,0.6646220808968677,0.64381944312689143,0.34381944312689144,0.45788753091459716,0.01005711285855368,0.88671401567847896,0.0011757051244357108,0.61613919215347024,0.0032365945370265159,6,0,0,6,1,1.7965114111421496,0,{}
9,4,4pm,subject_9_4pm.mat,4,80,100,20,20,1,0,0,0,0,21.665922233150685,1.5274424380893858,0.65705650174581809,0.64472799405738135,0.34472799405738136,0.45124906298282491,0.0069195864168729304,0.88251501502591601,0.0027857613164044004,0.62605700806543085,0.0088159198724417909,6,0,0,6,1,1.7965114111421496,0,{}
10,0,8am,subject_10_8am.mat,0,0,20,20,20,1,0,0,0,3,12.068823922828264,3.0292033330031414,0.76732467085217648,0.71391859109794753,0.41391859109794754,0.47908083938508417,0.10187051694622568,0.93871774098211103,0.0083850391702585125,0.49723813437536379,0.019827538520070798,5.5,0.5,1,5,0.5,1.6468021268803039,0.14970928426184571,{}
10,0,8am,subject_10_8am.mat,1,20,40,20,20,1,0,0,0,4,15.07466023337475,2.6753985767849384,0.81304647642824324,0.70558103335002131,0.40558103335002132,0.53076806989134395,0.05282979571586785,0.93512270915281892,0.0041013896665232363,0.5019553921399702,0.014298617720342854,6,0,0,6,0.80000000000000004,1.7965114111421496,0,{}
10,0,8am,subject_10_8am.mat,2,40,60,20,20,1,0,0,0,6,13.996530638334349,3.6003322944364085,0.79953124930336661,0.63928321041762282,0.33928321041762283,0.50254960243099922,0.10534833154464848,0.94183201835371988,0.004215201241428268,0.48553406324257709,0.0077959010648233351,5.5,0.5,1,5,0.5,1.6468021268803039,0.14970928426184571,{}
10,0,8am,subject_10_8am.mat,3,60,80,20,20,1,0,0,0,5,12.035293815638983,3.472897882960102,0.78043599354457704,0.67411493633659425,0.37411493633659426,0.50856993442778797,0.0756009656353685,0.94283694590906508,0.003545481260893435,0.48223433592701048,0.0055276834851019918,5,0,1,5,0.65000000000000002,1.4970928426184582,0,{}
10,0,8am,subject_10_8am.mat,4,80,100,20,20,1,0,0,0,4,12.816442145455859,1.3953719171039003,0.7541665554160919,0.6701711938378313,0.37017119383783131,0.45981060409616425,0.058264903308074323,0.94945072704323219,0.0014279418309460779,0.49081872226920398,0.0036630009433273325,5,0,0,5,1,1.4970928426184582,0,{}
10,1,10am,subject_10_10am.mat,0,0,20,20,20,1,0,0,0,0,16.236342617931651,3.0006418522412197,0.62778779729860656,0.49954733974271986,0.19954733974271988,0.519213082298704,0.032623932851969517,0.9371555761651853,0.007499983654232989,0.50338446536351689,0.01810018821007528,5,0,1,5,0.69999999999999996,1.4970928426184582,0,{}
10,1,10am,subject_10_10am.mat,1,20,40,20,20,1,0,0,0,3,13.315851996632551,2.3372408648379688,0.70892570773934538,0.55964863752470173,0.25964863752470174,0.55925190125834401,0.042019656904241143,0.9624872916195315,0.0060193857693548458,0.54316051312517999,0.013904900286428046,5,0,0,5,0.94999999999999996,1.4970928426184582,0,{}
10,1,10am,subject_10_10am.mat,2,40,60,20,20,1,0,0,0,1,17.360762294854823,2.3230514327261078,0.67130326119936368,0.61606405031029554,0.31606405031029555,0.57059133610675905,0.021699961701154791,0.94409701883037256,0.0062508785193136074,0.49661894440383225,0.015493630524517632,5,0,0,5,1,1.4970928426184582,0,{}
10,1,10am,subject_10_10am.mat,3,60,80,20,20,1,0,0,0,2,18.425897696371081,1.8446196217462543,0.67483962416673815,0.57244650345803461,0.27244650345803462,0.57406050985932822,0.026350244628317587,0.94180146393826492,0.0062223025595425363,0.49995461118989354,0.016003644562431391,5,0,0,5,0.94999999999999996,1.4970928426184582,0,{}
10,1,10am,subject_10_10am.mat,4,80,100,20,20,1,0,0,0,2,18.607185656432257,1.2394427787837436,0.69022753840961326,0.6050961772252359,0.30509617722523591,0.57217558028905424,0.014709989807096091,0.94278698340004219,0.014111816645663466,0.50195833676272272,0.015890041181661235,5,0,0.25,5,0.75,1.4970928426184582,0,{}
10,2,12pm,subject_10_12pm.mat,0,0,20,20,20,1,0,0,0,5,15.395135842807498,1.237691313074845,0.83782166154244075,0.73358470166975609,0.4335847016697561,0.57600475172166798,0.022509734097118095,0.87263221777909905,0.0021491109814807396,0.63141240872039206,0.0098578666073866339,6,0,0,6,1,1.7965114111421496,0,{}
10,2,12pm,subject_10_12pm.mat,1,20,40,20,20,1,0,0,0,6,15.439788826970338,0.87846447713307008,0.8568398394711445,0.76784673934492376,0.46784673934492377,0.60288835218512093,0.022324766814478814,0.87688528456025239,0.0042026445140844748,0.63140122726172865,0.011196930747237321,6,0,0,6,1,1.7965114111421496,0,{}
10,2,12pm,subject_10_12pm.mat,2,40,60,20,20,1,0,0,0,6,15.603098110219651,1.2681389206896503,0.88430622587793384,0.85637826751668222,0.55637826751668218,0.63782268707513345,0.014168205194491135,0.89221721912060437,0.0036928069662180429,0.59248486354942886,0.01960746744557279,6,0,0,6,1,1.7965114111421496,0,{}
10,2,12pm,subject_10_12pm.mat,3,60,80,20,20,1,0,0,0,8,16.333905679515819,2.1334870733401257,0.85542594937493255,0.81877267432085932,0.51877267432085938,0.59981235179636139,0.034645917376420032,0.88638663610646773,0.0038893869199725373,0.59800762437065647,0.019895576653277569,6,0,0,6,1,1.7965114111421496,0,{}
10,2,12pm,subject_10_12pm.mat,4,80,100,20,20,1,0,0,0,9,16.968332815044349,1.969626053289165,0.88628021451221539,0.85556442860987025,0.55556442860987021,0.62863072035958867,0.028673906016649098,0.8936513771307194,0.0038683528083179319,0.58740224348403824,0.012234318776712605,6,0,0,6,1,1.7965114111421496,0,{}
10,3,2pm,subject_10_2pm.mat,0,0,20,20,20,1,0,0,0,1,13.342517741647395,0.78725920817149486,0.83196650121730475,0.81539447841561186,0.51539447841561192,0.41548538584796735,0.016021391891210129,0.9018339139360122,0.0060461273083391998,0.44165169166126506,0.023363974907783358,6,0,1,6,0.55000000000000004,1.7965114111421496,0,{}
10,3,2pm,subject_10_2pm.mat,1,20,40,20,20,1,0,0,0,3,12.701742775479831,0.24325342771121505,0.82657608216700829,0.81591989810854082,0.51591989810854089,0.41244364536752176,0.01568654508020198,0.89981675021823904,0.0060838165538328881,0.45831896535705779,0.014173296190808204,6,0,0,6,0.84999999999999998,1.7965114111421496,0,{}
10,3,2pm,subject_10_2pm.mat,2,40,60,20,20,1,0,0,0,2,12.267047663696646,0.65147689947014698,0.84391834836957758,0.83082570113550613,0.5308257011355062,0.42203664970683563,0.022376739089653819,0.89749701313839225,0.01333474156183867,0.45342183441651279,0.018193729015361093,6,0,0.25,6,0.75,1.7965114111421496,0,{}
10,3,2pm,subject_10_2pm.mat,3,60,80,20,20,1,0,0,0,7,12.508962582293783,0.58959487278065925,0.82303114181115267,0.79995304976169801,0.49995304976169802,0.3877547857160244,0.025663548429036259,0.88675179387673853,0.012106193075698934,0.47383115740499815,0.032285164700461139,6,0,0,6,0.84999999999999998,1.7965114111421496,0,{}
10,3,2pm,subject_10_2pm.mat,4,80,100,20,20,1,0,0,0,4,12.276613883579969,0.54555957539416777,0.80808547960116339,0.78066482181473451,0.48066482181473452,0.3746512927615836,0.02460982264921871,0.89001345190209014,0.0093033845464842724,0.48159705469515857,0.041283878640399813,6,0,0,6,0.80000000000000004,1.7965114111421496,0,{}
10,4,4pm,subject_10_4pm.mat,0,0,20,20,20,1,0,0,0,12,12.376587772932261,0.2777701558051664,0.46860690748198652,0.44364003871540308,0.1436400387154031,0.14651282062707535,0.013618483024791878,0.92556893401890883,0.026744004895953299,0.49817678217619277,0.038730658674907992,5,0,1,5,0.55000000000000004,1.4970928426184582,0,{}
10,4,4pm,subject_10_4pm.mat,1,20,40,20,20,1,0,0,0,17,12.047024445445988,0.33489123113518282,0.45888069356854355,0.40017387096570728,0.10017387096570729,0.15670333469340464,0.034434204268934857,0.90905692223175161,0.025479998388784619,0.53297172811030302,0.068730739502926935,6,0,1,6,0.59999999999999998,1.7965114111421496,0,{}
10,4,4pm,subject_10_4pm.mat,2,40,60,20,20,1,0,0,0,16,11.606235276126975,0.53860244030347104,0.48387255359894454,0.45206202417661573,0.15206202417661574,0.16844577244309708,0.028676867643126797,0.95060832605626211,0.027249163649465002,0.53161737380995233,0.026221806328248554,5,0,1,5,0.65000000000000002,1.4970928426184582,0,{}
10,4,4pm,subject_10_4pm.mat,3,60,80,20,20,1,0,0,0,13,11.212973547977324,0.29729240309819449,0.47479712954654946,0.44761969172532007,0.14761969172532008,0.17517778807154066,0.017245943662024629,0.95520991662130461,0.021664386597812169,0.52831212486103918,0.026739244755624614,5,0,1,5,0.69999999999999996,1.4970928426184582,0,{}
10,4,4pm,subject_10_4pm.mat,4,80,100,20,20,1,0,0,0,13,11.232448580757175,0.57406734154866079,0.46871126312209072,0.43811389393378364,0.13811389393378365,0.17898225086626024,0.029988244807519229,0.92618671691539811,0.035842678975469888,0.56033533404689373,0.051016460207441716,5,0,1,5,0.55000000000000004,1.4970928426184582,0,{}
11,0,8am,subject_11_8am.mat,0,0,20,20,20,1,0,0,0,0,11.507461905901222,0.38169567458480458,0.70854323884646631,0.6521358573436089,0.35213585734360892,0.37558980272134768,0.054214658943991939,0.94438824123207687,0.0011353579869562425,0.48054720026842124,0.0021793161780636339,5,0,0,5,0.90000000000000002,1.4970928426184582,0,{}
11,0,8am,subject_11_8am.mat,1,20,40,20,20,1,0,0,0,2,12.133359141222583,1.3508658301923306,0.7049018511966344,0.53117575892232238,0.23117575892232239,0.37377735900248898,0.086038408108255054,0.94511389694522263,0.0069818266362799419,0.49181374261135158,0.01725319782523152,5,0,0,5,0.75,1.4970928426184582,0,{}
11,0,8am,subject_11_8am.mat,2,40,60,20,20,1,0,0,0,1,16.354279020893888,0.40472364962068585,0.80804481442192377,0.80230175652622127,0.50230175652622133,0.56393027087359593,0.007002107394448509,0.95775231560512775,0.00094693614052676622,0.5077571688591942,0.0018806679319558484,5,0,0,5,1,1.4970928426184582,0,{}
11,0,8am,subject_11_8am.mat,3,60,80,20,20,1,0,0,0,1,15.259150133469191,0.36430812243123878,0.8138699865495711,0.79561576537467071,0.49561576537467072,0.56496565085992212,0.0082665848424442467,0.9509001854398843,0.0018919758062324044,0.49502980469879937,0.0040653261737478297,5,0,0,5,1,1.4970928426184582,0,{}
11,0,8am,subject_11_8am.mat,4,80,100,20,20,1,0,0,0,2,13.959197740466433,1.3587223090972653,0.78316690298596292,0.6972247950377003,0.39722479503770031,0.50187065470811554,0.057375475644324159,0.94932032860642668,0.0046699737570036759,0.49610338187751202,0.0053115225024034096,5,0,1,5,0.69999999999999996,1.4970928426184582,0,{}
11,1,10am,subject_11_10am.mat,0,0,20,20,20,1,0,0,0,1,11.48700428893271,0.44959586902834481,0.43227300462195017,0.40989820233725549,0.1098982023372555,0.07425094005598086,0.00608120557721821,0.91475172492653956,0.0085381722022840889,0.42929099329635173,0.014464940043710572,5,0,0,5,1,1.4970928426184582,0,{}
11,1,10am,subject_11_10am.mat,1,20,40,20,20,1,0,0,0,0,11.338434795709787,0.66681957403180458,0.43426556775600955,0.41646116263078176,0.11646116263078177,0.067600895935897506,0.0089231002986379648,0.90783991054124158,0.021297255589527442,0.44230471507407942,0.017239930680344351,5,0,1,5,0.69999999999999996,1.4970928426184582,0,{}
11,1,10am,subject_11_10am.mat,2,40,60,20,20,1,0,0,0,0,10.925626103753574,0.2862549997352879,0.41836461449226287,0.41322554400658912,0.11322554400658913,0.061728669296510857,0.0077366298425518253,0.8411413266388883,0.036781151057998063,0.44643846698611644,0.016231522597084602,4,0,0.25,4,0.75,1.1976742740947666,0,{}
11,1,10am,subject_11_10am.mat,3,60,80,20,20,1,0,0,0,0,10.893457471834125,0.45558675453626218,0.40685564385897099,0.38698150979777113,0.086981509797771139,0.039960266112618603,0.0090194805419881209,0.86701537872457535,0.044429695132234048,0.46092543960925636,0.057743896037726422,4,0,1,4,0.59999999999999998,1.1976742740947666,0,{}
11,1,10am,subject_11_10am.mat,4,80,100,20,20,1,0,0,0,0,9.8399544162124961,0.42328532979359679,0.4279547320045699,0.39856799660143033,0.098567996601430341,0.048430284411997128,0.011021017124587237,0.79465287142398666,0.043673099203120846,0.54878448004063352,0.056060975281677916,4,0,0.25,4,0.75,1.1976742740947666,0,{}
11,2,12pm,subject_11_12pm.mat,0,0,20,20,20,1,0,0,0,0,16.34203774440272,2.2085123033308509,0.8756095627484678,0.83595899458573208,0.53595899458573215,0.67452734441774154,0.013340805538146039,0.95369600993499182,0.0043940894022478916,0.50731110765814447,0.0078366218385435837,5,0,0,5,0.90000000000000002,1.4970928426184582,0,{}
11,2,12pm,subject_11_12pm.mat,1,20,40,20,20,1,0,0,0,0,12.289088209590346,1.1894798850945945,0.82907767956361245,0.74372455969213191,0.44372455969213193,0.61025181735720779,0.0553817149950252,0.9472591997001194,0.016996255167564089,0.52386630210041252,0.022311490088935293,5,0,1,5,0.69999999999999996,1.4970928426184582,0,{}
11,2,12pm,subject_11_12pm.mat,2,40,60,20,20,1,0,0,0,3,16.385872242570237,1.6012817384706501,0.86135209080258635,0.5705259691511706,0.27052596915117061,0.68534659543974752,0.028456211879174687,0.93838964030879479,0.006330443389075513,0.48879021321700811,0.010257999494827447,5,0,0,5,0.75,1.4970928426184582,0,{}
11,2,12pm,subject_11_12pm.mat,3,60,80,20,20,1,0,0,0,0,11.893171201095399,1.9705869899577912,0.83109243010194778,0.7001351873230256,0.40013518732302561,0.61434977347491704,0.091933737305531893,0.93722513147686159,0.017627978917006293,0.50279995237326813,0.020622425735467492,5,0,1,5,0.55000000000000004,1.4970928426184582,0,{}
11,2,12pm,subject_11_12pm.mat,4,80,100,20,20,1,0,0,0,1,9.9165545851957511,0.37741906350435706,0.80677266746083309,0.73759301064678573,0.43759301064678574,0.59029659394082346,0.021447424923011937,0.9452151533958113,0.0074387629490799689,0.51232051362215603,0.010178423171980144,5,0,0,5,0.84999999999999998,1.4970928426184582,0,{}
11,3,2pm,subject_11_2pm.mat,0,0,20,20,20,1,0,0,0,0,7.2832149800362682,0.14232008650065975,0.6103965222681651,0.57314763349107045,0.27314763349107046,0.22800917225374367,0.011426798308013977,0.96947146147089125,0.0088710744135537256,0.54530105943048157,0.016604466657083816,5,0,0,5,1,1.4970928426184582,0,{}
11,3,2pm,subject_11_2pm.mat,1,20,40,20,20,1,0,0,0,1,7.3859581023000906,0.18211993586159281,0.52428646129414525,0.44465146619635237,0.14465146619635239,0.17058165251162616,0.022291767878456936,0.94806013031148573,0.020702523867980716,0.52776067950209904,0.014584768105576518,5,0,0,5,1,1.4970928426184582,0,{}
11,3,2pm,subject_11_2pm.mat,2,40,60,20,20,1,0,0,0,0,7.212776552938454,0.40942774315232766,0.50272764473045395,0.40754351916127712,0.10754351916127713,0.12368593664629532,0.020904247090744732,0.96439727429305289,0.0079506450614129087,0.56237168133735482,0.016961728898309547,5,0,0,5,1,1.4970928426184582,0,{}
11,3,2pm,subject_11_2pm.mat,3,60,80,20,20,1,0,0,0,0,7.2125403608672327,0.25390174649359976,0.52400889653893667,0.44052654886682518,0.1405265488668252,0.13475503027803509,0.0073496373902772194,0.9621973604884031,0.0055742978325739045,0.54303610965851146,0.012713902306252856,5,0,0,5,1,1.4970928426184582,0,{}
11,3,2pm,subject_11_2pm.mat,4,80,100,20,20,1,0,0,0,0,7.470143443335127,0.15626785875453963,0.41364661180524315,0.3225307092322196,0.022530709232219615,0.10301514929876988,0.0064499050646161654,0.95179424622305275,0.027361900406128903,0.54649537148463079,0.02931858491474798,5,0,0,5,1,1.4970928426184582,0,{}
11,4,4pm,subject_11_4pm.mat,0,0,20,20,20,1,0,0,0,0,10.143539830189184,0.37375459192318594,0.3798833624139773,0.35803100207564864,0.058031002075648652,0.11153770012740953,0.015684699530179494,0.92460331848591648,0.021812100176395732,0.54110681552874973,0.0473752329656289,5,0,0,5,1,1.4970928426184582,0,{}
11,4,4pm,subject_11_4pm.mat,1,20,40,20,20,1,0,0,0,0,10.766600088926117,0.38265778292290165,0.39294899036640951,0.3526815810193083,0.05268158101930831,0.12180823346797173,0.02354160988474549,0.92365957031608859,0.019838714996466555,0.52527372717044862,0.019369119687201897,5,0,0,5,1,1.4970928426184582,0,{}
11,4,4pm,subject_11_4pm.mat,2,40,60,20,20,1,0,0,0,0,10.570458720218234,0.39193715415741437,0.39735036720909134,0.38118066046021826,0.081180660460218268,0.1370405044548213,0.024422802527036533,0.90745683818535272,0.018804638189936052,0.57743067194895881,0.020804658374864116,5,0,0,5,1,1.4970928426184582,0,{}
11,4,4pm,subject_11_4pm.mat,3,60,80,20,20,1,0,0,0,0,10.666836316749638,0.87321501614778896,0.40218498712743156,0.38009140076847703,0.080091400768477039,0.15011976887368805,0.021169306030306936,0.93066306390013775,0.022545211077665106,0.59294993651723649,0.049031647472145279,5,0,0,5,1,1.4970928426184582,0,{}
11,4,4pm,subject_11_4pm.mat,4,80,100,20,20,1,0,0,0,0,9.5803410273149829,0.72031660009450871,0.40377469195897303,0.3929839045165146,0.092983904516514615,0.15014124000069981,0.015224332980964664,0.96686825740623539,0.014101486467850588,0.60845104122610172,0.026932287800256471,5,0,0,5,1,1.4970928426184582,0,{}
12,0,8am,subject_12_8am.mat,0,0,20,20,10,0.5,0,0,10,0,15.64793976362202,0.53167097922992124,0.30089958720149096,0.28010578399395353,-0.019894216006046461,0.15275614676627308,0.0074771013857957425,0.91470010112859601,0.0072379630864924938,0.49815625568627381,0.01098926052549784,6,0,0,6,0.80000000000000004,1.7965114111421496,0,{}
12,0,8am,subject_12_8am.mat,1,20,40,20,18,0.90000000000000002,0,0,2,0,14.941768436644381,0.55793625925874224,0.34573824172848033,0.30467592884426375,0.0046759288442637659,0.17610782963195654,0.011366274275075139,0.9171021203748817,0.0059232357182776862,0.49741437409365241,0.018424551248788973,6,0,1,6,0.55555555555555558,1.7965114111421496,0,{}
12,0,8am,subject_12_8am.mat,2,40,60,20,19,0.94999999999999996,0,0,1,0,14.376471497862692,0.90882825025358027,0.38935052734524384,0.32426011386895959,0.024260113868959599,0.18977225199440195,0.01337250740866977,0.9268569445817415,0.0023083436997622941,0.49720346059226483,0.0066151075522041802,6,0,0,6,0.78947368421052633,1.7965114111421496,0,{}
12,0,8am,subject_12_8am.mat,3,60,80,20,20,1,0,0,0,0,14.865803157507479,0.74723705057036316,0.35383117020084798,0.32360781642491548,0.023607816424915495,0.19559657996724092,0.015557305252045017,0.93244121702166227,0.0035580717728832534,0.49003383105431669,0.0040115647315827341,5,0,0.25,5,0.75,1.4970928426184582,0,{}
12,0,8am,subject_12_8am.mat,4,80,100,20,20,1,0,0,0,2,13.422171346133558,0.49736813860503215,0.40645354999619232,0.36306269610919367,0.063062696109193683,0.18757809626750072,0.019460504733460365,0.94379322222360296,0.0056039266026233769,0.50233756338053348,0.010245581404675352,5,0,0,5,1,1.4970928426184582,0,{}
12,1,10am,subject_12_10am.mat,0,0,20,20,20,1,0,0,0,0,10.721554862096237,0.27049443656511407,0.66719282150443704,0.64903228182012607,0.34903228182012608,0.3067012804448952,0.02228483155684069,0.88720976633742343,0.005938833985312697,0.58730126588723008,0.014070867590609826,6,0,0,6,1,1.7965114111421496,0,{}
12,1,10am,subject_12_10am.mat,1,20,40,20,20,1,0,0,0,0,10.929937416959863,0.098908343783786989,0.72179166309159226,0.67868993439658765,0.37868993439658766,0.29712740200952104,0.0075263915739267606,0.90337768249642592,0.0043554617896940373,0.56154270511964466,0.010379661878242075,6,0,0,6,1,1.7965114111421496,0,{}
12,1,10am,subject_12_10am.mat,2,40,60,20,20,1,0,0,0,0,11.092775005511768,0.32799700648257879,0.74647928540436603,0.69783349317483312,0.39783349317483313,0.35037220605081087,0.033982669304630481,0.90882961172243415,0.0036265048072149919,0.56214727673553999,0.011535760338628798,6,0,0,6,1,1.7965114111421496,0,{}
12,1,10am,subject_12_10am.mat,3,60,80,20,20,1,0,0,0,0,11.279254221519519,0.21525020883422918,0.72659355580987683,0.6968983210502242,0.39689832105022421,0.36582159070485576,0.016685198614888819,0.91866887297150512,0.0041750806807945295,0.53941412555656754,0.0093832106354596045,6,0,0,6,1,1.7965114111421496,0,{}
12,1,10am,subject_12_10am.mat,4,80,100,20,20,1,0,0,0,0,11.066761873390266,0.29401267856847824,0.69264483158742696,0.68206850814730957,0.38206850814730958,0.34322848613336521,0.014279933979252951,0.91892952409299744,0.0031361822893040125,0.53362223017134791,0.0080894293712340803,6,0,0,6,1,1.7965114111421496,0,{}
12,2,12pm,subject_12_12pm.mat,0,0,20,20,20,1,0,0,0,0,17.925973373517458,1.5209921343857804,0.73320248762557916,0.71491111077077418,0.41491111077077419,0.45915216397463299,0.016880406767661893,0.95558515279766598,0.0015606791842086021,0.51307718902852018,0.0027484373952798569,5,0,0,5,1,1.4970928426184582,0,{}
12,2,12pm,subject_12_12pm.mat,1,20,40,20,20,1,0,0,0,0,17.869148062056276,0.74987541177456052,0.72042387181082546,0.69922845483628715,0.39922845483628716,0.45848914394000673,0.011540340423105838,0.95884135559762951,0.00084697221800161815,0.51768783674277485,0.0018339104085609015,5,0,0,5,1,1.4970928426184582,0,{}
12,2,12pm,subject_12_12pm.mat,2,40,60,20,20,1,0,0,0,0,17.059254844484354,1.0706433204072825,0.70207488727132394,0.68559798767160973,0.38559798767160974,0.43806676110447035,0.00661051511295635,0.95880605498420757,0.00081700648342547533,0.51812176929840847,0.0013297841296743274,5,0,0,5,1,1.4970928426184582,0,{}
12,2,12pm,subject_12_12pm.mat,3,60,80,20,20,1,0,0,0,0,17.704351557517313,1.3820980546061339,0.69906679446980924,0.65260541944718087,0.35260541944718088,0.42868691937870207,0.014381715529988737,0.95908241563663221,0.0012157612530238615,0.51799152821476646,0.001983644898981618,5,0,0,5,1,1.4970928426184582,0,{}
12,2,12pm,subject_12_12pm.mat,4,80,100,20,20,1,0,0,0,0,16.534797565882158,1.8543897180738975,0.71309712130902936,0.68574518895516912,0.38574518895516913,0.43536687047009004,0.011747880751727668,0.95688606363125028,0.0014953104358158553,0.51469828006099949,0.0012348499726969608,5,0,0,5,1,1.4970928426184582,0,{}
12,3,2pm,subject_12_2pm.mat,0,0,20,20,20,1,0,0,0,0,7.9121263921169636,0.2771703882741785,0.58690507363974809,0.52253079423471938,0.22253079423471939,0.1918255051034955,0.013591382409448599,0.91869053617839747,0.0052228954179531217,0.47505403778247823,0.0062915560353818123,5,0,0,5,1,1.4970928426184582,0,{}
12,3,2pm,subject_12_2pm.mat,1,20,40,20,20,1,0,0,0,0,8.3723529197614504,0.72962223781643099,0.43600588709674082,0.38852082967920243,0.08852082967920244,0.10176934366986704,0.012701290485972003,0.89863362208615893,0.0055515034179101641,0.45343816437700057,0.0043906376468171304,5,0,0,5,0.84999999999999998,1.4970928426184582,0,{}
12,3,2pm,subject_12_2pm.mat,2,40,60,20,20,1,0,0,0,0,8.32979215975611,0.15209617685175658,0.36393878202449731,0.33916836342480355,0.039168363424803565,0.060382492179866049,0.0098092502107605152,0.83232126332527656,0.063106109817599843,0.52101509001439505,0.10775760382984045,4,0,1,4,0.59999999999999998,1.1976742740947666,0,{}
12,3,2pm,subject_12_2pm.mat,3,60,80,20,20,1,0,0,0,0,8.1772941076515835,0.20735197175868647,0.34782917084827747,0.32514924849094423,0.025149248490944243,0.051548957407980128,0.0046916654710718424,0.7711353649135384,0.057909991374923031,0.5938136279299211,0.098220269576646702,4,0,1,4,0.55000000000000004,1.1976742740947666,0,{}
12,3,2pm,subject_12_2pm.mat,4,80,100,20,20,1,0,0,0,0,7.9565721788166455,0.36294750037911339,0.40126257439081381,0.36651964181539137,0.066519641815391384,0.063945557484953661,0.0088302876382095538,0.82745493796898184,0.081432031171059183,0.63101173631639074,0.038893385711227635,5,0,1,5,0.59999999999999998,1.4970928426184582,0,{}
12,4,4pm,subject_12_4pm.mat,0,0,20,20,16,0.80000000000000004,0,0,4,0,10.143539830189184,0.37375459192318594,0.38440148472722868,0.28717796061572703,-0.012822039384272954,0.14898368603042239,0.027949563734012382,0.94586628729512878,0.0068138718832663758,0.47885464993408511,0.017836821520409052,5,0,0,5,0.9375,1.4970928426184582,0,{}
12,4,4pm,subject_12_4pm.mat,1,20,40,20,16,0.80000000000000004,0,0,4,0,10.766600088926117,0.38265778292290165,0.37667336447937155,0.25044869647461104,-0.049551303525388946,0.16822318062173947,0.026605009430534676,0.93761667927686154,0.0065023595690032465,0.46730543917414114,0.0095783886580385613,5,0,0.25,5,0.75,1.4970928426184582,0,{}
12,4,4pm,subject_12_4pm.mat,2,40,60,20,20,1,0,0,0,0,10.570458720218234,0.39193715415741437,0.59453104510377131,0.51941176737330674,0.21941176737330675,0.25524584214655016,0.017484756895525339,0.93951285684216157,0.0019327640304325211,0.47546480538463154,0.0061831059509540043,5,0,0,5,1,1.4970928426184582,0,{}
12,4,4pm,subject_12_4pm.mat,3,60,80,20,19,0.94999999999999996,0,0,1,0,10.666836316749638,0.87319357699365696,0.57466271584528994,0.43745394455163489,0.1374539445516349,0.25389528513281101,0.031234296244011139,0.94213486001481195,0.0039533116729590922,0.48769273432336013,0.012879627108484115,5,0,0,5,1,1.4970928426184582,0,{}
12,4,4pm,subject_12_4pm.mat,4,80,100,20,20,1,0,0,0,0,9.5803410273149829,0.72031660009450871,0.59602869629127553,0.52211319706031123,0.22211319706031124,0.25572255873512117,0.041838930849078457,0.93946468278059381,0.0022868482117013311,0.48728654420666667,0.0076137933261067603,5,0,0,5,1,1.4970928426184582,0,{}
13,0,8am,subject_13_8am.mat,0,0,20,20,20,1,0,0,0,0,23.097544470281946,0.52808449356133202,0.82116097927557474,0.73270850272325971,0.43270850272325972,0.60764755346266286,0.02064793102505541,0.93729982933771905,0.0022417226117910083,0.48630876007168222,0.0037201893711067135,6,0,1,6,0.69999999999999996,1.7965114111421496,0,{}
13,0,8am,subject_13_8am.mat,1,20,40,20,20,1,0,0,0,0,22.846875214460457,0.45169185699304393,0.77794202390203249,0.72891910449699882,0.42891910449699883,0.602430459740386,0.021152126374539837,0.93833562991066444,0.0014858692413731722,0.48335143761480909,0.0037437197163563696,6,0,1,6,0.65000000000000002,1.7965114111421496,0,{}
13,0,8am,subject_13_8am.mat,2,40,60,20,20,1,0,0,0,0,23.524975283753683,0.55665972005029651,0.76444061500727023,0.6759297218405379,0.37592972184053791,0.58905043344838393,0.026992674231913483,0.93836564233622699,0.0014859787338119546,0.48315709662535333,0.0030560201897873729,6,0,1,6,0.65000000000000002,1.7965114111421496,0,{}
13,0,8am,subject_13_8am.mat,3,60,80,20,20,1,0,0,0,0,24.013833698884593,1.0222554449811661,0.7198468166911679,0.65261741935089146,0.35261741935089147,0.56560478394866909,0.036587918924742668,0.93848027811785073,0.0020375600795929372,0.48417325236488162,0.0034169845097131446,6,0,1,6,0.65000000000000002,1.7965114111421496,0,{}
13,0,8am,subject_13_8am.mat,4,80,100,20,20,1,0,0,0,0,24.242069145535151,1.2848598697027462,0.72341291553658249,0.67410501198372474,0.37410501198372476,0.56309535558030721,0.033185298100609772,0.93864393196200979,0.0022361139268972097,0.48579811312861432,0.0029413829777789058,6,0,1,6,0.69999999999999996,1.7965114111421496,0,{}
13,1,10am,subject_13_10am.mat,0,0,20,20,20,1,0,0,0,0,29.516464089647059,0.50537857155376287,0.72622655340714204,0.69721865048072107,0.39721865048072108,0.57564994315316664,0.014653358358148461,0.92619957263270991,0.00028538609899875222,0.51580632732302722,0.0017541026743313481,6,0,0,6,1,1.7965114111421496,0,{}
13,1,10am,subject_13_10am.mat,1,20,40,20,20,1,0,0,0,0,29.323780386597527,1.0276419289461849,0.72554238326358622,0.66224887722162729,0.3622488772216273,0.56208431834112205,0.021527001244188271,0.92591186442186313,0.00029191031714281834,0.51372194538282789,0.0011258888872930917,6,0,0,6,1,1.7965114111421496,0,{}
13,1,10am,subject_13_10am.mat,2,40,60,20,20,1,0,0,0,0,29.646576984300268,0.75736739822007237,0.71990842490254459,0.69155495008457579,0.3915549500845758,0.56830575382006709,0.015747276733821092,0.92613228518869395,0.000344571820505013,0.51529939017759419,0.0012662840882742277,6,0,0,6,1,1.7965114111421496,0,{}
13,1,10am,subject_13_10am.mat,3,60,80,20,20,1,0,0,0,0,29.507362518864717,0.65510095935769286,0.71852230391474281,0.66481701256017323,0.36481701256017324,0.53767756368112629,0.023699873566645158,0.92637982514408823,0.00050619766575582537,0.51344723456254837,0.0019502484271886611,6,0,0,6,1,1.7965114111421496,0,{}
13,1,10am,subject_13_10am.mat,4,80,100,20,20,1,0,0,0,0,30.738094688312692,0.9942124253308382,0.70316179607106855,0.64593240286919662,0.34593240286919663,0.51577742965521012,0.023042402829453607,0.92676983478972397,0.0003599290812973388,0.5161160281869035,0.0022913014291947587,6,0,0,6,1,1.7965114111421496,0,{}
13,2,12pm,subject_13_12pm.mat,0,0,20,20,20,1,0,0,0,0,28.24586955531052,0.89573618628356577,0.81818630130658765,0.72571005780564857,0.42571005780564858,0.58907419006408701,0.006524021209216746,0.92403151876502077,0.00099421882479400203,0.51229941519277511,0.0035722355526873195,6,0,0,6,1,1.7965114111421496,0,{}
13,2,12pm,subject_13_12pm.mat,1,20,40,20,20,1,0,0,0,0,27.591721427869686,0.91153915784471451,0.83356290662143162,0.74084522646183049,0.4408452264618305,0.60261405263651424,0.009630565052725637,0.9237665300416007,0.00064205760491214958,0.51478227307054281,0.0027090336281817007,6,0,0,6,1,1.7965114111421496,0,{}
13,2,12pm,subject_13_12pm.mat,2,40,60,20,20,1,0,0,0,0,26.639980274580331,0.34333373996541283,0.84370514095917482,0.76541599723615095,0.46541599723615096,0.62496505588244433,0.0036256883699760101,0.92364541955658375,0.00055623366692381104,0.51756073832743565,0.0014458299023876742,6,0,0,6,1,1.7965114111421496,0,{}
13,2,12pm,subject_13_12pm.mat,3,60,80,20,20,1,0,0,0,1,27.631275856190303,0.78248158969313586,0.82910070879046149,0.75546884084329058,0.45546884084329059,0.63043447808543174,0.012697602821493237,0.9240372794205638,0.00046995893307821834,0.51746843631802664,0.0022204548364562204,6,0,0,6,1,1.7965114111421496,0,{}
13,2,12pm,subject_13_12pm.mat,4,80,100,20,20,1,0,0,0,0,26.340692156808078,0.57845367568872419,0.84954924300070056,0.8056137673799264,0.50561376737992636,0.63673279793091697,0.009214562255633163,0.9234074334228819,0.00022477273589383007,0.51921794788102837,0.0013823897370360272,6,0,0,6,1,1.7965114111421496,0,{}
13,3,2pm,subject_13_2pm.mat,0,0,20,20,20,1,0,0,0,0,27.840659523574693,0.23453463715613232,0.77523990500355344,0.70350692606577003,0.40350692606577004,0.61088695928115899,0.011792822690815885,0.92358936696571514,0.00050106655774190267,0.52042586628676246,0.0018721219524748811,6,0,0,6,1,1.7965114111421496,0,{}
13,3,2pm,subject_13_2pm.mat,1,20,40,20,20,1,0,0,0,0,27.625200276298663,0.29391815133735122,0.77390811592373077,0.72787592771301546,0.42787592771301547,0.60179096882171645,0.0099413230318965984,0.92280316115043792,0.00024749085227715462,0.52182154785851598,0.00098267257770245919,6,0,0,6,1,1.7965114111421496,0,{}
13,3,2pm,subject_13_2pm.mat,2,40,60,20,20,1,0,0,0,0,26.235518685916531,0.67458262795918245,0.80440656139052757,0.77352638871023927,0.47352638871023928,0.62938881645763989,0.0085812906786966181,0.92271244841318834,0.00024090388619640857,0.52077754227516504,0.0011245198401877432,6,0,0,6,1,1.7965114111421496,0,{}
13,3,2pm,subject_13_2pm.mat,3,60,80,20,20,1,0,0,0,0,26.006387635830361,0.66718476647489133,0.81186079223596608,0.802490677959244,0.50249067795924396,0.63232060959340008,0.0058343654697340375,0.92267178145657214,0.00016397035074233735,0.51998637916210844,0.00082942994808149484,6,0,0,6,1,1.7965114111421496,0,{}
13,3,2pm,subject_13_2pm.mat,4,80,100,20,20,1,0,0,0,0,25.922542160415155,0.48602705866248108,0.8191050850411693,0.78570202892373608,0.4857020289237361,0.63213201368168637,0.0052038222780586008,0.92277805583790773,0.00020624408640990133,0.51887133422695042,0.00063854068573260259,6,0,0,6,1,1.7965114111421496,0,{}
13,4,4pm,subject_13_4pm.mat,0,0,20,20,20,1,0,0,0,0,35.357713266936827,1.4669594851670027,0.62581772635650235,0.5756052186200562,0.27560521862005621,0.43157529001855433,0.015031638226744304,0.92848961960588272,0.00036995589193944411,0.50998153596419815,0.0029220084243768429,6,0,0,6,1,1.7965114111421496,0,{}
13,4,4pm,subject_13_4pm.mat,1,20,40,20,20,1,0,0,0,0,34.554463551734308,0.8110718652554425,0.60099070129344989,0.5556445568750128,0.25564455687501281,0.40077172020365115,0.021635851780018839,0.92919464853746025,0.00057794246530473714,0.50815116490465639,0.0012164406768450098,6,0,0,6,1,1.7965114111421496,0,{}
13,4,4pm,subject_13_4pm.mat,2,40,60,20,20,1,0,0,0,0,35.270638952008731,1.1151912749531405,0.59271456820493307,0.52872622642737599,0.228726226427376,0.397277808844197,0.013104772876367715,0.92977009566032653,0.00029207768691413838,0.50686231153291672,0.0019764597894061375,6,0,0,6,1,1.7965114111421496,0,{}
13,4,4pm,subject_13_4pm.mat,3,60,80,20,20,1,0,0,0,0,34.411281641252856,0.81766614457206899,0.58038946400402058,0.53954874863723834,0.23954874863723835,0.41588293132603038,0.009668554960996889,0.92902724862836195,0.00032582533092850863,0.51131276768538259,0.0019186754834369379,6,0,0,6,1,1.7965114111421496,0,{}
13,4,4pm,subject_13_4pm.mat,4,80,100,20,20,1,0,0,0,0,34.159571239843601,1.4174367443870892,0.60924555548954717,0.55068327341274115,0.25068327341274116,0.43955824471815158,0.022789585792252876,0.92864002846142124,0.00024420231228289291,0.51155359638140108,0.001466715111194894,6,0,0,6,1,1.7965114111421496,0,{}
14,0,8am,subject_14_8am.mat,0,0,20,20,20,1,0,0,0,0,31.314787368419562,0.69871140767957485,0.78319770059984506,0.76081444483771243,0.46081444483771244,0.58767507069118485,0.016269503780729,0.92677824228049799,0.00052859487669176808,0.51675949091947837,0.0010176072427670046,6,0,0,6,1,1.7965114111421496,0,{}
14,0,8am,subject_14_8am.mat,1,20,40,20,20,1,0,0,0,0,31.065598646592786,0.59173054526748636,0.77648133725957702,0.76488759311415633,0.46488759311415634,0.5864921629598987,0.0095890010858755148,0.92661474832972557,0.00042782643885541649,0.51709244694932854,0.0010497432274763074,6,0,0,6,1,1.7965114111421496,0,{}
14,0,8am,subject_14_8am.mat,2,40,60,20,20,1,0,0,0,0,29.725226102289852,0.36357432439509729,0.80864831394092884,0.77983703936088355,0.47983703936088357,0.61736089163024643,0.0066378273367139196,0.92653538421314674,0.00050531928263336523,0.51424242025806066,0.0011873239299645677,6,0,0,6,1,1.7965114111421496,0,{}
14,0,8am,subject_14_8am.mat,3,60,80,20,20,1,0,0,0,0,28.954342218291067,0.63452370962877858,0.74434442022392866,0.72280167812516771,0.42280167812516772,0.59470877814479906,0.012465748575828273,0.92785895405263752,0.00031494977567753102,0.50782365328839485,0.00055043339928884105,6,0,0,6,1,1.7965114111421496,0,{}
14,0,8am,subject_14_8am.mat,4,80,100,20,20,1,0,0,0,0,28.124554674592876,0.478143858726499,0.77093295706884235,0.7376449583516661,0.43764495835166611,0.61060158362279748,0.0098369687988596466,0.92727412169792101,0.00046904872876935011,0.51138540701900814,0.0010211337007047239,6,0,0,6,1,1.7965114111421496,0,{}
14,1,10am,subject_14_10am.mat,0,0,20,20,20,1,0,0,0,0,28.87193685265008,0.33839015870691114,0.81896781283121278,0.74714476178666267,0.44714476178666268,0.62325689788654892,0.019356412060454908,0.92649787798554595,0.00058816813020595715,0.51513799117885251,0.0014618527897848899,6,0,0,6,1,1.7965114111421496,0,{}
14,1,10am,subject_14_10am.mat,1,20,40,20,20,1,0,0,0,0,29.648344493080721,0.7901263742646627,0.77032334222648702,0.75451532746756034,0.45451532746756035,0.57096233460836032,0.014379186881201822,0.92690097139412142,0.00049152763292331647,0.5181795930467169,0.0025900477032497204,6,0,0,6,1,1.7965114111421496,0,{}
14,1,10am,subject_14_10am.mat,2,40,60,20,20,1,0,0,0,0,28.547042564183748,0.26443729236667401,0.78506149253057811,0.75819616857020755,0.45819616857020756,0.59338622999573565,0.010234621808314748,0.92683084306420871,0.00045563420005179101,0.51608396828079006,0.0022313360060542409,6,0,0,6,1,1.7965114111421496,0,{}
14,1,10am,subject_14_10am.mat,3,60,80,20,20,1,0,0,0,0,28.029667936623227,0.63639615611452527,0.79607775394096036,0.77366275731434453,0.47366275731434454,0.62673390005991503,0.016354987993570491,0.92661778118114135,0.000330975288431401,0.51415364936296137,0.0019494452165328413,6,0,0,6,1,1.7965114111421496,0,{}
14,1,10am,subject_14_10am.mat,4,80,100,20,20,1,0,0,0,0,28.093765784889037,0.34705064848000866,0.79652936587982515,0.77168345697846941,0.47168345697846942,0.61371964914598787,0.0096257645070657594,0.92666374241286542,0.00056879703849860297,0.51579968327453662,0.0026963768752290007,6,0,0,6,1,1.7965114111421496,0,{}
14,2,12pm,subject_14_12pm.mat,0,0,20,20,20,1,0,0,0,0,23.634007779129291,0.52079659206537166,0.79241526111035498,0.7761870302327063,0.47618703023270631,0.64078433544672175,0.0096500288117754573,0.92789620294209052,0.00014639963805096468,0.50771732656801571,0.00078740603248866892,6,0,0,6,1,1.7965114111421496,0,{}
14,2,12pm,subject_14_12pm.mat,1,20,40,20,20,1,0,0,0,0,23.31591524482252,0.67565609340507216,0.80940116674338503,0.79291877514436016,0.49291877514436017,0.64997140884936955,0.013992635050834035,0.92764938647833173,0.00024287522687466145,0.50806025396585031,0.00081536666541903724,6,0,0,6,1,1.7965114111421496,0,{}
14,2,12pm,subject_14_12pm.mat,2,40,60,20,20,1,0,0,0,0,24.010998552140357,0.81308199705328299,0.80988854025843238,0.79789888206269388,0.49789888206269389,0.64931049747520697,0.0091686577911948008,0.92744269363268605,0.00029535353773574302,0.50893450107118055,0.0011827957436786329,6,0,0,6,1,1.7965114111421496,0,{}
14,2,12pm,subject_14_12pm.mat,3,60,80,20,20,1,0,0,0,0,23.417927988071966,0.33963269115295169,0.82038496952456041,0.81449092345378948,0.51449092345378955,0.63979008459220232,0.0065868942729466196,0.9267270728381769,0.00019965960308643282,0.51303474227216905,0.0010600417771131077,6,0,0,6,1,1.7965114111421496,0,{}
14,2,12pm,subject_14_12pm.mat,4,80,100,20,20,1,0,0,0,0,23.819217277042281,0.73368330840662388,0.81739658851148889,0.80993593796358254,0.50993593796358261,0.64266192211388429,0.0045119609673359151,0.92696938867418244,0.00012030019463515895,0.5105307989172132,0.00081934181345333368,6,0,0,6,1,1.7965114111421496,0,{}
14,3,2pm,subject_14_2pm.mat,0,0,20,20,20,1,0,0,0,0,30.026804310059667,0.86851564070111387,0.79728723813067059,0.74197278509756537,0.44197278509756538,0.62075561784113487,0.016952287260742382,0.92760210022381706,0.000673476524514105,0.50576498841479645,0.0021621737848713241,6,0,0,6,1,1.7965114111421496,0,{}
14,3,2pm,subject_14_2pm.mat,1,20,40,20,20,1,0,0,0,0,30.77587726983289,1.0284945104177865,0.75453228530573102,0.73150842401632354,0.43150842401632356,0.5926242112527651,0.0087323748848783245,0.92805191776740248,0.00060233856448516088,0.50405802987092685,0.0026719186624566404,6,0,0,6,1,1.7965114111421496,0,{}
14,3,2pm,subject_14_2pm.mat,2,40,60,20,20,1,0,0,0,0,30.634203365276427,0.66849210474984311,0.76630863738746025,0.71587069587020824,0.41587069587020825,0.59452455164937046,0.010011478228365789,0.92786796394035309,0.00030611666797014658,0.50514379309850843,0.0013657067405968282,6,0,0,6,1,1.7965114111421496,0,{}
14,3,2pm,subject_14_2pm.mat,3,60,80,20,20,1,0,0,0,0,31.219305632484112,0.26938849705402035,0.74306542149117982,0.72800780031970558,0.42800780031970559,0.58888949746283337,0.01136084064695303,0.92769321466158361,0.00020854539921089099,0.51288657798967963,0.0015199870488609712,6,0,0,6,1,1.7965114111421496,0,{}
14,3,2pm,subject_14_2pm.mat,4,80,100,20,20,1,0,0,0,0,31.785320425909873,0.42157462681490721,0.72925628603595438,0.70268117396836038,0.4026811739683604,0.58681323985379608,0.014661364722835968,0.92808957878700005,0.00041888553208085932,0.51034382665461941,0.0014316936253982449,6,0,0,6,1,1.7965114111421496,0,{}
14,4,4pm,subject_14_4pm.mat,0,0,20,20,20,1,0,0,0,0,27.028208173469068,0.37584628687208799,0.75497600146782595,0.72954488665083261,0.42954488665083262,0.59906003818820341,0.011470976692364909,0.92782246874963881,0.00071612158927986114,0.51106883650407964,0.0019159314048742271,6,0,0,6,1,1.7965114111421496,0,{}
14,4,4pm,subject_14_4pm.mat,1,20,40,20,20,1,0,0,0,0,26.741605256093763,0.16887055217337732,0.76952254531124997,0.7418384662610219,0.44183846626102191,0.58959326473116214,0.0085690913022231086,0.92809347820508692,0.00037799217587003442,0.51181055524906593,0.0011235853686969444,6,0,0,6,1,1.7965114111421496,0,{}
14,4,4pm,subject_14_4pm.mat,2,40,60,20,20,1,0,0,0,0,26.880642170853427,0.43075589151937876,0.782054554012659,0.75699011314338138,0.45699011314338139,0.5943427707326896,0.016404301278404643,0.92734740095344725,0.00055788288575764344,0.51382577104198468,0.0012037544528711308,6,0,0,6,1,1.7965114111421496,0,{}
14,4,4pm,subject_14_4pm.mat,3,60,80,20,20,1,0,0,0,0,26.815531856113445,0.37991086166557864,0.77642918063138233,0.7412706372460669,0.44127063724606691,0.59534970115299357,0.011287811536356773,0.92746734535188913,0.00080672123520020289,0.51193541578850066,0.0020299286313405496,6,0,0,6,1,1.7965114111421496,0,{}
14,4,4pm,subject_14_4pm.mat,4,80,100,20,20,1,0,0,0,0,29.103606549538057,0.55638460268926515,0.70766585478036381,0.68207770343545415,0.38207770343545416,0.55191172490260776,0.0074994945287382153,0.92913357749498393,0.00030053838787602594,0.51075713234026154,0.0017048992678838082,6,0,0,6,1,1.7965114111421496,0,{}
15,0,8am,subject_15_8am.mat,0,0,20,20,20,1,0,0,0,0,26.746054808989385,0.34796174228311472,0.76439772302012887,0.74073870065784642,0.44073870065784643,0.60586553938722099,0.011483857568152234,0.92727546369149527,0.00027876542248350678,0.51232644554968709,0.0010272235838072463,6,0,0,6,1,1.7965114111421496,0,{}
15,0,8am,subject_15_8am.mat,1,20,40,20,20,1,0,0,0,0,26.561599573104679,0.27907257369302485,0.77998766918752893,0.75529227367144025,0.45529227367144026,0.61730768246696122,0.0096089880124117233,0.92729383696667811,0.00023886483456192487,0.5124349162946521,0.00081449775327152585,6,0,0,6,1,1.7965114111421496,0,{}
15,0,8am,subject_15_8am.mat,2,40,60,20,20,1,0,0,0,0,25.443436121167963,0.79760499125945117,0.78662782608121096,0.77980271555468927,0.47980271555468929,0.63175493565806451,0.0039076431992388638,0.92666708136321807,0.00016243937262455654,0.51184308091269892,0.00060394101583538529,6,0,0,6,1,1.7965114111421496,0,{}
15,0,8am,subject_15_8am.mat,3,60,80,20,20,1,0,0,0,0,24.903060810486245,0.97411743029239872,0.80401727028337633,0.78223279087260122,0.48223279087260124,0.6477864628390182,0.004878884045156795,0.92631171000633461,0.00023792074616907355,0.51206665444975652,0.00051430099029414755,6,0,0,6,1,1.7965114111421496,0,{}
15,0,8am,subject_15_8am.mat,4,80,100,20,20,1,0,0,0,0,25.791874059008144,0.49131888418760106,0.80482281598793315,0.77886144754127395,0.47886144754127397,0.64552188530449128,0.0097156538327030639,0.92610925825045243,0.00021680562814302418,0.51258406130124845,0.00050831639125031858,6,0,0,6,1,1.7965114111421496,0,{}
15,1,10am,subject_15_10am.mat,0,0,20,20,20,1,0,0,0,0,26.000197942931305,0.86491238212688515,0.73102326957543351,0.70761259732838999,0.40761259732839,0.58547262331042571,0.012422970341893658,0.93022602548665245,0.00013791364920689997,0.50235636061182343,0.0011634386132648444,6,0,0,6,1,1.7965114111421496,0,{}
15,1,10am,subject_15_10am.mat,1,20,40,20,20,1,0,0,0,0,26.436349279042297,0.70010897104066316,0.71834212037683276,0.68578394022693001,0.38578394022693002,0.572834867341385,0.0085284975500006799,0.93003977650227232,0.00024854531683365932,0.50368485402745833,0.00074566423468463983,6,0,0,6,1,1.7965114111421496,0,{}
15,1,10am,subject_15_10am.mat,2,40,60,20,20,1,0,0,0,0,25.806240480216569,0.97062738914635993,0.73590387754691267,0.71961377191211406,0.41961377191211408,0.59172116030566568,0.0071181440922163386,0.92971910683847692,0.00029281481981052737,0.50293612716287228,0.00068779269730639969,6,0,0,6,1,1.7965114111421496,0,{}
15,1,10am,subject_15_10am.mat,3,60,80,20,20,1,0,0,0,0,25.831244760207497,1.1030386859397225,0.72307541858552027,0.70109383289719651,0.40109383289719652,0.57975936350485457,0.014831957758526415,0.92997762354475988,0.00021656724184465626,0.50322341646410396,0.00071451764027741227,6,0,0,6,1,1.7965114111421496,0,{}
15,1,10am,subject_15_10am.mat,4,80,100,20,20,1,0,0,0,0,25.154271207519166,0.93296791179683325,0.75860579212751622,0.7271142519813274,0.42711425198132741,0.61029442752346519,0.012368109114853754,0.92915730184627554,0.00018295142376661966,0.50305260582902456,0.0012441300202092886,6,0,0,6,1,1.7965114111421496,0,{}
15,2,12pm,subject_15_12pm.mat,0,0,20,20,20,1,0,0,0,1,25.76401134138586,1.0529645573613546,0.74607661844259932,0.67820852650961683,0.37820852650961684,0.55505086017727745,0.035044737147068294,0.92910754992954625,0.0013752452963468054,0.49772074687485923,0.0010280194605658266,6,0,0,6,1,1.7965114111421496,0,{}
15,2,12pm,subject_15_12pm.mat,1,20,40,20,20,1,0,0,0,1,24.490371681227984,0.77995086702612859,0.77649004192131632,0.73697018227556121,0.43697018227556123,0.59301832423703682,0.01460427476693299,0.92815323229705293,0.0012057093854216938,0.49881487413924974,0.0012048164140905371,6,0,0,6,1,1.7965114111421496,0,{}
15,2,12pm,subject_15_12pm.mat,2,40,60,20,20,1,0,0,0,0,23.860149402323458,0.76225537577241553,0.81857542422642604,0.7381869240505875,0.43818692405058751,0.61770591785464846,0.014023235300624715,0.92693026781707188,0.00074948436667315876,0.50147133454939929,0.0013069919198073765,6,0,0,6,1,1.7965114111421496,0,{}
15,2,12pm,subject_15_12pm.mat,3,60,80,20,20,1,0,0,0,1,24.447988447925169,0.76232049139119518,0.78413987742277491,0.73196956975024874,0.43196956975024875,0.60382283401865289,0.0064985259496653236,0.92797842220631233,0.0011313088904461033,0.50005900749749799,0.001056653629579074,6,0,0,6,1,1.7965114111421496,0,{}
15,2,12pm,subject_15_12pm.mat,4,80,100,20,20,1,0,0,0,1,24.324199265902017,1.2043271878160873,0.77653693342050123,0.71508130343083665,0.41508130343083666,0.60156320969041732,0.029839690081368497,0.92803869789597282,0.0017899572078291515,0.50013456602976891,0.0019447197529444404,6,0,0,6,1,1.7965114111421496,0,{}
15,3,2pm,subject_15_2pm.mat,0,0,20,20,20,1,0,0,0,0,29.934755271910731,0.32216563319861891,0.69291547065861847,0.67465242904264311,0.37465242904264312,0.51193284027215147,0.0074006563502431177,0.9292771272414504,0.00014965277657835729,0.51235623245451856,0.0005713559221354747,6,0,0,6,1,1.7965114111421496,0,{}
15,3,2pm,subject_15_2pm.mat,1,20,40,20,20,1,0,0,0,0,29.075685025150463,0.18717384788134162,0.69753915952319034,0.67901741078431599,0.379017410784316,0.52975418089146964,0.006087231181079511,0.92903807119167237,0.00013051592261720257,0.51214370378781293,0.00031063827599181471,6,0,0,6,1,1.7965114111421496,0,{}
15,3,2pm,subject_15_2pm.mat,2,40,60,20,20,1,0,0,0,0,29.380351044460319,0.2697494359597119,0.69942861668945566,0.67336697537128487,0.37336697537128488,0.52983136029028532,0.0098975496902301563,0.92892102959424627,0.00019081995339148561,0.51260704701798832,0.00050581717506220647,6,0,0,6,1,1.7965114111421496,0,{}
15,3,2pm,subject_15_2pm.mat,3,60,80,20,20,1,0,0,0,0,29.316125653448687,0.36654436667889634,0.71497235877099707,0.68535961625743025,0.38535961625743026,0.54483013443593631,0.0125350924958198,0.92859676716132,0.00027842375653946982,0.51270785736803026,0.00070741748991026698,6,0,0,6,1,1.7965114111421496,0,{}
15,3,2pm,subject_15_2pm.mat,4,80,100,20,20,1,0,0,0,0,28.240395245566383,1.2339922354911383,0.72130391978111896,0.7008893630805022,0.40088936308050221,0.54931202086217579,0.0092515116239970108,0.92835941527658594,0.00016945575587729023,0.51425714080023699,0.00047237402176469878,6,0,0,6,1,1.7965114111421496,0,{}
15,4,4pm,subject_15_4pm.mat,0,0,20,20,20,1,0,0,0,0,25.260328841173418,0.62177162864919922,0.81069669493554686,0.78632367919332258,0.48632367919332259,0.6208236913745252,0.0066670244598170392,0.92756933237630945,0.00012246840331875397,0.5094142241987063,0.00083151628468564054,6,0,0,6,1,1.7965114111421496,0,{}
15,4,4pm,subject_15_4pm.mat,1,20,40,20,20,1,0,0,0,0,24.859190457357926,0.81669231937539166,0.80344396678484409,0.78537177428717109,0.4853717742871711,0.62333440611242596,0.0091977808662347948,0.92748479088341429,0.00012813037838227403,0.50897942059305157,0.00047249094234069755,6,0,0,6,1,1.7965114111421496,0,{}
15,4,4pm,subject_15_4pm.mat,2,40,60,20,20,1,0,0,0,0,24.973730890159466,0.58477600171404376,0.79496351759982153,0.78633779382457492,0.48633779382457493,0.62019691845297831,0.0053417741340279767,0.9276659090749455,0.00010275444042667781,0.50932502907339017,0.00047253701482363741,6,0,0,6,1,1.7965114111421496,0,{}
15,4,4pm,subject_15_4pm.mat,3,60,80,20,20,1,0,0,0,0,25.775942324101891,0.64850367755136951,0.79239446439426697,0.77265169003044565,0.47265169003044566,0.62012103438675514,0.0069891430009895172,0.92766841023145241,0.00018748761053799523,0.50996483998140163,0.00045731848411051379,6,0,0,6,1,1.7965114111421496,0,{}
15,4,4pm,subject_15_4pm.mat,4,80,100,20,20,1,0,0,0,0,25.834748007372607,0.70411231022281484,0.77954773165755342,0.77072091555058542,0.47072091555058543,0.61504470050036009,0.0036650027399537932,0.92792481865160359,0.00012139645898440188,0.50952484341164239,0.00050915499125148145,6,0,0,6,1,1.7965114111421496,0,{}
16,0,8am,subject_16_8am.mat,0,0,20,20,20,1,0,0,0,3,12.959828666011898,0.50672746734031193,0.46637477782024417,0.42808409676450376,0.12808409676450377,0.16252422834543892,0.0060647375071143789,0.91174234467123116,0.020671239080593595,0.42466192706903261,0.022209701708710838,5,0,0,5,0.80000000000000004,1.4970928426184582,0,{}
16,0,8am,subject_16_8am.mat,1,20,40,20,20,1,0,0,0,1,13.249337249247334,0.39341435239592837,0.47509569940554619,0.44972533184910274,0.14972533184910275,0.18089690705524608,0.0055860616592094264,0.92220659020792994,0.010288171475268781,0.44045440334708275,0.013540110226886726,5,0,0,5,1,1.4970928426184582,0,{}
16,0,8am,subject_16_8am.mat,2,40,60,20,20,1,0,0,0,0,13.017850238260516,0.31439777846112804,0.49942563874818446,0.47258391779972142,0.17258391779972143,0.1886142617585283,0.0011912424828985774,0.91998091436258811,0.0073976237404526635,0.44028367193884949,0.0079281195052693654,5,0,0,5,1,1.4970928426184582,0,{}
16,0,8am,subject_16_8am.mat,3,60,80,20,20,1,0,0,0,0,13.910419703105873,0.3768181132852213,0.51455023554072077,0.46898373385372194,0.16898373385372195,0.2015716909745506,0.0040061231305550254,0.91980716351911185,0.0061097852256150609,0.44407208929508823,0.0077467273178535023,5,0,0,5,1,1.4970928426184582,0,{}
16,0,8am,subject_16_8am.mat,4,80,100,20,20,1,0,0,0,0,14.437565995392299,0.25836697958159061,0.51451981796107349,0.48907883361444932,0.18907883361444933,0.19731391326145434,0.0040047156863556449,0.92417260449695005,0.0055752347652482381,0.45125537106396035,0.0064107814009357333,5,0,0,5,1,1.4970928426184582,0,{}
16,1,10am,subject_16_10am.mat,0,0,20,20,0,0,0,0,20,0,14.640720459002267,0.45947489760073079,0.25905263462121542,0.24181275133905336,-0.058187248660946628,,,,,,,,,,,,,,"{""energy_retention_mad"":""no_qc_passing_frames"",""energy_retention_median"":""no_qc_passing_frames"",""peak_bin_iqr"":""no_qc_passing_frames"",""peak_bin_mad"":""no_qc_passing_frames"",""peak_bin_median"":""no_qc_passing_frames"",""peak_bin_mode"":""no_qc_passing_frames"",""peak_bin_mode_share"":""no_qc_passing_frames"",""peak_range_m_mad"":""no_qc_passing_frames"",""peak_range_m_median"":""no_qc_passing_frames"",""peak_share_mad"":""no_qc_passing_frames"",""peak_share_median"":""no_qc_passing_frames"",""roi_to_total_mad"":""no_qc_passing_frames"",""roi_to_total_median"":""no_qc_passing_frames""}"
16,1,10am,subject_16_10am.mat,1,20,40,20,0,0,0,0,20,0,14.999956115518671,0.31377447625311294,0.2534153050986061,0.24491238625855019,-0.055087613741449798,,,,,,,,,,,,,,"{""energy_retention_mad"":""no_qc_passing_frames"",""energy_retention_median"":""no_qc_passing_frames"",""peak_bin_iqr"":""no_qc_passing_frames"",""peak_bin_mad"":""no_qc_passing_frames"",""peak_bin_median"":""no_qc_passing_frames"",""peak_bin_mode"":""no_qc_passing_frames"",""peak_bin_mode_share"":""no_qc_passing_frames"",""peak_range_m_mad"":""no_qc_passing_frames"",""peak_range_m_median"":""no_qc_passing_frames"",""peak_share_mad"":""no_qc_passing_frames"",""peak_share_median"":""no_qc_passing_frames"",""roi_to_total_mad"":""no_qc_passing_frames"",""roi_to_total_median"":""no_qc_passing_frames""}"
16,1,10am,subject_16_10am.mat,2,40,60,20,0,0,0,0,20,0,15.565801594308031,0.55209989250618285,0.25781842233855401,0.24791027142372343,-0.052089728576276556,,,,,,,,,,,,,,"{""energy_retention_mad"":""no_qc_passing_frames"",""energy_retention_median"":""no_qc_passing_frames"",""peak_bin_iqr"":""no_qc_passing_frames"",""peak_bin_mad"":""no_qc_passing_frames"",""peak_bin_median"":""no_qc_passing_frames"",""peak_bin_mode"":""no_qc_passing_frames"",""peak_bin_mode_share"":""no_qc_passing_frames"",""peak_range_m_mad"":""no_qc_passing_frames"",""peak_range_m_median"":""no_qc_passing_frames"",""peak_share_mad"":""no_qc_passing_frames"",""peak_share_median"":""no_qc_passing_frames"",""roi_to_total_mad"":""no_qc_passing_frames"",""roi_to_total_median"":""no_qc_passing_frames""}"
16,1,10am,subject_16_10am.mat,3,60,80,20,1,0.050000000000000003,0,0,19,2,15.165662440386082,0.49001594132032533,0.26903682183449495,0.26379095394241131,-0.036209046057588679,0.07292225305741809,0,0.72071225611441914,0,0.61680037914163521,0,6,0,0,6,1,1.7965114111421496,0,{}
16,1,10am,subject_16_10am.mat,4,80,100,20,14,0.69999999999999996,0,0,6,6,15.811694768236228,0.6014666004425564,0.31792317957072735,0.28906753348037556,-0.010932466519624429,0.061266363557039724,0.0021699829167324929,0.7127826299569382,0.0059180965069789426,0.55896636586751447,0.06942826220521614,6,0,0,6,0.9285714285714286,1.7965114111421496,0,{}
16,2,12pm,subject_16_12pm.mat,0,0,20,20,20,1,0,0,0,1,17.022008345743956,0.57899007330493646,0.60313735149839109,0.56559690065320656,0.26559690065320657,0.28785440566147691,0.019747159364189887,0.92100311834532111,0.0025372963964172546,0.45924728423056249,0.0023114769639901722,5,0,0,5,1,1.4970928426184582,0,{}
16,2,12pm,subject_16_12pm.mat,1,20,40,20,20,1,0,0,0,12,15.898202032634778,0.96603282457205886,0.62041276662303413,0.53083280737232719,0.2308328073723272,0.28887759106796351,0.020285688032242039,0.90682300997673648,0.0083622226418864631,0.44168545551857896,0.008044747528566154,5,0,0,5,0.80000000000000004,1.4970928426184582,0,{}
16,2,12pm,subject_16_12pm.mat,2,40,60,20,20,1,0,0,0,10,14.270355589711176,0.52071055925515264,0.56754520396749308,0.53099503730219633,0.23099503730219634,0.24604214984573669,0.019424635699369905,0.90776826314915271,0.0079663542766097439,0.43833694909804249,0.0085788179226645167,5,0,0,5,0.84999999999999998,1.4970928426184582,0,{}
16,2,12pm,subject_16_12pm.mat,3,60,80,20,20,1,0,0,0,6,15.563148050552819,1.0772454901695054,0.54417538289152234,0.52113750513662416,0.22113750513662417,0.25702661952408568,0.014244275000939333,0.90441018997603606,0.0071324091399972422,0.43340144357537658,0.010876759017322019,5,0,0,5,0.90000000000000002,1.4970928426184582,0,{}
16,2,12pm,subject_16_12pm.mat,4,80,100,20,20,1,0,0,0,13,15.482973186044177,0.55522046177477513,0.5758103753715027,0.55166600047960601,0.25166600047960602,0.25346730228236508,0.014404168539290205,0.8956529279731158,0.0065830527515740589,0.41936555110571661,0.0094025674307877394,5,0,0,5,0.80000000000000004,1.4970928426184582,0,{}
16,3,2pm,subject_16_2pm.mat,0,0,20,20,20,1,0,0,0,20,11.624738364524546,0.19675789152212442,0.76488694231637022,0.7170174841980842,0.41701748419808421,0.44157262293744737,0.013243895282169488,0.93298878764387827,0.003017237637564063,0.47891141840392587,0.0031592607561900521,5,0,0,5,1,1.4970928426184582,0,{}
16,3,2pm,subject_16_2pm.mat,1,20,40,20,20,1,0,0,0,20,12.426008380789037,0.24280945204494131,0.68383594280509508,0.6375081658208358,0.33750816582083581,0.39748829320934748,0.030123724393946755,0.9371342581353701,0.0026220574244410488,0.48926228174394648,0.0056363098783621113,5,0,0,5,1,1.4970928426184582,0,{}
16,3,2pm,subject_16_2pm.mat,2,40,60,20,13,0.65000000000000002,0,0,7,14,10.411625256147461,0.386932170258806,0.34546836609758436,0.22867714026555605,-0.071322859734443939,0.26177390062145744,0.071309256816078581,0.93963920858519756,0.0058510075160660424,0.50442824715265699,0.01646532321536498,5,0,0,5,1,1.4970928426184582,0,{}
16,3,2pm,subject_16_2pm.mat,3,60,80,20,9,0.45000000000000001,0,0,11,8,10.70714513491721,0.5834758640670028,0.25684097235271963,0.20743450994533125,-0.092565490054668742,0.19014588702891544,0.039100128837954745,0.94013757189378599,0.013382182099811124,0.49926867061986802,0.02161465713588373,5,0,0,5,0.88888888888888884,1.4970928426184582,0,{}
16,3,2pm,subject_16_2pm.mat,4,80,100,20,18,0.90000000000000002,0,0,2,20,10.518520905158336,0.10693625221477276,0.51470385378131533,0.33948067414909111,0.039480674149091122,0.21192250171284041,0.017611146310809886,0.89493665870183658,0.0047398223405384909,0.42935772123598814,0.0048246582979801222,5,0,0,5,0.83333333333333337,1.4970928426184582,0,{}
16,4,4pm,subject_16_4pm.mat,0,0,20,20,20,1,0,0,0,20,11.822342598738921,0.42005982600276948,0.71652400115405634,0.69289742863378212,0.39289742863378213,0.19869322575257209,0.0087289437272695808,0.95309766668222307,0.0021922790369343081,0.51253284905767271,0.0059573545500721248,5,0,0,5,1,1.4970928426184582,0,{}
16,4,4pm,subject_16_4pm.mat,1,20,40,20,20,1,0,0,0,19,11.572419626154648,0.35767673136229483,0.7358886932925085,0.7264459051906148,0.42644590519061482,0.20221466589862019,0.0065868797872046664,0.95461509942198819,0.00081561738868185518,0.51862575795229382,0.0023120724503235546,5,0,0,5,1,1.4970928426184582,0,{}
16,4,4pm,subject_16_4pm.mat,2,40,60,20,20,1,0,0,0,20,11.885921606997416,0.37441215810858708,0.72159035759293499,0.70409254501508445,0.40409254501508446,0.19255280855571472,0.0086493640599646232,0.95361466674264683,0.0015218627347626246,0.51469957180555426,0.0033650871782745506,5,0,0,5,1,1.4970928426184582,0,{}
16,4,4pm,subject_16_4pm.mat,3,60,80,20,20,1,0,0,0,20,11.624026185132704,0.37932031367288399,0.69753274648869112,0.68257813378504673,0.38257813378504674,0.17616593144871248,0.0082769109047446388,0.95680335443991238,0.0019050957074486785,0.51273696272582514,0.0040786752614982991,5,0,0,5,1,1.4970928426184582,0,{}
16,4,4pm,subject_16_4pm.mat,4,80,100,20,20,1,0,0,0,20,11.855016588431576,0.45705925949014148,0.71558130661095032,0.70403809716784294,0.40403809716784295,0.19857904308440738,0.014396237873354617,0.95515517890293333,0.00089574953882642916,0.51243864260613536,0.0014588882456711416,5,0,0,5,1,1.4970928426184582,0,{}
