protocol,task,split_id,arm,treatment,seed,row_index,subject,session_idx,y_true,y_pred
loso,regression,subject_1,regression,baseline,1,0,1,1,-0.5793742757821553,-0.8843515668765547
loso,regression,subject_1,regression,baseline,1,1,1,2,-0.8111239860950206,-0.6351653449281589
loso,regression,subject_1,regression,baseline,1,2,1,3,-1.390498261877176,-0.42812223441120834
loso,regression,subject_1,regression,filter_negative_margin,1,0,1,1,-0.5793742757821553,-0.8984162752424351
loso,regression,subject_1,regression,filter_negative_margin,1,1,1,2,-0.8111239860950206,-0.6471865699128515
loso,regression,subject_1,regression,filter_negative_margin,1,2,1,3,-1.390498261877176,-0.46277802140715846
loso,regression,subject_1,regression,append_margin_feature,1,0,1,1,-0.5793742757821553,-0.8845970359034957
loso,regression,subject_1,regression,append_margin_feature,1,1,1,2,-0.8111239860950206,-0.6342302462222409
loso,regression,subject_1,regression,append_margin_feature,1,2,1,3,-1.390498261877176,-0.42725356560145017
loso,regression,subject_2,regression,baseline,1,3,2,0,0.0,-0.9955479314319439
loso,regression,subject_2,regression,baseline,1,4,2,1,-0.10172939979653543,-0.7277531339761741
loso,regression,subject_2,regression,baseline,1,5,2,2,-0.2034587995930853,-0.6810258534381569
loso,regression,subject_2,regression,baseline,1,6,2,3,-0.8138351983723268,-1.0908800689806766
loso,regression,subject_2,regression,baseline,1,7,2,4,-1.1190233977619475,-0.616242693522663
loso,regression,subject_2,regression,baseline,2,3,2,0,0.0,-0.9659446283457123
loso,regression,subject_2,regression,baseline,2,4,2,1,-0.10172939979653543,-0.7470901478811611
loso,regression,subject_2,regression,baseline,2,5,2,2,-0.2034587995930853,-0.7387984254958133
loso,regression,subject_2,regression,baseline,2,6,2,3,-0.8138351983723268,-1.06448663670911
loso,regression,subject_2,regression,baseline,2,7,2,4,-1.1190233977619475,-0.5883652515217425
loso,regression,subject_2,regression,baseline,3,3,2,0,0.0,-1.0488780340797057
loso,regression,subject_2,regression,baseline,3,4,2,1,-0.10172939979653543,-0.7602100092590615
loso,regression,subject_2,regression,baseline,3,5,2,2,-0.2034587995930853,-0.659684912525341
loso,regression,subject_2,regression,baseline,3,6,2,3,-0.8138351983723268,-1.1602935995387982
loso,regression,subject_2,regression,baseline,3,7,2,4,-1.1190233977619475,-0.6130195468395001
loso,regression,subject_2,regression,baseline,4,3,2,0,0.0,-0.9796818660175802
loso,regression,subject_2,regression,baseline,4,4,2,1,-0.10172939979653543,-0.7231513581532011
loso,regression,subject_2,regression,baseline,4,5,2,2,-0.2034587995930853,-0.7091587247743855
loso,regression,subject_2,regression,baseline,4,6,2,3,-0.8138351983723268,-1.131838523906323
loso,regression,subject_2,regression,baseline,4,7,2,4,-1.1190233977619475,-0.5962390334941674
loso,regression,subject_2,regression,baseline,5,3,2,0,0.0,-0.9635586341704421
loso,regression,subject_2,regression,baseline,5,4,2,1,-0.10172939979653543,-0.7756842235465736
loso,regression,subject_2,regression,baseline,5,5,2,2,-0.2034587995930853,-0.6777134516332385
loso,regression,subject_2,regression,baseline,5,6,2,3,-0.8138351983723268,-1.0747344489501316
loso,regression,subject_2,regression,baseline,5,7,2,4,-1.1190233977619475,-0.5946557593497279
loso,regression,subject_2,regression,filter_negative_margin,1,3,2,0,0.0,-0.9104104112187656
loso,regression,subject_2,regression,filter_negative_margin,1,4,2,1,-0.10172939979653543,-0.7183693274897616
loso,regression,subject_2,regression,filter_negative_margin,1,5,2,2,-0.2034587995930853,-0.7030454956212457
loso,regression,subject_2,regression,filter_negative_margin,1,6,2,3,-0.8138351983723268,-0.9874172658065706
loso,regression,subject_2,regression,filter_negative_margin,1,7,2,4,-1.1190233977619475,-0.60377764749165
loso,regression,subject_2,regression,filter_negative_margin,2,3,2,0,0.0,-0.9141434728550505
loso,regression,subject_2,regression,filter_negative_margin,2,4,2,1,-0.10172939979653543,-0.7234749052020869
loso,regression,subject_2,regression,filter_negative_margin,2,5,2,2,-0.2034587995930853,-0.6317657474845016
loso,regression,subject_2,regression,filter_negative_margin,2,6,2,3,-0.8138351983723268,-0.9643741259769052
loso,regression,subject_2,regression,filter_negative_margin,2,7,2,4,-1.1190233977619475,-0.5687319443674881
loso,regression,subject_2,regression,filter_negative_margin,3,3,2,0,0.0,-0.9028819712213718
loso,regression,subject_2,regression,filter_negative_margin,3,4,2,1,-0.10172939979653543,-0.7851650787776848
loso,regression,subject_2,regression,filter_negative_margin,3,5,2,2,-0.2034587995930853,-0.6580772912571435
loso,regression,subject_2,regression,filter_negative_margin,3,6,2,3,-0.8138351983723268,-1.026669226390255
loso,regression,subject_2,regression,filter_negative_margin,3,7,2,4,-1.1190233977619475,-0.5907940389834934
loso,regression,subject_2,regression,filter_negative_margin,4,3,2,0,0.0,-0.8950704064297061
loso,regression,subject_2,regression,filter_negative_margin,4,4,2,1,-0.10172939979653543,-0.755478781168173
loso,regression,subject_2,regression,filter_negative_margin,4,5,2,2,-0.2034587995930853,-0.6353385272101344
loso,regression,subject_2,regression,filter_negative_margin,4,6,2,3,-0.8138351983723268,-1.096972508192551
loso,regression,subject_2,regression,filter_negative_margin,4,7,2,4,-1.1190233977619475,-0.5754516498794892
loso,regression,subject_2,regression,filter_negative_margin,5,3,2,0,0.0,-0.9487196860788796
loso,regression,subject_2,regression,filter_negative_margin,5,4,2,1,-0.10172939979653543,-0.7242635377696917
loso,regression,subject_2,regression,filter_negative_margin,5,5,2,2,-0.2034587995930853,-0.6841968589004396
loso,regression,subject_2,regression,filter_negative_margin,5,6,2,3,-0.8138351983723268,-1.0725873294670099
loso,regression,subject_2,regression,filter_negative_margin,5,7,2,4,-1.1190233977619475,-0.605258918668641
loso,regression,subject_2,regression,append_margin_feature,1,3,2,0,0.0,-0.9798590133154153
loso,regression,subject_2,regression,append_margin_feature,1,4,2,1,-0.10172939979653543,-0.7771873243218773
loso,regression,subject_2,regression,append_margin_feature,1,5,2,2,-0.2034587995930853,-0.695436087695837
loso,regression,subject_2,regression,append_margin_feature,1,6,2,3,-0.8138351983723268,-1.0657569772187905
loso,regression,subject_2,regression,append_margin_feature,1,7,2,4,-1.1190233977619475,-0.5990953745136309
loso,regression,subject_2,regression,append_margin_feature,2,3,2,0,0.0,-0.9682272871062694
loso,regression,subject_2,regression,append_margin_feature,2,4,2,1,-0.10172939979653543,-0.7742249471429297
loso,regression,subject_2,regression,append_margin_feature,2,5,2,2,-0.2034587995930853,-0.7240694531628621
loso,regression,subject_2,regression,append_margin_feature,2,6,2,3,-0.8138351983723268,-1.0645359340735006
loso,regression,subject_2,regression,append_margin_feature,2,7,2,4,-1.1190233977619475,-0.5839391882366558
loso,regression,subject_2,regression,append_margin_feature,3,3,2,0,0.0,-1.0352366235963326
loso,regression,subject_2,regression,append_margin_feature,3,4,2,1,-0.10172939979653543,-0.7736631671149258
loso,regression,subject_2,regression,append_margin_feature,3,5,2,2,-0.2034587995930853,-0.6898427537247855
loso,regression,subject_2,regression,append_margin_feature,3,6,2,3,-0.8138351983723268,-1.1381978144815625
loso,regression,subject_2,regression,append_margin_feature,3,7,2,4,-1.1190233977619475,-0.585805290205304
loso,regression,subject_2,regression,append_margin_feature,4,3,2,0,0.0,-0.9789800719686055
loso,regression,subject_2,regression,append_margin_feature,4,4,2,1,-0.10172939979653543,-0.699327454328759
loso,regression,subject_2,regression,append_margin_feature,4,5,2,2,-0.2034587995930853,-0.6941292257410854
loso,regression,subject_2,regression,append_margin_feature,4,6,2,3,-0.8138351983723268,-1.0945903830120371
loso,regression,subject_2,regression,append_margin_feature,4,7,2,4,-1.1190233977619475,-0.6048787860653655
loso,regression,subject_2,regression,append_margin_feature,5,3,2,0,0.0,-1.0015836560584255
loso,regression,subject_2,regression,append_margin_feature,5,4,2,1,-0.10172939979653543,-0.7828685955323562
loso,regression,subject_2,regression,append_margin_feature,5,5,2,2,-0.2034587995930853,-0.6721393280749768
loso,regression,subject_2,regression,append_margin_feature,5,6,2,3,-0.8138351983723268,-1.089631199243049
loso,regression,subject_2,regression,append_margin_feature,5,7,2,4,-1.1190233977619475,-0.5995085052341332
loso,regression,subject_3,regression,baseline,1,8,3,0,0.0,-0.7869129375466973
loso,regression,subject_3,regression,baseline,1,9,3,2,-0.31055900621118454,-0.8266781072242607
loso,regression,subject_3,regression,baseline,1,10,3,3,-0.46583850931678783,-0.6063521536429787
loso,regression,subject_3,regression,baseline,1,11,3,4,-0.6211180124223691,-0.7381987305976266
loso,regression,subject_3,regression,filter_negative_margin,1,8,3,0,0.0,-0.8287453395260996
loso,regression,subject_3,regression,filter_negative_margin,1,9,3,2,-0.31055900621118454,-0.8266781072242607
loso,regression,subject_3,regression,filter_negative_margin,1,10,3,3,-0.46583850931678783,-0.6063521536429787
loso,regression,subject_3,regression,filter_negative_margin,1,11,3,4,-0.6211180124223691,-0.8843380262970406
loso,regression,subject_3,regression,append_margin_feature,1,8,3,0,0.0,-0.7869129375466973
loso,regression,subject_3,regression,append_margin_feature,1,9,3,2,-0.31055900621118454,-0.8266781072242607
loso,regression,subject_3,regression,append_margin_feature,1,10,3,3,-0.46583850931678783,-0.6063521536429787
loso,regression,subject_3,regression,append_margin_feature,1,11,3,4,-0.6211180124223691,-0.7381987305976266
loso,regression,subject_4,regression,baseline,1,12,4,0,0.0,-0.4147297175170421
loso,regression,subject_4,regression,baseline,1,13,4,1,-0.3529411764705849,-0.5668717408866278
loso,regression,subject_4,regression,baseline,1,14,4,2,-0.47058823529412436,-0.5971764387017834
loso,regression,subject_4,regression,baseline,1,15,4,4,-1.1764705882352942,-0.4502701980065457
loso,regression,subject_4,regression,filter_negative_margin,1,12,4,0,0.0,-0.5605860668473365
loso,regression,subject_4,regression,filter_negative_margin,1,13,4,1,-0.3529411764705849,-0.5688606300076348
loso,regression,subject_4,regression,filter_negative_margin,1,14,4,2,-0.47058823529412436,-0.5971764387017834
loso,regression,subject_4,regression,filter_negative_margin,1,15,4,4,-1.1764705882352942,-0.518707787803672
loso,regression,subject_4,regression,append_margin_feature,1,12,4,0,0.0,-0.4147297175170421
loso,regression,subject_4,regression,append_margin_feature,1,13,4,1,-0.3529411764705849,-0.5668717408866278
loso,regression,subject_4,regression,append_margin_feature,1,14,4,2,-0.47058823529412436,-0.5971764387017834
loso,regression,subject_4,regression,append_margin_feature,1,15,4,4,-1.1764705882352942,-0.4502701980065457
loso,regression,subject_5,regression,baseline,1,16,5,0,0.0,-1.0285589886508122
loso,regression,subject_5,regression,baseline,1,17,5,1,-0.49875311720698967,-0.4322388553873996
loso,regression,subject_5,regression,baseline,1,18,5,2,-0.49875311720698967,-0.5704613996458869
loso,regression,subject_5,regression,baseline,1,19,5,4,-0.9975062344139616,-0.8862310343467175
loso,regression,subject_5,regression,filter_negative_margin,1,16,5,0,0.0,-0.9247091258809876
loso,regression,subject_5,regression,filter_negative_margin,1,17,5,1,-0.49875311720698967,-0.5203904298444566
loso,regression,subject_5,regression,filter_negative_margin,1,18,5,2,-0.49875311720698967,-0.5609175935760269
loso,regression,subject_5,regression,filter_negative_margin,1,19,5,4,-0.9975062344139616,-0.9461892327082164
loso,regression,subject_5,regression,append_margin_feature,1,16,5,0,0.0,-1.0285589886508122
loso,regression,subject_5,regression,append_margin_feature,1,17,5,1,-0.49875311720698967,-0.4322388553873996
loso,regression,subject_5,regression,append_margin_feature,1,18,5,2,-0.49875311720698967,-0.5704613996458869
loso,regression,subject_5,regression,append_margin_feature,1,19,5,4,-0.9975062344139616,-0.8862310343467175
loso,regression,subject_6,regression,baseline,1,20,6,1,-0.19960079840319644,-0.8086764873409105
loso,regression,subject_6,regression,baseline,1,21,6,2,-0.5988023952095893,-0.638083034973354
loso,regression,subject_6,regression,baseline,1,22,6,3,-0.7984031936127716,-0.5520092607529731
loso,regression,subject_6,regression,baseline,1,23,6,4,-0.7984031936127716,-0.5158433651625148
loso,regression,subject_6,regression,baseline,2,20,6,1,-0.19960079840319644,-0.8086764873409105
loso,regression,subject_6,regression,baseline,2,21,6,2,-0.5988023952095893,-0.6380830349733538
loso,regression,subject_6,regression,baseline,2,22,6,3,-0.7984031936127716,-0.552009260752973
loso,regression,subject_6,regression,baseline,2,23,6,4,-0.7984031936127716,-0.5052041984815623
loso,regression,subject_6,regression,baseline,3,20,6,1,-0.19960079840319644,-0.8009247912268486
loso,regression,subject_6,regression,baseline,3,21,6,2,-0.5988023952095893,-0.6380830349733538
loso,regression,subject_6,regression,baseline,3,22,6,3,-0.7984031936127716,-0.552009260752973
loso,regression,subject_6,regression,baseline,3,23,6,4,-0.7984031936127716,-0.5194302149969855
loso,regression,subject_6,regression,baseline,4,20,6,1,-0.19960079840319644,-0.8045885760623651
loso,regression,subject_6,regression,baseline,4,21,6,2,-0.5988023952095893,-0.6380830349733538
loso,regression,subject_6,regression,baseline,4,22,6,3,-0.7984031936127716,-0.552009260752973
loso,regression,subject_6,regression,baseline,4,23,6,4,-0.7984031936127716,-0.5166572724767922
loso,regression,subject_6,regression,baseline,5,20,6,1,-0.19960079840319644,-0.8086764873409105
loso,regression,subject_6,regression,baseline,5,21,6,2,-0.5988023952095893,-0.6380830349733538
loso,regression,subject_6,regression,baseline,5,22,6,3,-0.7984031936127716,-0.552009260752973
loso,regression,subject_6,regression,baseline,5,23,6,4,-0.7984031936127716,-0.5190610775465697
loso,regression,subject_6,regression,filter_negative_margin,1,20,6,1,-0.19960079840319644,-0.746347927085755
loso,regression,subject_6,regression,filter_negative_margin,1,21,6,2,-0.5988023952095893,-0.5805086562946378
loso,regression,subject_6,regression,filter_negative_margin,1,22,6,3,-0.7984031936127716,-0.5366689260385571
loso,regression,subject_6,regression,filter_negative_margin,1,23,6,4,-0.7984031936127716,-0.47170398620770787
loso,regression,subject_6,regression,filter_negative_margin,2,20,6,1,-0.19960079840319644,-0.7463479270857551
loso,regression,subject_6,regression,filter_negative_margin,2,21,6,2,-0.5988023952095893,-0.5805086562946377
loso,regression,subject_6,regression,filter_negative_margin,2,22,6,3,-0.7984031936127716,-0.5366689260385572
loso,regression,subject_6,regression,filter_negative_margin,2,23,6,4,-0.7984031936127716,-0.4716131814507022
loso,regression,subject_6,regression,filter_negative_margin,3,20,6,1,-0.19960079840319644,-0.7463479270857551
loso,regression,subject_6,regression,filter_negative_margin,3,21,6,2,-0.5988023952095893,-0.5805086562946377
loso,regression,subject_6,regression,filter_negative_margin,3,22,6,3,-0.7984031936127716,-0.5366689260385572
loso,regression,subject_6,regression,filter_negative_margin,3,23,6,4,-0.7984031936127716,-0.4681755901205063
loso,regression,subject_6,regression,filter_negative_margin,4,20,6,1,-0.19960079840319644,-0.746347927085755
loso,regression,subject_6,regression,filter_negative_margin,4,21,6,2,-0.5988023952095893,-0.5805086562946378
loso,regression,subject_6,regression,filter_negative_margin,4,22,6,3,-0.7984031936127716,-0.5366689260385571
loso,regression,subject_6,regression,filter_negative_margin,4,23,6,4,-0.7984031936127716,-0.47161318145070213
loso,regression,subject_6,regression,filter_negative_margin,5,20,6,1,-0.19960079840319644,-0.746347927085755
loso,regression,subject_6,regression,filter_negative_margin,5,21,6,2,-0.5988023952095893,-0.5805086562946378
loso,regression,subject_6,regression,filter_negative_margin,5,22,6,3,-0.7984031936127716,-0.5366689260385571
loso,regression,subject_6,regression,filter_negative_margin,5,23,6,4,-0.7984031936127716,-0.47161318145070213
loso,regression,subject_6,regression,append_margin_feature,1,20,6,1,-0.19960079840319644,-0.8047787627036995
loso,regression,subject_6,regression,append_margin_feature,1,21,6,2,-0.5988023952095893,-0.638083034973354
loso,regression,subject_6,regression,append_margin_feature,1,22,6,3,-0.7984031936127716,-0.552009260752973
loso,regression,subject_6,regression,append_margin_feature,1,23,6,4,-0.7984031936127716,-0.5119701397601526
loso,regression,subject_6,regression,append_margin_feature,2,20,6,1,-0.19960079840319644,-0.8086764873409105
loso,regression,subject_6,regression,append_margin_feature,2,21,6,2,-0.5988023952095893,-0.6380830349733538
loso,regression,subject_6,regression,append_margin_feature,2,22,6,3,-0.7984031936127716,-0.552009260752973
loso,regression,subject_6,regression,append_margin_feature,2,23,6,4,-0.7984031936127716,-0.5165115018400922
loso,regression,subject_6,regression,append_margin_feature,3,20,6,1,-0.19960079840319644,-0.7970942046764979
loso,regression,subject_6,regression,append_margin_feature,3,21,6,2,-0.5988023952095893,-0.638083034973354
loso,regression,subject_6,regression,append_margin_feature,3,22,6,3,-0.7984031936127716,-0.552009260752973
loso,regression,subject_6,regression,append_margin_feature,3,23,6,4,-0.7984031936127716,-0.5123960418124279
loso,regression,subject_6,regression,append_margin_feature,4,20,6,1,-0.19960079840319644,-0.8006908514251542
loso,regression,subject_6,regression,append_margin_feature,4,21,6,2,-0.5988023952095893,-0.6380830349733538
loso,regression,subject_6,regression,append_margin_feature,4,22,6,3,-0.7984031936127716,-0.552009260752973
loso,regression,subject_6,regression,append_margin_feature,4,23,6,4,-0.7984031936127716,-0.5116269995904018
loso,regression,subject_6,regression,append_margin_feature,5,20,6,1,-0.19960079840319644,-0.801114977868183
loso,regression,subject_6,regression,append_margin_feature,5,21,6,2,-0.5988023952095893,-0.638083034973354
loso,regression,subject_6,regression,append_margin_feature,5,22,6,3,-0.7984031936127716,-0.552009260752973
loso,regression,subject_6,regression,append_margin_feature,5,23,6,4,-0.7984031936127716,-0.5087082864335085
loso,regression,subject_7,regression,baseline,1,24,7,0,0.0,-0.5559169890577174
loso,regression,subject_7,regression,baseline,1,25,7,1,-0.10660980810233936,-0.4770242589748907
loso,regression,subject_7,regression,baseline,1,26,7,2,-0.42643923240937254,-0.5039320520528966
loso,regression,subject_7,regression,baseline,1,27,7,3,-0.8528784648187604,-0.5857333022668328
loso,regression,subject_7,regression,baseline,1,28,7,4,-0.8528784648187604,-0.48936223844873183
loso,regression,subject_7,regression,filter_negative_margin,1,24,7,0,0.0,-0.5787801285693628
loso,regression,subject_7,regression,filter_negative_margin,1,25,7,1,-0.10660980810233936,-0.5284385674024437
loso,regression,subject_7,regression,filter_negative_margin,1,26,7,2,-0.42643923240937254,-0.5737333267422603
loso,regression,subject_7,regression,filter_negative_margin,1,27,7,3,-0.8528784648187604,-0.5898807134889368
loso,regression,subject_7,regression,filter_negative_margin,1,28,7,4,-0.8528784648187604,-0.5084352012308365
loso,regression,subject_7,regression,append_margin_feature,1,24,7,0,0.0,-0.5559120747006101
loso,regression,subject_7,regression,append_margin_feature,1,25,7,1,-0.10660980810233936,-0.4770600512449374
loso,regression,subject_7,regression,append_margin_feature,1,26,7,2,-0.42643923240937254,-0.5039338812082694
loso,regression,subject_7,regression,append_margin_feature,1,27,7,3,-0.8528784648187604,-0.5857829689321529
loso,regression,subject_7,regression,append_margin_feature,1,28,7,4,-0.8528784648187604,-0.4893816638408628
loso,regression,subject_8,regression,baseline,1,29,8,0,0.0,-0.5450381250448577
loso,regression,subject_8,regression,baseline,1,30,8,1,0.0,-0.5932112456756699
loso,regression,subject_8,regression,baseline,1,31,8,2,-0.12406947890818154,-0.5694172248503517
loso,regression,subject_8,regression,baseline,1,32,8,3,-0.3722084367245622,-0.5387932339781951
loso,regression,subject_8,regression,baseline,1,33,8,4,-0.8684863523573061,-0.4963944050111452
loso,regression,subject_8,regression,filter_negative_margin,1,29,8,0,0.0,-0.6137004693481625
loso,regression,subject_8,regression,filter_negative_margin,1,30,8,1,0.0,-0.6436828725273515
loso,regression,subject_8,regression,filter_negative_margin,1,31,8,2,-0.12406947890818154,-0.5986728505923375
loso,regression,subject_8,regression,filter_negative_margin,1,32,8,3,-0.3722084367245622,-0.5856469228873009
loso,regression,subject_8,regression,filter_negative_margin,1,33,8,4,-0.8684863523573061,-0.5104205490848471
loso,regression,subject_8,regression,append_margin_feature,1,29,8,0,0.0,-0.5451110918455084
loso,regression,subject_8,regression,append_margin_feature,1,30,8,1,0.0,-0.5932016829895849
loso,regression,subject_8,regression,append_margin_feature,1,31,8,2,-0.12406947890818154,-0.569415930074311
loso,regression,subject_8,regression,append_margin_feature,1,32,8,3,-0.3722084367245622,-0.5388051862522789
loso,regression,subject_8,regression,append_margin_feature,1,33,8,4,-0.8684863523573061,-0.4964025435533207
loso,regression,subject_9,regression,baseline,1,34,9,0,0.0,-0.3347194551288652
loso,regression,subject_9,regression,baseline,1,35,9,1,-0.8658008658008577,-0.7753229304653347
loso,regression,subject_9,regression,baseline,1,36,9,2,-1.7316017316017358,-0.6521771259567397
loso,regression,subject_9,regression,baseline,1,37,9,3,-2.020202020202008,-0.5392225429507127
loso,regression,subject_9,regression,baseline,1,38,9,4,-2.020202020202008,-0.469228485476361
loso,regression,subject_9,regression,filter_negative_margin,1,34,9,0,0.0,-0.3347194551288652
loso,regression,subject_9,regression,filter_negative_margin,1,35,9,1,-0.8658008658008577,-0.7753229304653347
loso,regression,subject_9,regression,filter_negative_margin,1,36,9,2,-1.7316017316017358,-0.5030570129847624
loso,regression,subject_9,regression,filter_negative_margin,1,37,9,3,-2.020202020202008,-0.6849843401328284
loso,regression,subject_9,regression,filter_negative_margin,1,38,9,4,-2.020202020202008,-0.469228485476361
loso,regression,subject_9,regression,append_margin_feature,1,34,9,0,0.0,-0.3347194551288652
loso,regression,subject_9,regression,append_margin_feature,1,35,9,1,-0.8658008658008577,-0.7753229304653347
loso,regression,subject_9,regression,append_margin_feature,1,36,9,2,-1.7316017316017358,-0.6521771259567397
loso,regression,subject_9,regression,append_margin_feature,1,37,9,3,-2.020202020202008,-0.5392225429507127
loso,regression,subject_9,regression,append_margin_feature,1,38,9,4,-2.020202020202008,-0.469228485476361
loso,regression,subject_10,regression,baseline,1,39,10,0,0.0,-0.4749479588528486
loso,regression,subject_10,regression,baseline,1,40,10,1,0.0,-0.6414797690033751
loso,regression,subject_10,regression,baseline,1,41,10,2,-0.5668934240362812,-0.5424383299317053
loso,regression,subject_10,regression,baseline,1,42,10,3,-0.7936507936507969,-0.8604572705231015
loso,regression,subject_10,regression,baseline,1,43,10,4,-0.9070294784580466,-0.6481758413604177
loso,regression,subject_10,regression,filter_negative_margin,1,39,10,0,0.0,-0.599827153858067
loso,regression,subject_10,regression,filter_negative_margin,1,40,10,1,0.0,-0.7873361183336696
loso,regression,subject_10,regression,filter_negative_margin,1,41,10,2,-0.5668934240362812,-0.6895239423032388
loso,regression,subject_10,regression,filter_negative_margin,1,42,10,3,-0.7936507936507969,-0.8958539183518263
loso,regression,subject_10,regression,filter_negative_margin,1,43,10,4,-0.9070294784580466,-0.579289256564944
loso,regression,subject_10,regression,append_margin_feature,1,39,10,0,0.0,-0.4749479588528486
loso,regression,subject_10,regression,append_margin_feature,1,40,10,1,0.0,-0.6414797690033751
loso,regression,subject_10,regression,append_margin_feature,1,41,10,2,-0.5668934240362812,-0.5424383299317053
loso,regression,subject_10,regression,append_margin_feature,1,42,10,3,-0.7936507936507969,-0.8604572705231015
loso,regression,subject_10,regression,append_margin_feature,1,43,10,4,-0.9070294784580466,-0.6481758413604177
loso,regression,subject_11,regression,baseline,1,44,11,0,0.0,-0.5786704298933638
loso,regression,subject_11,regression,baseline,1,45,11,1,-0.5893909626719002,-0.5484550228702018
loso,regression,subject_11,regression,baseline,1,46,11,2,-0.9823182711198428,-0.5932493265164851
loso,regression,subject_11,regression,baseline,1,47,11,3,-1.5717092337917429,-0.5897298850565376
loso,regression,subject_11,regression,baseline,1,48,11,4,-1.5717092337917429,-0.5459049797723673
loso,regression,subject_11,regression,filter_negative_margin,1,44,11,0,0.0,-0.5928659065455543
loso,regression,subject_11,regression,filter_negative_margin,1,45,11,1,-0.5893909626719002,-0.576823023915456
loso,regression,subject_11,regression,filter_negative_margin,1,46,11,2,-0.9823182711198428,-0.6204400223209683
loso,regression,subject_11,regression,filter_negative_margin,1,47,11,3,-1.5717092337917429,-0.6061931821732665
loso,regression,subject_11,regression,filter_negative_margin,1,48,11,4,-1.5717092337917429,-0.5794021799009126
loso,regression,subject_11,regression,append_margin_feature,1,44,11,0,0.0,-0.5787224513946114
loso,regression,subject_11,regression,append_margin_feature,1,45,11,1,-0.5893909626719002,-0.5484426712003507
loso,regression,subject_11,regression,append_margin_feature,1,46,11,2,-0.9823182711198428,-0.593343699663476
loso,regression,subject_11,regression,append_margin_feature,1,47,11,3,-1.5717092337917429,-0.5896752118277242
loso,regression,subject_11,regression,append_margin_feature,1,48,11,4,-1.5717092337917429,-0.5458771032500692
loso,regression,subject_12,regression,baseline,1,49,12,0,0.0,-0.3586989296753104
loso,regression,subject_12,regression,baseline,1,50,12,1,-0.585480093676815,-0.4654982945581742
loso,regression,subject_12,regression,baseline,1,51,12,2,-1.0538641686182735,-0.6250695290741868
loso,regression,subject_12,regression,baseline,1,52,12,3,-1.4051522248243593,-0.7921267282966089
loso,regression,subject_12,regression,baseline,1,53,12,4,-1.5222482435597322,-0.6185915152956328
loso,regression,subject_12,regression,baseline,2,49,12,0,0.0,-0.3586989296753104
loso,regression,subject_12,regression,baseline,2,50,12,1,-0.585480093676815,-0.4654982945581742
loso,regression,subject_12,regression,baseline,2,51,12,2,-1.0538641686182735,-0.6250695290741868
loso,regression,subject_12,regression,baseline,2,52,12,3,-1.4051522248243593,-0.7848232944139549
loso,regression,subject_12,regression,baseline,2,53,12,4,-1.5222482435597322,-0.6185915152956328
loso,regression,subject_12,regression,baseline,3,49,12,0,0.0,-0.3586989296753105
loso,regression,subject_12,regression,baseline,3,50,12,1,-0.585480093676815,-0.4605701166409816
loso,regression,subject_12,regression,baseline,3,51,12,2,-1.0538641686182735,-0.6250695290741868
loso,regression,subject_12,regression,baseline,3,52,12,3,-1.4051522248243593,-0.7914154437261826
loso,regression,subject_12,regression,baseline,3,53,12,4,-1.5222482435597322,-0.6185915152956328
loso,regression,subject_12,regression,baseline,4,49,12,0,0.0,-0.3586989296753105
loso,regression,subject_12,regression,baseline,4,50,12,1,-0.585480093676815,-0.4605701166409816
loso,regression,subject_12,regression,baseline,4,51,12,2,-1.0538641686182735,-0.6250695290741868
loso,regression,subject_12,regression,baseline,4,52,12,3,-1.4051522248243593,-0.784847027400806
loso,regression,subject_12,regression,baseline,4,53,12,4,-1.5222482435597322,-0.6185915152956328
loso,regression,subject_12,regression,baseline,5,49,12,0,0.0,-0.3586989296753105
loso,regression,subject_12,regression,baseline,5,50,12,1,-0.585480093676815,-0.4605701166409816
loso,regression,subject_12,regression,baseline,5,51,12,2,-1.0538641686182735,-0.6250695290741868
loso,regression,subject_12,regression,baseline,5,52,12,3,-1.4051522248243593,-0.7853169240348834
loso,regression,subject_12,regression,baseline,5,53,12,4,-1.5222482435597322,-0.6185915152956328
loso,regression,subject_12,regression,filter_negative_margin,1,49,12,0,0.0,-0.454316947830998
loso,regression,subject_12,regression,filter_negative_margin,1,50,12,1,-0.585480093676815,-0.4884969205765925
loso,regression,subject_12,regression,filter_negative_margin,1,51,12,2,-1.0538641686182735,-0.6232290533819945
loso,regression,subject_12,regression,filter_negative_margin,1,52,12,3,-1.4051522248243593,-0.7774080198154575
loso,regression,subject_12,regression,filter_negative_margin,1,53,12,4,-1.5222482435597322,-0.5186858489857131
loso,regression,subject_12,regression,filter_negative_margin,2,49,12,0,0.0,-0.454316947830998
loso,regression,subject_12,regression,filter_negative_margin,2,50,12,1,-0.585480093676815,-0.4884969205765925
loso,regression,subject_12,regression,filter_negative_margin,2,51,12,2,-1.0538641686182735,-0.6223035714436912
loso,regression,subject_12,regression,filter_negative_margin,2,52,12,3,-1.4051522248243593,-0.7638964046335394
loso,regression,subject_12,regression,filter_negative_margin,2,53,12,4,-1.5222482435597322,-0.5258303545295545
loso,regression,subject_12,regression,filter_negative_margin,3,49,12,0,0.0,-0.454316947830998
loso,regression,subject_12,regression,filter_negative_margin,3,50,12,1,-0.585480093676815,-0.4884969205765924
loso,regression,subject_12,regression,filter_negative_margin,3,51,12,2,-1.0538641686182735,-0.6153528020106261
loso,regression,subject_12,regression,filter_negative_margin,3,52,12,3,-1.4051522248243593,-0.7634944840933753
loso,regression,subject_12,regression,filter_negative_margin,3,53,12,4,-1.5222482435597322,-0.5253948475915754
loso,regression,subject_12,regression,filter_negative_margin,4,49,12,0,0.0,-0.454316947830998
loso,regression,subject_12,regression,filter_negative_margin,4,50,12,1,-0.585480093676815,-0.4884969205765924
loso,regression,subject_12,regression,filter_negative_margin,4,51,12,2,-1.0538641686182735,-0.6111222094913821
loso,regression,subject_12,regression,filter_negative_margin,4,52,12,3,-1.4051522248243593,-0.7709248306924487
loso,regression,subject_12,regression,filter_negative_margin,4,53,12,4,-1.5222482435597322,-0.5258303545295545
loso,regression,subject_12,regression,filter_negative_margin,5,49,12,0,0.0,-0.454316947830998
loso,regression,subject_12,regression,filter_negative_margin,5,50,12,1,-0.585480093676815,-0.4884969205765925
loso,regression,subject_12,regression,filter_negative_margin,5,51,12,2,-1.0538641686182735,-0.6299351504007565
loso,regression,subject_12,regression,filter_negative_margin,5,52,12,3,-1.4051522248243593,-0.7709248306924487
loso,regression,subject_12,regression,filter_negative_margin,5,53,12,4,-1.5222482435597322,-0.5098098594584529
loso,regression,subject_12,regression,append_margin_feature,1,49,12,0,0.0,-0.3586989296753105
loso,regression,subject_12,regression,append_margin_feature,1,50,12,1,-0.585480093676815,-0.4654982945581742
loso,regression,subject_12,regression,append_margin_feature,1,51,12,2,-1.0538641686182735,-0.6250695290741868
loso,regression,subject_12,regression,append_margin_feature,1,52,12,3,-1.4051522248243593,-0.7951126401248221
loso,regression,subject_12,regression,append_margin_feature,1,53,12,4,-1.5222482435597322,-0.6185915152956328
loso,regression,subject_12,regression,append_margin_feature,2,49,12,0,0.0,-0.3586989296753105
loso,regression,subject_12,regression,append_margin_feature,2,50,12,1,-0.585480093676815,-0.4654982945581742
loso,regression,subject_12,regression,append_margin_feature,2,51,12,2,-1.0538641686182735,-0.6250695290741868
loso,regression,subject_12,regression,append_margin_feature,2,52,12,3,-1.4051522248243593,-0.7801076208628015
loso,regression,subject_12,regression,append_margin_feature,2,53,12,4,-1.5222482435597322,-0.6185915152956328
loso,regression,subject_12,regression,append_margin_feature,3,49,12,0,0.0,-0.3586989296753105
loso,regression,subject_12,regression,append_margin_feature,3,50,12,1,-0.585480093676815,-0.4654982945581742
loso,regression,subject_12,regression,append_margin_feature,3,51,12,2,-1.0538641686182735,-0.6250695290741868
loso,regression,subject_12,regression,append_margin_feature,3,52,12,3,-1.4051522248243593,-0.7623629279718749
loso,regression,subject_12,regression,append_margin_feature,3,53,12,4,-1.5222482435597322,-0.6185915152956328
loso,regression,subject_12,regression,append_margin_feature,4,49,12,0,0.0,-0.3586989296753104
loso,regression,subject_12,regression,append_margin_feature,4,50,12,1,-0.585480093676815,-0.4654982945581742
loso,regression,subject_12,regression,append_margin_feature,4,51,12,2,-1.0538641686182735,-0.6250695290741868
loso,regression,subject_12,regression,append_margin_feature,4,52,12,3,-1.4051522248243593,-0.7997596927871256
loso,regression,subject_12,regression,append_margin_feature,4,53,12,4,-1.5222482435597322,-0.6185915152956328
loso,regression,subject_12,regression,append_margin_feature,5,49,12,0,0.0,-0.3586989296753105
loso,regression,subject_12,regression,append_margin_feature,5,50,12,1,-0.585480093676815,-0.4654982945581742
loso,regression,subject_12,regression,append_margin_feature,5,51,12,2,-1.0538641686182735,-0.6250695290741868
loso,regression,subject_12,regression,append_margin_feature,5,52,12,3,-1.4051522248243593,-0.7878678262846013
loso,regression,subject_12,regression,append_margin_feature,5,53,12,4,-1.5222482435597322,-0.6185915152956328
loso,regression,subject_13,regression,baseline,1,54,13,0,0.0,-0.8478743553285479
loso,regression,subject_13,regression,baseline,1,55,13,1,-0.14992503748127214,-0.682021744412457
loso,regression,subject_13,regression,baseline,1,56,13,2,-0.29985007496252297,-0.7051976095418837
loso,regression,subject_13,regression,baseline,1,57,13,3,-0.44977511244377383,-0.8244470024258731
loso,regression,subject_13,regression,baseline,1,58,13,4,-0.5997001499250459,-0.7089938909723611
loso,regression,subject_13,regression,filter_negative_margin,1,54,13,0,0.0,-0.8478743553285479
loso,regression,subject_13,regression,filter_negative_margin,1,55,13,1,-0.14992503748127214,-0.7091710656794251
loso,regression,subject_13,regression,filter_negative_margin,1,56,13,2,-0.29985007496252297,-0.7051976095418837
loso,regression,subject_13,regression,filter_negative_margin,1,57,13,3,-0.44977511244377383,-0.8244470024258731
loso,regression,subject_13,regression,filter_negative_margin,1,58,13,4,-0.5997001499250459,-0.7089938909723611
loso,regression,subject_13,regression,append_margin_feature,1,54,13,0,0.0,-0.8478743553285479
loso,regression,subject_13,regression,append_margin_feature,1,55,13,1,-0.14992503748127214,-0.682021744412457
loso,regression,subject_13,regression,append_margin_feature,1,56,13,2,-0.29985007496252297,-0.7051976095418837
loso,regression,subject_13,regression,append_margin_feature,1,57,13,3,-0.44977511244377383,-0.8244470024258731
loso,regression,subject_13,regression,append_margin_feature,1,58,13,4,-0.5997001499250459,-0.7089938909723611
loso,regression,subject_14,regression,baseline,1,59,14,0,0.0,-0.4254817544344268
loso,regression,subject_14,regression,baseline,1,60,14,1,-0.5842259006816052,-0.6370593806213168
loso,regression,subject_14,regression,baseline,1,61,14,2,-0.8763388510224007,-0.42743698076645276
loso,regression,subject_14,regression,baseline,1,62,14,3,-1.1684518013631966,-0.38408110827820396
loso,regression,subject_14,regression,baseline,1,63,14,4,-1.363193768257065,-0.5967211742808768
loso,regression,subject_14,regression,filter_negative_margin,1,59,14,0,0.0,-0.4282770653335651
loso,regression,subject_14,regression,filter_negative_margin,1,60,14,1,-0.5842259006816052,-0.6444129036142439
loso,regression,subject_14,regression,filter_negative_margin,1,61,14,2,-0.8763388510224007,-0.45177461881472847
loso,regression,subject_14,regression,filter_negative_margin,1,62,14,3,-1.1684518013631966,-0.3863725055766819
loso,regression,subject_14,regression,filter_negative_margin,1,63,14,4,-1.363193768257065,-0.6079344617422957
loso,regression,subject_14,regression,append_margin_feature,1,59,14,0,0.0,-0.4255013242104375
loso,regression,subject_14,regression,append_margin_feature,1,60,14,1,-0.5842259006816052,-0.6372347427989058
loso,regression,subject_14,regression,append_margin_feature,1,61,14,2,-0.8763388510224007,-0.4272631274742801
loso,regression,subject_14,regression,append_margin_feature,1,62,14,3,-1.1684518013631966,-0.3840869739382906
loso,regression,subject_14,regression,append_margin_feature,1,63,14,4,-1.363193768257065,-0.5968050170014686
loso,regression,subject_15,regression,baseline,1,64,15,0,0.0,-1.052870005126189
loso,regression,subject_15,regression,baseline,1,65,15,1,-0.3620564808110065,-0.38640429227803974
loso,regression,subject_15,regression,baseline,1,66,15,2,-1.0137581462708223,-0.4039218126774951
loso,regression,subject_15,regression,baseline,1,67,15,3,-1.448225923244026,-0.9014661345666395
loso,regression,subject_15,regression,baseline,1,68,15,4,-1.5930485155684206,-0.43951393722410154
loso,regression,subject_15,regression,baseline,2,64,15,0,0.0,-1.0496132312992352
loso,regression,subject_15,regression,baseline,2,65,15,1,-0.3620564808110065,-0.3864042922780397
loso,regression,subject_15,regression,baseline,2,66,15,2,-1.0137581462708223,-0.4121413760560533
loso,regression,subject_15,regression,baseline,2,67,15,3,-1.448225923244026,-0.90135471318664
loso,regression,subject_15,regression,baseline,2,68,15,4,-1.5930485155684206,-0.42990583701565055
loso,regression,subject_15,regression,baseline,3,64,15,0,0.0,-1.0550304962771577
loso,regression,subject_15,regression,baseline,3,65,15,1,-0.3620564808110065,-0.38640429227803974
loso,regression,subject_15,regression,baseline,3,66,15,2,-1.0137581462708223,-0.39957167908489755
loso,regression,subject_15,regression,baseline,3,67,15,3,-1.448225923244026,-0.8936961175469267
loso,regression,subject_15,regression,baseline,3,68,15,4,-1.5930485155684206,-0.439444540400623
loso,regression,subject_15,regression,baseline,4,64,15,0,0.0,-1.0579278530242087
loso,regression,subject_15,regression,baseline,4,65,15,1,-0.3620564808110065,-0.38640429227803974
loso,regression,subject_15,regression,baseline,4,66,15,2,-1.0137581462708223,-0.4054966952711463
loso,regression,subject_15,regression,baseline,4,67,15,3,-1.448225923244026,-0.8951775822064323
loso,regression,subject_15,regression,baseline,4,68,15,4,-1.5930485155684206,-0.45175778523131466
loso,regression,subject_15,regression,baseline,5,64,15,0,0.0,-1.0477233968396353
loso,regression,subject_15,regression,baseline,5,65,15,1,-0.3620564808110065,-0.38640429227803974
loso,regression,subject_15,regression,baseline,5,66,15,2,-1.0137581462708223,-0.3987630075546277
loso,regression,subject_15,regression,baseline,5,67,15,3,-1.448225923244026,-0.8904900859029885
loso,regression,subject_15,regression,baseline,5,68,15,4,-1.5930485155684206,-0.45767376593861525
loso,regression,subject_15,regression,filter_negative_margin,1,64,15,0,0.0,-1.0722766103335923
loso,regression,subject_15,regression,filter_negative_margin,1,65,15,1,-0.3620564808110065,-0.5446200360411255
loso,regression,subject_15,regression,filter_negative_margin,1,66,15,2,-1.0137581462708223,-0.6603135853548392
loso,regression,subject_15,regression,filter_negative_margin,1,67,15,3,-1.448225923244026,-0.7517868845405188
loso,regression,subject_15,regression,filter_negative_margin,1,68,15,4,-1.5930485155684206,-0.5387557757163822
loso,regression,subject_15,regression,filter_negative_margin,2,64,15,0,0.0,-1.0580554379828548
loso,regression,subject_15,regression,filter_negative_margin,2,65,15,1,-0.3620564808110065,-0.5446200360411255
loso,regression,subject_15,regression,filter_negative_margin,2,66,15,2,-1.0137581462708223,-0.6634154452612508
loso,regression,subject_15,regression,filter_negative_margin,2,67,15,3,-1.448225923244026,-0.7412885446976333
loso,regression,subject_15,regression,filter_negative_margin,2,68,15,4,-1.5930485155684206,-0.5684633849615321
loso,regression,subject_15,regression,filter_negative_margin,3,64,15,0,0.0,-1.0761480809842092
loso,regression,subject_15,regression,filter_negative_margin,3,65,15,1,-0.3620564808110065,-0.5446200360411255
loso,regression,subject_15,regression,filter_negative_margin,3,66,15,2,-1.0137581462708223,-0.694634200036036
loso,regression,subject_15,regression,filter_negative_margin,3,67,15,3,-1.448225923244026,-0.7458514901858841
loso,regression,subject_15,regression,filter_negative_margin,3,68,15,4,-1.5930485155684206,-0.5358135222504028
loso,regression,subject_15,regression,filter_negative_margin,4,64,15,0,0.0,-1.079328230860522
loso,regression,subject_15,regression,filter_negative_margin,4,65,15,1,-0.3620564808110065,-0.5446200360411255
loso,regression,subject_15,regression,filter_negative_margin,4,66,15,2,-1.0137581462708223,-0.6963163175319662
loso,regression,subject_15,regression,filter_negative_margin,4,67,15,3,-1.448225923244026,-0.7536517453775067
loso,regression,subject_15,regression,filter_negative_margin,4,68,15,4,-1.5930485155684206,-0.5392263949517745
loso,regression,subject_15,regression,filter_negative_margin,5,64,15,0,0.0,-1.0893606487979552
loso,regression,subject_15,regression,filter_negative_margin,5,65,15,1,-0.3620564808110065,-0.5446200360411255
loso,regression,subject_15,regression,filter_negative_margin,5,66,15,2,-1.0137581462708223,-0.6827973048763541
loso,regression,subject_15,regression,filter_negative_margin,5,67,15,3,-1.448225923244026,-0.743890077926197
loso,regression,subject_15,regression,filter_negative_margin,5,68,15,4,-1.5930485155684206,-0.5119308299440067
loso,regression,subject_15,regression,append_margin_feature,1,64,15,0,0.0,-1.0436782455791211
loso,regression,subject_15,regression,append_margin_feature,1,65,15,1,-0.3620564808110065,-0.38640429227803974
loso,regression,subject_15,regression,append_margin_feature,1,66,15,2,-1.0137581462708223,-0.40696521499489435
loso,regression,subject_15,regression,append_margin_feature,1,67,15,3,-1.448225923244026,-0.8896774725228069
loso,regression,subject_15,regression,append_margin_feature,1,68,15,4,-1.5930485155684206,-0.4369607633947739
loso,regression,subject_15,regression,append_margin_feature,2,64,15,0,0.0,-1.0517546873619608
loso,regression,subject_15,regression,append_margin_feature,2,65,15,1,-0.3620564808110065,-0.38640429227803974
loso,regression,subject_15,regression,append_margin_feature,2,66,15,2,-1.0137581462708223,-0.40793866241897553
loso,regression,subject_15,regression,append_margin_feature,2,67,15,3,-1.448225923244026,-0.90135471318664
loso,regression,subject_15,regression,append_margin_feature,2,68,15,4,-1.5930485155684206,-0.4406238596105929
loso,regression,subject_15,regression,append_margin_feature,3,64,15,0,0.0,-1.0502824231937915
loso,regression,subject_15,regression,append_margin_feature,3,65,15,1,-0.3620564808110065,-0.38640429227803974
loso,regression,subject_15,regression,append_margin_feature,3,66,15,2,-1.0137581462708223,-0.40189165286139183
loso,regression,subject_15,regression,append_margin_feature,3,67,15,3,-1.448225923244026,-0.8955414639462315
loso,regression,subject_15,regression,append_margin_feature,3,68,15,4,-1.5930485155684206,-0.4586759710091435
loso,regression,subject_15,regression,append_margin_feature,4,64,15,0,0.0,-1.0502824231937915
loso,regression,subject_15,regression,append_margin_feature,4,65,15,1,-0.3620564808110065,-0.3864042922780397
loso,regression,subject_15,regression,append_margin_feature,4,66,15,2,-1.0137581462708223,-0.40384218009801087
loso,regression,subject_15,regression,append_margin_feature,4,67,15,3,-1.448225923244026,-0.8867903850042467
loso,regression,subject_15,regression,append_margin_feature,4,68,15,4,-1.5930485155684206,-0.43231154522391363
loso,regression,subject_15,regression,append_margin_feature,5,64,15,0,0.0,-1.0599774963563433
loso,regression,subject_15,regression,append_margin_feature,5,65,15,1,-0.3620564808110065,-0.38640429227803974
loso,regression,subject_15,regression,append_margin_feature,5,66,15,2,-1.0137581462708223,-0.4100021400983889
loso,regression,subject_15,regression,append_margin_feature,5,67,15,3,-1.448225923244026,-0.8936254006958501
loso,regression,subject_15,regression,append_margin_feature,5,68,15,4,-1.5930485155684206,-0.4601482252536444
loso,regression,subject_16,regression,baseline,1,69,16,0,0.0,-0.9268038043924907
loso,regression,subject_16,regression,baseline,1,70,16,2,-0.578592092574743,-0.3782719277046134
loso,regression,subject_16,regression,baseline,1,71,16,3,-0.771456123432977,-0.5657537089783031
loso,regression,subject_16,regression,baseline,1,72,16,4,-1.0607521697203555,-0.7878880450910158
loso,regression,subject_16,regression,filter_negative_margin,1,69,16,0,0.0,-0.9268038043924907
loso,regression,subject_16,regression,filter_negative_margin,1,70,16,2,-0.578592092574743,-0.3782719277046134
loso,regression,subject_16,regression,filter_negative_margin,1,71,16,3,-0.771456123432977,-0.6176255331863485
loso,regression,subject_16,regression,filter_negative_margin,1,72,16,4,-1.0607521697203555,-0.8897462331168501
loso,regression,subject_16,regression,append_margin_feature,1,69,16,0,0.0,-0.9268038043924907
loso,regression,subject_16,regression,append_margin_feature,1,70,16,2,-0.578592092574743,-0.3782719277046134
loso,regression,subject_16,regression,append_margin_feature,1,71,16,3,-0.771456123432977,-0.5657537089783031
loso,regression,subject_16,regression,append_margin_feature,1,72,16,4,-1.0607521697203555,-0.7878880450910158
loso,ordinal_classification,subject_1,a,baseline,1,0,1,1,1.0,3.0
loso,ordinal_classification,subject_1,a,baseline,1,1,1,2,2.0,3.0
loso,ordinal_classification,subject_1,a,baseline,1,2,1,3,3.0,2.0
loso,ordinal_classification,subject_1,a,baseline,2,0,1,1,1.0,3.0
loso,ordinal_classification,subject_1,a,baseline,2,1,1,2,2.0,3.0
loso,ordinal_classification,subject_1,a,baseline,2,2,1,3,3.0,2.0
loso,ordinal_classification,subject_1,a,baseline,3,0,1,1,1.0,2.0
loso,ordinal_classification,subject_1,a,baseline,3,1,1,2,2.0,3.0
loso,ordinal_classification,subject_1,a,baseline,3,2,1,3,3.0,2.0
loso,ordinal_classification,subject_1,a,baseline,4,0,1,1,1.0,2.0
loso,ordinal_classification,subject_1,a,baseline,4,1,1,2,2.0,3.0
loso,ordinal_classification,subject_1,a,baseline,4,2,1,3,3.0,2.0
loso,ordinal_classification,subject_1,a,baseline,5,0,1,1,1.0,3.0
loso,ordinal_classification,subject_1,a,baseline,5,1,1,2,2.0,3.0
loso,ordinal_classification,subject_1,a,baseline,5,2,1,3,3.0,1.0
loso,ordinal_classification,subject_1,a,filter_negative_margin,1,0,1,1,1.0,2.0
loso,ordinal_classification,subject_1,a,filter_negative_margin,1,1,1,2,2.0,3.0
loso,ordinal_classification,subject_1,a,filter_negative_margin,1,2,1,3,3.0,2.0
loso,ordinal_classification,subject_1,a,filter_negative_margin,2,0,1,1,1.0,2.0
loso,ordinal_classification,subject_1,a,filter_negative_margin,2,1,1,2,2.0,3.0
loso,ordinal_classification,subject_1,a,filter_negative_margin,2,2,1,3,3.0,2.0
loso,ordinal_classification,subject_1,a,filter_negative_margin,3,0,1,1,1.0,2.0
loso,ordinal_classification,subject_1,a,filter_negative_margin,3,1,1,2,2.0,3.0
loso,ordinal_classification,subject_1,a,filter_negative_margin,3,2,1,3,3.0,2.0
loso,ordinal_classification,subject_1,a,filter_negative_margin,4,0,1,1,1.0,2.0
loso,ordinal_classification,subject_1,a,filter_negative_margin,4,1,1,2,2.0,3.0
loso,ordinal_classification,subject_1,a,filter_negative_margin,4,2,1,3,3.0,2.0
loso,ordinal_classification,subject_1,a,filter_negative_margin,5,0,1,1,1.0,3.0
loso,ordinal_classification,subject_1,a,filter_negative_margin,5,1,1,2,2.0,3.0
loso,ordinal_classification,subject_1,a,filter_negative_margin,5,2,1,3,3.0,1.0
loso,ordinal_classification,subject_1,a,append_margin_feature,1,0,1,1,1.0,3.0
loso,ordinal_classification,subject_1,a,append_margin_feature,1,1,1,2,2.0,3.0
loso,ordinal_classification,subject_1,a,append_margin_feature,1,2,1,3,3.0,2.0
loso,ordinal_classification,subject_1,a,append_margin_feature,2,0,1,1,1.0,3.0
loso,ordinal_classification,subject_1,a,append_margin_feature,2,1,1,2,2.0,2.0
loso,ordinal_classification,subject_1,a,append_margin_feature,2,2,1,3,3.0,2.0
loso,ordinal_classification,subject_1,a,append_margin_feature,3,0,1,1,1.0,2.0
loso,ordinal_classification,subject_1,a,append_margin_feature,3,1,1,2,2.0,3.0
loso,ordinal_classification,subject_1,a,append_margin_feature,3,2,1,3,3.0,2.0
loso,ordinal_classification,subject_1,a,append_margin_feature,4,0,1,1,1.0,2.0
loso,ordinal_classification,subject_1,a,append_margin_feature,4,1,1,2,2.0,2.0
loso,ordinal_classification,subject_1,a,append_margin_feature,4,2,1,3,3.0,2.0
loso,ordinal_classification,subject_1,a,append_margin_feature,5,0,1,1,1.0,3.0
loso,ordinal_classification,subject_1,a,append_margin_feature,5,1,1,2,2.0,3.0
loso,ordinal_classification,subject_1,a,append_margin_feature,5,2,1,3,3.0,1.0
loso,ordinal_classification,subject_1,b,baseline,1,0,1,1,1.0,2.0
loso,ordinal_classification,subject_1,b,baseline,1,1,1,2,2.0,2.0
loso,ordinal_classification,subject_1,b,baseline,1,2,1,3,3.0,1.0
loso,ordinal_classification,subject_1,b,filter_negative_margin,1,0,1,1,1.0,2.0
loso,ordinal_classification,subject_1,b,filter_negative_margin,1,1,1,2,2.0,2.0
loso,ordinal_classification,subject_1,b,filter_negative_margin,1,2,1,3,3.0,1.0
loso,ordinal_classification,subject_1,b,append_margin_feature,1,0,1,1,1.0,2.0
loso,ordinal_classification,subject_1,b,append_margin_feature,1,1,1,2,2.0,2.0
loso,ordinal_classification,subject_1,b,append_margin_feature,1,2,1,3,3.0,1.0
loso,ordinal_classification,subject_2,a,baseline,1,3,2,0,0.0,3.0
loso,ordinal_classification,subject_2,a,baseline,1,4,2,1,1.0,2.0
loso,ordinal_classification,subject_2,a,baseline,1,5,2,2,2.0,2.0
loso,ordinal_classification,subject_2,a,baseline,1,6,2,3,3.0,4.0
loso,ordinal_classification,subject_2,a,baseline,1,7,2,4,4.0,3.0
loso,ordinal_classification,subject_2,a,baseline,2,3,2,0,0.0,3.0
loso,ordinal_classification,subject_2,a,baseline,2,4,2,1,1.0,2.0
loso,ordinal_classification,subject_2,a,baseline,2,5,2,2,2.0,2.0
loso,ordinal_classification,subject_2,a,baseline,2,6,2,3,3.0,4.0
loso,ordinal_classification,subject_2,a,baseline,2,7,2,4,4.0,3.0
loso,ordinal_classification,subject_2,a,baseline,3,3,2,0,0.0,3.0
loso,ordinal_classification,subject_2,a,baseline,3,4,2,1,1.0,2.0
loso,ordinal_classification,subject_2,a,baseline,3,5,2,2,2.0,2.0
loso,ordinal_classification,subject_2,a,baseline,3,6,2,3,3.0,4.0
loso,ordinal_classification,subject_2,a,baseline,3,7,2,4,4.0,3.0
loso,ordinal_classification,subject_2,a,baseline,4,3,2,0,0.0,3.0
loso,ordinal_classification,subject_2,a,baseline,4,4,2,1,1.0,2.0
loso,ordinal_classification,subject_2,a,baseline,4,5,2,2,2.0,2.0
loso,ordinal_classification,subject_2,a,baseline,4,6,2,3,3.0,4.0
loso,ordinal_classification,subject_2,a,baseline,4,7,2,4,4.0,3.0
loso,ordinal_classification,subject_2,a,baseline,5,3,2,0,0.0,3.0
loso,ordinal_classification,subject_2,a,baseline,5,4,2,1,1.0,2.0
loso,ordinal_classification,subject_2,a,baseline,5,5,2,2,2.0,2.0
loso,ordinal_classification,subject_2,a,baseline,5,6,2,3,3.0,4.0
loso,ordinal_classification,subject_2,a,baseline,5,7,2,4,4.0,3.0
loso,ordinal_classification,subject_2,a,filter_negative_margin,1,3,2,0,0.0,3.0
loso,ordinal_classification,subject_2,a,filter_negative_margin,1,4,2,1,1.0,1.0
loso,ordinal_classification,subject_2,a,filter_negative_margin,1,5,2,2,2.0,2.0
loso,ordinal_classification,subject_2,a,filter_negative_margin,1,6,2,3,3.0,4.0
loso,ordinal_classification,subject_2,a,filter_negative_margin,1,7,2,4,4.0,2.0
loso,ordinal_classification,subject_2,a,filter_negative_margin,2,3,2,0,0.0,3.0
loso,ordinal_classification,subject_2,a,filter_negative_margin,2,4,2,1,1.0,1.0
loso,ordinal_classification,subject_2,a,filter_negative_margin,2,5,2,2,2.0,2.0
loso,ordinal_classification,subject_2,a,filter_negative_margin,2,6,2,3,3.0,4.0
loso,ordinal_classification,subject_2,a,filter_negative_margin,2,7,2,4,4.0,2.0
loso,ordinal_classification,subject_2,a,filter_negative_margin,3,3,2,0,0.0,3.0
loso,ordinal_classification,subject_2,a,filter_negative_margin,3,4,2,1,1.0,1.0
loso,ordinal_classification,subject_2,a,filter_negative_margin,3,5,2,2,2.0,2.0
loso,ordinal_classification,subject_2,a,filter_negative_margin,3,6,2,3,3.0,4.0
loso,ordinal_classification,subject_2,a,filter_negative_margin,3,7,2,4,4.0,2.0
loso,ordinal_classification,subject_2,a,filter_negative_margin,4,3,2,0,0.0,3.0
loso,ordinal_classification,subject_2,a,filter_negative_margin,4,4,2,1,1.0,1.0
loso,ordinal_classification,subject_2,a,filter_negative_margin,4,5,2,2,2.0,2.0
loso,ordinal_classification,subject_2,a,filter_negative_margin,4,6,2,3,3.0,4.0
loso,ordinal_classification,subject_2,a,filter_negative_margin,4,7,2,4,4.0,2.0
loso,ordinal_classification,subject_2,a,filter_negative_margin,5,3,2,0,0.0,3.0
loso,ordinal_classification,subject_2,a,filter_negative_margin,5,4,2,1,1.0,1.0
loso,ordinal_classification,subject_2,a,filter_negative_margin,5,5,2,2,2.0,2.0
loso,ordinal_classification,subject_2,a,filter_negative_margin,5,6,2,3,3.0,4.0
loso,ordinal_classification,subject_2,a,filter_negative_margin,5,7,2,4,4.0,2.0
loso,ordinal_classification,subject_2,a,append_margin_feature,1,3,2,0,0.0,3.0
loso,ordinal_classification,subject_2,a,append_margin_feature,1,4,2,1,1.0,2.0
loso,ordinal_classification,subject_2,a,append_margin_feature,1,5,2,2,2.0,2.0
loso,ordinal_classification,subject_2,a,append_margin_feature,1,6,2,3,3.0,4.0
loso,ordinal_classification,subject_2,a,append_margin_feature,1,7,2,4,4.0,3.0
loso,ordinal_classification,subject_2,a,append_margin_feature,2,3,2,0,0.0,3.0
loso,ordinal_classification,subject_2,a,append_margin_feature,2,4,2,1,1.0,2.0
loso,ordinal_classification,subject_2,a,append_margin_feature,2,5,2,2,2.0,2.0
loso,ordinal_classification,subject_2,a,append_margin_feature,2,6,2,3,3.0,4.0
loso,ordinal_classification,subject_2,a,append_margin_feature,2,7,2,4,4.0,3.0
loso,ordinal_classification,subject_2,a,append_margin_feature,3,3,2,0,0.0,3.0
loso,ordinal_classification,subject_2,a,append_margin_feature,3,4,2,1,1.0,2.0
loso,ordinal_classification,subject_2,a,append_margin_feature,3,5,2,2,2.0,2.0
loso,ordinal_classification,subject_2,a,append_margin_feature,3,6,2,3,3.0,4.0
loso,ordinal_classification,subject_2,a,append_margin_feature,3,7,2,4,4.0,3.0
loso,ordinal_classification,subject_2,a,append_margin_feature,4,3,2,0,0.0,3.0
loso,ordinal_classification,subject_2,a,append_margin_feature,4,4,2,1,1.0,2.0
loso,ordinal_classification,subject_2,a,append_margin_feature,4,5,2,2,2.0,2.0
loso,ordinal_classification,subject_2,a,append_margin_feature,4,6,2,3,3.0,4.0
loso,ordinal_classification,subject_2,a,append_margin_feature,4,7,2,4,4.0,3.0
loso,ordinal_classification,subject_2,a,append_margin_feature,5,3,2,0,0.0,3.0
loso,ordinal_classification,subject_2,a,append_margin_feature,5,4,2,1,1.0,2.0
loso,ordinal_classification,subject_2,a,append_margin_feature,5,5,2,2,2.0,2.0
loso,ordinal_classification,subject_2,a,append_margin_feature,5,6,2,3,3.0,4.0
loso,ordinal_classification,subject_2,a,append_margin_feature,5,7,2,4,4.0,3.0
loso,ordinal_classification,subject_2,b,baseline,1,3,2,0,0.0,4.0
loso,ordinal_classification,subject_2,b,baseline,1,4,2,1,1.0,4.0
loso,ordinal_classification,subject_2,b,baseline,1,5,2,2,2.0,1.0
loso,ordinal_classification,subject_2,b,baseline,1,6,2,3,3.0,4.0
loso,ordinal_classification,subject_2,b,baseline,1,7,2,4,4.0,3.0
loso,ordinal_classification,subject_2,b,filter_negative_margin,1,3,2,0,0.0,4.0
loso,ordinal_classification,subject_2,b,filter_negative_margin,1,4,2,1,1.0,2.0
loso,ordinal_classification,subject_2,b,filter_negative_margin,1,5,2,2,2.0,1.0
loso,ordinal_classification,subject_2,b,filter_negative_margin,1,6,2,3,3.0,2.0
loso,ordinal_classification,subject_2,b,filter_negative_margin,1,7,2,4,4.0,3.0
loso,ordinal_classification,subject_2,b,append_margin_feature,1,3,2,0,0.0,4.0
loso,ordinal_classification,subject_2,b,append_margin_feature,1,4,2,1,1.0,4.0
loso,ordinal_classification,subject_2,b,append_margin_feature,1,5,2,2,2.0,1.0
loso,ordinal_classification,subject_2,b,append_margin_feature,1,6,2,3,3.0,4.0
loso,ordinal_classification,subject_2,b,append_margin_feature,1,7,2,4,4.0,3.0
loso,ordinal_classification,subject_3,a,baseline,1,8,3,0,0.0,4.0
loso,ordinal_classification,subject_3,a,baseline,1,9,3,2,2.0,4.0
loso,ordinal_classification,subject_3,a,baseline,1,10,3,3,3.0,2.0
loso,ordinal_classification,subject_3,a,baseline,1,11,3,4,4.0,2.0
loso,ordinal_classification,subject_3,a,filter_negative_margin,1,8,3,0,0.0,4.0
loso,ordinal_classification,subject_3,a,filter_negative_margin,1,9,3,2,2.0,4.0
loso,ordinal_classification,subject_3,a,filter_negative_margin,1,10,3,3,3.0,1.0
loso,ordinal_classification,subject_3,a,filter_negative_margin,1,11,3,4,4.0,3.0
loso,ordinal_classification,subject_3,a,append_margin_feature,1,8,3,0,0.0,4.0
loso,ordinal_classification,subject_3,a,append_margin_feature,1,9,3,2,2.0,4.0
loso,ordinal_classification,subject_3,a,append_margin_feature,1,10,3,3,3.0,2.0
loso,ordinal_classification,subject_3,a,append_margin_feature,1,11,3,4,4.0,2.0
loso,ordinal_classification,subject_3,b,baseline,1,8,3,0,0.0,2.0
loso,ordinal_classification,subject_3,b,baseline,1,9,3,2,2.0,2.0
loso,ordinal_classification,subject_3,b,baseline,1,10,3,3,3.0,3.0
loso,ordinal_classification,subject_3,b,baseline,1,11,3,4,4.0,2.0
loso,ordinal_classification,subject_3,b,filter_negative_margin,1,8,3,0,0.0,2.0
loso,ordinal_classification,subject_3,b,filter_negative_margin,1,9,3,2,2.0,2.0
loso,ordinal_classification,subject_3,b,filter_negative_margin,1,10,3,3,3.0,2.0
loso,ordinal_classification,subject_3,b,filter_negative_margin,1,11,3,4,4.0,2.0
loso,ordinal_classification,subject_3,b,append_margin_feature,1,8,3,0,0.0,2.0
loso,ordinal_classification,subject_3,b,append_margin_feature,1,9,3,2,2.0,2.0
loso,ordinal_classification,subject_3,b,append_margin_feature,1,10,3,3,3.0,3.0
loso,ordinal_classification,subject_3,b,append_margin_feature,1,11,3,4,4.0,2.0
loso,ordinal_classification,subject_4,a,baseline,1,12,4,0,0.0,1.0
loso,ordinal_classification,subject_4,a,baseline,1,13,4,1,1.0,1.0
loso,ordinal_classification,subject_4,a,baseline,1,14,4,2,2.0,2.0
loso,ordinal_classification,subject_4,a,baseline,1,15,4,4,4.0,1.0
loso,ordinal_classification,subject_4,a,filter_negative_margin,1,12,4,0,0.0,1.0
loso,ordinal_classification,subject_4,a,filter_negative_margin,1,13,4,1,1.0,1.0
loso,ordinal_classification,subject_4,a,filter_negative_margin,1,14,4,2,2.0,2.0
loso,ordinal_classification,subject_4,a,filter_negative_margin,1,15,4,4,4.0,1.0
loso,ordinal_classification,subject_4,a,append_margin_feature,1,12,4,0,0.0,1.0
loso,ordinal_classification,subject_4,a,append_margin_feature,1,13,4,1,1.0,1.0
loso,ordinal_classification,subject_4,a,append_margin_feature,1,14,4,2,2.0,2.0
loso,ordinal_classification,subject_4,a,append_margin_feature,1,15,4,4,4.0,1.0
loso,ordinal_classification,subject_4,b,baseline,1,12,4,0,0.0,0.0
loso,ordinal_classification,subject_4,b,baseline,1,13,4,1,1.0,1.0
loso,ordinal_classification,subject_4,b,baseline,1,14,4,2,2.0,2.0
loso,ordinal_classification,subject_4,b,baseline,1,15,4,4,4.0,0.0
loso,ordinal_classification,subject_4,b,filter_negative_margin,1,12,4,0,0.0,1.0
loso,ordinal_classification,subject_4,b,filter_negative_margin,1,13,4,1,1.0,1.0
loso,ordinal_classification,subject_4,b,filter_negative_margin,1,14,4,2,2.0,2.0
loso,ordinal_classification,subject_4,b,filter_negative_margin,1,15,4,4,4.0,0.0
loso,ordinal_classification,subject_4,b,append_margin_feature,1,12,4,0,0.0,0.0
loso,ordinal_classification,subject_4,b,append_margin_feature,1,13,4,1,1.0,1.0
loso,ordinal_classification,subject_4,b,append_margin_feature,1,14,4,2,2.0,2.0
loso,ordinal_classification,subject_4,b,append_margin_feature,1,15,4,4,4.0,0.0
loso,ordinal_classification,subject_5,a,baseline,1,16,5,0,0.0,1.0
loso,ordinal_classification,subject_5,a,baseline,1,17,5,1,1.0,1.0
loso,ordinal_classification,subject_5,a,baseline,1,18,5,2,2.0,1.0
loso,ordinal_classification,subject_5,a,baseline,1,19,5,4,4.0,1.0
loso,ordinal_classification,subject_5,a,filter_negative_margin,1,16,5,0,0.0,0.0
loso,ordinal_classification,subject_5,a,filter_negative_margin,1,17,5,1,1.0,1.0
loso,ordinal_classification,subject_5,a,filter_negative_margin,1,18,5,2,2.0,0.0
loso,ordinal_classification,subject_5,a,filter_negative_margin,1,19,5,4,4.0,1.0
loso,ordinal_classification,subject_5,a,append_margin_feature,1,16,5,0,0.0,1.0
loso,ordinal_classification,subject_5,a,append_margin_feature,1,17,5,1,1.0,1.0
loso,ordinal_classification,subject_5,a,append_margin_feature,1,18,5,2,2.0,1.0
loso,ordinal_classification,subject_5,a,append_margin_feature,1,19,5,4,4.0,1.0
loso,ordinal_classification,subject_5,b,baseline,1,16,5,0,0.0,4.0
loso,ordinal_classification,subject_5,b,baseline,1,17,5,1,1.0,4.0
loso,ordinal_classification,subject_5,b,baseline,1,18,5,2,2.0,2.0
loso,ordinal_classification,subject_5,b,baseline,1,19,5,4,4.0,4.0
loso,ordinal_classification,subject_5,b,filter_negative_margin,1,16,5,0,0.0,4.0
loso,ordinal_classification,subject_5,b,filter_negative_margin,1,17,5,1,1.0,4.0
loso,ordinal_classification,subject_5,b,filter_negative_margin,1,18,5,2,2.0,2.0
loso,ordinal_classification,subject_5,b,filter_negative_margin,1,19,5,4,4.0,4.0
loso,ordinal_classification,subject_5,b,append_margin_feature,1,16,5,0,0.0,4.0
loso,ordinal_classification,subject_5,b,append_margin_feature,1,17,5,1,1.0,4.0
loso,ordinal_classification,subject_5,b,append_margin_feature,1,18,5,2,2.0,2.0
loso,ordinal_classification,subject_5,b,append_margin_feature,1,19,5,4,4.0,4.0
loso,ordinal_classification,subject_6,a,baseline,1,20,6,1,1.0,2.0
loso,ordinal_classification,subject_6,a,baseline,1,21,6,2,2.0,2.0
loso,ordinal_classification,subject_6,a,baseline,1,22,6,3,3.0,2.0
loso,ordinal_classification,subject_6,a,baseline,1,23,6,4,4.0,1.0
loso,ordinal_classification,subject_6,a,baseline,2,20,6,1,1.0,3.0
loso,ordinal_classification,subject_6,a,baseline,2,21,6,2,2.0,1.0
loso,ordinal_classification,subject_6,a,baseline,2,22,6,3,3.0,2.0
loso,ordinal_classification,subject_6,a,baseline,2,23,6,4,4.0,2.0
loso,ordinal_classification,subject_6,a,baseline,3,20,6,1,1.0,3.0
loso,ordinal_classification,subject_6,a,baseline,3,21,6,2,2.0,1.0
loso,ordinal_classification,subject_6,a,baseline,3,22,6,3,3.0,1.0
loso,ordinal_classification,subject_6,a,baseline,3,23,6,4,4.0,1.0
loso,ordinal_classification,subject_6,a,baseline,4,20,6,1,1.0,2.0
loso,ordinal_classification,subject_6,a,baseline,4,21,6,2,2.0,1.0
loso,ordinal_classification,subject_6,a,baseline,4,22,6,3,3.0,1.0
loso,ordinal_classification,subject_6,a,baseline,4,23,6,4,4.0,2.0
loso,ordinal_classification,subject_6,a,baseline,5,20,6,1,1.0,2.0
loso,ordinal_classification,subject_6,a,baseline,5,21,6,2,2.0,1.0
loso,ordinal_classification,subject_6,a,baseline,5,22,6,3,3.0,1.0
loso,ordinal_classification,subject_6,a,baseline,5,23,6,4,4.0,1.0
loso,ordinal_classification,subject_6,a,filter_negative_margin,1,20,6,1,1.0,2.0
loso,ordinal_classification,subject_6,a,filter_negative_margin,1,21,6,2,2.0,1.0
loso,ordinal_classification,subject_6,a,filter_negative_margin,1,22,6,3,3.0,1.0
loso,ordinal_classification,subject_6,a,filter_negative_margin,1,23,6,4,4.0,1.0
loso,ordinal_classification,subject_6,a,filter_negative_margin,2,20,6,1,1.0,3.0
loso,ordinal_classification,subject_6,a,filter_negative_margin,2,21,6,2,2.0,1.0
loso,ordinal_classification,subject_6,a,filter_negative_margin,2,22,6,3,3.0,1.0
loso,ordinal_classification,subject_6,a,filter_negative_margin,2,23,6,4,4.0,1.0
loso,ordinal_classification,subject_6,a,filter_negative_margin,3,20,6,1,1.0,2.0
loso,ordinal_classification,subject_6,a,filter_negative_margin,3,21,6,2,2.0,1.0
loso,ordinal_classification,subject_6,a,filter_negative_margin,3,22,6,3,3.0,1.0
loso,ordinal_classification,subject_6,a,filter_negative_margin,3,23,6,4,4.0,1.0
loso,ordinal_classification,subject_6,a,filter_negative_margin,4,20,6,1,1.0,3.0
loso,ordinal_classification,subject_6,a,filter_negative_margin,4,21,6,2,2.0,1.0
loso,ordinal_classification,subject_6,a,filter_negative_margin,4,22,6,3,3.0,1.0
loso,ordinal_classification,subject_6,a,filter_negative_margin,4,23,6,4,4.0,1.0
loso,ordinal_classification,subject_6,a,filter_negative_margin,5,20,6,1,1.0,3.0
loso,ordinal_classification,subject_6,a,filter_negative_margin,5,21,6,2,2.0,1.0
loso,ordinal_classification,subject_6,a,filter_negative_margin,5,22,6,3,3.0,1.0
loso,ordinal_classification,subject_6,a,filter_negative_margin,5,23,6,4,4.0,2.0
loso,ordinal_classification,subject_6,a,append_margin_feature,1,20,6,1,1.0,3.0
loso,ordinal_classification,subject_6,a,append_margin_feature,1,21,6,2,2.0,1.0
loso,ordinal_classification,subject_6,a,append_margin_feature,1,22,6,3,3.0,2.0
loso,ordinal_classification,subject_6,a,append_margin_feature,1,23,6,4,4.0,1.0
loso,ordinal_classification,subject_6,a,append_margin_feature,2,20,6,1,1.0,3.0
loso,ordinal_classification,subject_6,a,append_margin_feature,2,21,6,2,2.0,1.0
loso,ordinal_classification,subject_6,a,append_margin_feature,2,22,6,3,3.0,2.0
loso,ordinal_classification,subject_6,a,append_margin_feature,2,23,6,4,4.0,2.0
loso,ordinal_classification,subject_6,a,append_margin_feature,3,20,6,1,1.0,3.0
loso,ordinal_classification,subject_6,a,append_margin_feature,3,21,6,2,2.0,1.0
loso,ordinal_classification,subject_6,a,append_margin_feature,3,22,6,3,3.0,1.0
loso,ordinal_classification,subject_6,a,append_margin_feature,3,23,6,4,4.0,1.0
loso,ordinal_classification,subject_6,a,append_margin_feature,4,20,6,1,1.0,2.0
loso,ordinal_classification,subject_6,a,append_margin_feature,4,21,6,2,2.0,1.0
loso,ordinal_classification,subject_6,a,append_margin_feature,4,22,6,3,3.0,1.0
loso,ordinal_classification,subject_6,a,append_margin_feature,4,23,6,4,4.0,1.0
loso,ordinal_classification,subject_6,a,append_margin_feature,5,20,6,1,1.0,3.0
loso,ordinal_classification,subject_6,a,append_margin_feature,5,21,6,2,2.0,1.0
loso,ordinal_classification,subject_6,a,append_margin_feature,5,22,6,3,3.0,1.0
loso,ordinal_classification,subject_6,a,append_margin_feature,5,23,6,4,4.0,1.0
loso,ordinal_classification,subject_6,b,baseline,1,20,6,1,1.0,2.0
loso,ordinal_classification,subject_6,b,baseline,1,21,6,2,2.0,3.0
loso,ordinal_classification,subject_6,b,baseline,1,22,6,3,3.0,3.0
loso,ordinal_classification,subject_6,b,baseline,1,23,6,4,4.0,0.0
loso,ordinal_classification,subject_6,b,filter_negative_margin,1,20,6,1,1.0,2.0
loso,ordinal_classification,subject_6,b,filter_negative_margin,1,21,6,2,2.0,3.0
loso,ordinal_classification,subject_6,b,filter_negative_margin,1,22,6,3,3.0,1.0
loso,ordinal_classification,subject_6,b,filter_negative_margin,1,23,6,4,4.0,0.0
loso,ordinal_classification,subject_6,b,append_margin_feature,1,20,6,1,1.0,2.0
loso,ordinal_classification,subject_6,b,append_margin_feature,1,21,6,2,2.0,3.0
loso,ordinal_classification,subject_6,b,append_margin_feature,1,22,6,3,3.0,3.0
loso,ordinal_classification,subject_6,b,append_margin_feature,1,23,6,4,4.0,0.0
loso,ordinal_classification,subject_7,a,baseline,1,24,7,0,0.0,2.0
loso,ordinal_classification,subject_7,a,baseline,1,25,7,1,1.0,3.0
loso,ordinal_classification,subject_7,a,baseline,1,26,7,2,2.0,1.0
loso,ordinal_classification,subject_7,a,baseline,1,27,7,3,3.0,1.0
loso,ordinal_classification,subject_7,a,baseline,1,28,7,4,4.0,1.0
loso,ordinal_classification,subject_7,a,filter_negative_margin,1,24,7,0,0.0,2.0
loso,ordinal_classification,subject_7,a,filter_negative_margin,1,25,7,1,1.0,3.0
loso,ordinal_classification,subject_7,a,filter_negative_margin,1,26,7,2,2.0,2.0
loso,ordinal_classification,subject_7,a,filter_negative_margin,1,27,7,3,3.0,1.0
loso,ordinal_classification,subject_7,a,filter_negative_margin,1,28,7,4,4.0,1.0
loso,ordinal_classification,subject_7,a,append_margin_feature,1,24,7,0,0.0,2.0
loso,ordinal_classification,subject_7,a,append_margin_feature,1,25,7,1,1.0,3.0
loso,ordinal_classification,subject_7,a,append_margin_feature,1,26,7,2,2.0,1.0
loso,ordinal_classification,subject_7,a,append_margin_feature,1,27,7,3,3.0,1.0
loso,ordinal_classification,subject_7,a,append_margin_feature,1,28,7,4,4.0,1.0
loso,ordinal_classification,subject_7,b,baseline,1,24,7,0,0.0,2.0
loso,ordinal_classification,subject_7,b,baseline,1,25,7,1,1.0,1.0
loso,ordinal_classification,subject_7,b,baseline,1,26,7,2,2.0,2.0
loso,ordinal_classification,subject_7,b,baseline,1,27,7,3,3.0,1.0
loso,ordinal_classification,subject_7,b,baseline,1,28,7,4,4.0,1.0
loso,ordinal_classification,subject_7,b,filter_negative_margin,1,24,7,0,0.0,2.0
loso,ordinal_classification,subject_7,b,filter_negative_margin,1,25,7,1,1.0,1.0
loso,ordinal_classification,subject_7,b,filter_negative_margin,1,26,7,2,2.0,2.0
loso,ordinal_classification,subject_7,b,filter_negative_margin,1,27,7,3,3.0,1.0
loso,ordinal_classification,subject_7,b,filter_negative_margin,1,28,7,4,4.0,1.0
loso,ordinal_classification,subject_7,b,append_margin_feature,1,24,7,0,0.0,2.0
loso,ordinal_classification,subject_7,b,append_margin_feature,1,25,7,1,1.0,1.0
loso,ordinal_classification,subject_7,b,append_margin_feature,1,26,7,2,2.0,2.0
loso,ordinal_classification,subject_7,b,append_margin_feature,1,27,7,3,3.0,1.0
loso,ordinal_classification,subject_7,b,append_margin_feature,1,28,7,4,4.0,1.0
loso,ordinal_classification,subject_8,a,baseline,1,29,8,0,0.0,3.0
loso,ordinal_classification,subject_8,a,baseline,1,30,8,1,1.0,2.0
loso,ordinal_classification,subject_8,a,baseline,1,31,8,2,2.0,2.0
loso,ordinal_classification,subject_8,a,baseline,1,32,8,3,3.0,3.0
loso,ordinal_classification,subject_8,a,baseline,1,33,8,4,4.0,1.0
loso,ordinal_classification,subject_8,a,filter_negative_margin,1,29,8,0,0.0,4.0
loso,ordinal_classification,subject_8,a,filter_negative_margin,1,30,8,1,1.0,2.0
loso,ordinal_classification,subject_8,a,filter_negative_margin,1,31,8,2,2.0,2.0
loso,ordinal_classification,subject_8,a,filter_negative_margin,1,32,8,3,3.0,3.0
loso,ordinal_classification,subject_8,a,filter_negative_margin,1,33,8,4,4.0,0.0
loso,ordinal_classification,subject_8,a,append_margin_feature,1,29,8,0,0.0,3.0
loso,ordinal_classification,subject_8,a,append_margin_feature,1,30,8,1,1.0,2.0
loso,ordinal_classification,subject_8,a,append_margin_feature,1,31,8,2,2.0,2.0
loso,ordinal_classification,subject_8,a,append_margin_feature,1,32,8,3,3.0,3.0
loso,ordinal_classification,subject_8,a,append_margin_feature,1,33,8,4,4.0,1.0
loso,ordinal_classification,subject_8,b,baseline,1,29,8,0,0.0,4.0
loso,ordinal_classification,subject_8,b,baseline,1,30,8,1,1.0,0.0
loso,ordinal_classification,subject_8,b,baseline,1,31,8,2,2.0,4.0
loso,ordinal_classification,subject_8,b,baseline,1,32,8,3,3.0,2.0
loso,ordinal_classification,subject_8,b,baseline,1,33,8,4,4.0,0.0
loso,ordinal_classification,subject_8,b,filter_negative_margin,1,29,8,0,0.0,4.0
loso,ordinal_classification,subject_8,b,filter_negative_margin,1,30,8,1,1.0,0.0
loso,ordinal_classification,subject_8,b,filter_negative_margin,1,31,8,2,2.0,4.0
loso,ordinal_classification,subject_8,b,filter_negative_margin,1,32,8,3,3.0,2.0
loso,ordinal_classification,subject_8,b,filter_negative_margin,1,33,8,4,4.0,0.0
loso,ordinal_classification,subject_8,b,append_margin_feature,1,29,8,0,0.0,4.0
loso,ordinal_classification,subject_8,b,append_margin_feature,1,30,8,1,1.0,0.0
loso,ordinal_classification,subject_8,b,append_margin_feature,1,31,8,2,2.0,4.0
loso,ordinal_classification,subject_8,b,append_margin_feature,1,32,8,3,3.0,2.0
loso,ordinal_classification,subject_8,b,append_margin_feature,1,33,8,4,4.0,0.0
loso,ordinal_classification,subject_9,a,baseline,1,34,9,0,0.0,2.0
loso,ordinal_classification,subject_9,a,baseline,1,35,9,1,1.0,1.0
loso,ordinal_classification,subject_9,a,baseline,1,36,9,2,2.0,3.0
loso,ordinal_classification,subject_9,a,baseline,1,37,9,3,3.0,3.0
loso,ordinal_classification,subject_9,a,baseline,1,38,9,4,4.0,1.0
loso,ordinal_classification,subject_9,a,baseline,2,34,9,0,0.0,2.0
loso,ordinal_classification,subject_9,a,baseline,2,35,9,1,1.0,1.0
loso,ordinal_classification,subject_9,a,baseline,2,36,9,2,2.0,3.0
loso,ordinal_classification,subject_9,a,baseline,2,37,9,3,3.0,3.0
loso,ordinal_classification,subject_9,a,baseline,2,38,9,4,4.0,1.0
loso,ordinal_classification,subject_9,a,baseline,3,34,9,0,0.0,2.0
loso,ordinal_classification,subject_9,a,baseline,3,35,9,1,1.0,1.0
loso,ordinal_classification,subject_9,a,baseline,3,36,9,2,2.0,3.0
loso,ordinal_classification,subject_9,a,baseline,3,37,9,3,3.0,3.0
loso,ordinal_classification,subject_9,a,baseline,3,38,9,4,4.0,1.0
loso,ordinal_classification,subject_9,a,baseline,4,34,9,0,0.0,2.0
loso,ordinal_classification,subject_9,a,baseline,4,35,9,1,1.0,1.0
loso,ordinal_classification,subject_9,a,baseline,4,36,9,2,2.0,3.0
loso,ordinal_classification,subject_9,a,baseline,4,37,9,3,3.0,3.0
loso,ordinal_classification,subject_9,a,baseline,4,38,9,4,4.0,1.0
loso,ordinal_classification,subject_9,a,baseline,5,34,9,0,0.0,2.0
loso,ordinal_classification,subject_9,a,baseline,5,35,9,1,1.0,1.0
loso,ordinal_classification,subject_9,a,baseline,5,36,9,2,2.0,3.0
loso,ordinal_classification,subject_9,a,baseline,5,37,9,3,3.0,3.0
loso,ordinal_classification,subject_9,a,baseline,5,38,9,4,4.0,1.0
loso,ordinal_classification,subject_9,a,filter_negative_margin,1,34,9,0,0.0,2.0
loso,ordinal_classification,subject_9,a,filter_negative_margin,1,35,9,1,1.0,1.0
loso,ordinal_classification,subject_9,a,filter_negative_margin,1,36,9,2,2.0,3.0
loso,ordinal_classification,subject_9,a,filter_negative_margin,1,37,9,3,3.0,2.0
loso,ordinal_classification,subject_9,a,filter_negative_margin,1,38,9,4,4.0,2.0
loso,ordinal_classification,subject_9,a,filter_negative_margin,2,34,9,0,0.0,2.0
loso,ordinal_classification,subject_9,a,filter_negative_margin,2,35,9,1,1.0,1.0
loso,ordinal_classification,subject_9,a,filter_negative_margin,2,36,9,2,2.0,3.0
loso,ordinal_classification,subject_9,a,filter_negative_margin,2,37,9,3,3.0,2.0
loso,ordinal_classification,subject_9,a,filter_negative_margin,2,38,9,4,4.0,1.0
loso,ordinal_classification,subject_9,a,filter_negative_margin,3,34,9,0,0.0,2.0
loso,ordinal_classification,subject_9,a,filter_negative_margin,3,35,9,1,1.0,1.0
loso,ordinal_classification,subject_9,a,filter_negative_margin,3,36,9,2,2.0,3.0
loso,ordinal_classification,subject_9,a,filter_negative_margin,3,37,9,3,3.0,2.0
loso,ordinal_classification,subject_9,a,filter_negative_margin,3,38,9,4,4.0,2.0
loso,ordinal_classification,subject_9,a,filter_negative_margin,4,34,9,0,0.0,2.0
loso,ordinal_classification,subject_9,a,filter_negative_margin,4,35,9,1,1.0,1.0
loso,ordinal_classification,subject_9,a,filter_negative_margin,4,36,9,2,2.0,3.0
loso,ordinal_classification,subject_9,a,filter_negative_margin,4,37,9,3,3.0,2.0
loso,ordinal_classification,subject_9,a,filter_negative_margin,4,38,9,4,4.0,2.0
loso,ordinal_classification,subject_9,a,filter_negative_margin,5,34,9,0,0.0,2.0
loso,ordinal_classification,subject_9,a,filter_negative_margin,5,35,9,1,1.0,1.0
loso,ordinal_classification,subject_9,a,filter_negative_margin,5,36,9,2,2.0,3.0
loso,ordinal_classification,subject_9,a,filter_negative_margin,5,37,9,3,3.0,2.0
loso,ordinal_classification,subject_9,a,filter_negative_margin,5,38,9,4,4.0,2.0
loso,ordinal_classification,subject_9,a,append_margin_feature,1,34,9,0,0.0,2.0
loso,ordinal_classification,subject_9,a,append_margin_feature,1,35,9,1,1.0,1.0
loso,ordinal_classification,subject_9,a,append_margin_feature,1,36,9,2,2.0,3.0
loso,ordinal_classification,subject_9,a,append_margin_feature,1,37,9,3,3.0,3.0
loso,ordinal_classification,subject_9,a,append_margin_feature,1,38,9,4,4.0,1.0
loso,ordinal_classification,subject_9,a,append_margin_feature,2,34,9,0,0.0,2.0
loso,ordinal_classification,subject_9,a,append_margin_feature,2,35,9,1,1.0,1.0
loso,ordinal_classification,subject_9,a,append_margin_feature,2,36,9,2,2.0,3.0
loso,ordinal_classification,subject_9,a,append_margin_feature,2,37,9,3,3.0,3.0
loso,ordinal_classification,subject_9,a,append_margin_feature,2,38,9,4,4.0,1.0
loso,ordinal_classification,subject_9,a,append_margin_feature,3,34,9,0,0.0,2.0
loso,ordinal_classification,subject_9,a,append_margin_feature,3,35,9,1,1.0,1.0
loso,ordinal_classification,subject_9,a,append_margin_feature,3,36,9,2,2.0,3.0
loso,ordinal_classification,subject_9,a,append_margin_feature,3,37,9,3,3.0,3.0
loso,ordinal_classification,subject_9,a,append_margin_feature,3,38,9,4,4.0,1.0
loso,ordinal_classification,subject_9,a,append_margin_feature,4,34,9,0,0.0,2.0
loso,ordinal_classification,subject_9,a,append_margin_feature,4,35,9,1,1.0,1.0
loso,ordinal_classification,subject_9,a,append_margin_feature,4,36,9,2,2.0,3.0
loso,ordinal_classification,subject_9,a,append_margin_feature,4,37,9,3,3.0,3.0
loso,ordinal_classification,subject_9,a,append_margin_feature,4,38,9,4,4.0,1.0
loso,ordinal_classification,subject_9,a,append_margin_feature,5,34,9,0,0.0,2.0
loso,ordinal_classification,subject_9,a,append_margin_feature,5,35,9,1,1.0,1.0
loso,ordinal_classification,subject_9,a,append_margin_feature,5,36,9,2,2.0,3.0
loso,ordinal_classification,subject_9,a,append_margin_feature,5,37,9,3,3.0,3.0
loso,ordinal_classification,subject_9,a,append_margin_feature,5,38,9,4,4.0,1.0
loso,ordinal_classification,subject_9,b,baseline,1,34,9,0,0.0,3.0
loso,ordinal_classification,subject_9,b,baseline,1,35,9,1,1.0,3.0
loso,ordinal_classification,subject_9,b,baseline,1,36,9,2,2.0,1.0
loso,ordinal_classification,subject_9,b,baseline,1,37,9,3,3.0,3.0
loso,ordinal_classification,subject_9,b,baseline,1,38,9,4,4.0,1.0
loso,ordinal_classification,subject_9,b,filter_negative_margin,1,34,9,0,0.0,3.0
loso,ordinal_classification,subject_9,b,filter_negative_margin,1,35,9,1,1.0,3.0
loso,ordinal_classification,subject_9,b,filter_negative_margin,1,36,9,2,2.0,1.0
loso,ordinal_classification,subject_9,b,filter_negative_margin,1,37,9,3,3.0,3.0
loso,ordinal_classification,subject_9,b,filter_negative_margin,1,38,9,4,4.0,3.0
loso,ordinal_classification,subject_9,b,append_margin_feature,1,34,9,0,0.0,3.0
loso,ordinal_classification,subject_9,b,append_margin_feature,1,35,9,1,1.0,3.0
loso,ordinal_classification,subject_9,b,append_margin_feature,1,36,9,2,2.0,1.0
loso,ordinal_classification,subject_9,b,append_margin_feature,1,37,9,3,3.0,3.0
loso,ordinal_classification,subject_9,b,append_margin_feature,1,38,9,4,4.0,1.0
loso,ordinal_classification,subject_10,a,baseline,1,39,10,0,0.0,4.0
loso,ordinal_classification,subject_10,a,baseline,1,40,10,1,1.0,1.0
loso,ordinal_classification,subject_10,a,baseline,1,41,10,2,2.0,2.0
loso,ordinal_classification,subject_10,a,baseline,1,42,10,3,3.0,4.0
loso,ordinal_classification,subject_10,a,baseline,1,43,10,4,4.0,4.0
loso,ordinal_classification,subject_10,a,filter_negative_margin,1,39,10,0,0.0,4.0
loso,ordinal_classification,subject_10,a,filter_negative_margin,1,40,10,1,1.0,1.0
loso,ordinal_classification,subject_10,a,filter_negative_margin,1,41,10,2,2.0,2.0
loso,ordinal_classification,subject_10,a,filter_negative_margin,1,42,10,3,3.0,4.0
loso,ordinal_classification,subject_10,a,filter_negative_margin,1,43,10,4,4.0,4.0
loso,ordinal_classification,subject_10,a,append_margin_feature,1,39,10,0,0.0,4.0
loso,ordinal_classification,subject_10,a,append_margin_feature,1,40,10,1,1.0,1.0
loso,ordinal_classification,subject_10,a,append_margin_feature,1,41,10,2,2.0,2.0
loso,ordinal_classification,subject_10,a,append_margin_feature,1,42,10,3,3.0,4.0
loso,ordinal_classification,subject_10,a,append_margin_feature,1,43,10,4,4.0,4.0
loso,ordinal_classification,subject_10,b,baseline,1,39,10,0,0.0,4.0
loso,ordinal_classification,subject_10,b,baseline,1,40,10,1,1.0,2.0
loso,ordinal_classification,subject_10,b,baseline,1,41,10,2,2.0,0.0
loso,ordinal_classification,subject_10,b,baseline,1,42,10,3,3.0,4.0
loso,ordinal_classification,subject_10,b,baseline,1,43,10,4,4.0,3.0
loso,ordinal_classification,subject_10,b,filter_negative_margin,1,39,10,0,0.0,4.0
loso,ordinal_classification,subject_10,b,filter_negative_margin,1,40,10,1,1.0,2.0
loso,ordinal_classification,subject_10,b,filter_negative_margin,1,41,10,2,2.0,1.0
loso,ordinal_classification,subject_10,b,filter_negative_margin,1,42,10,3,3.0,4.0
loso,ordinal_classification,subject_10,b,filter_negative_margin,1,43,10,4,4.0,3.0
loso,ordinal_classification,subject_10,b,append_margin_feature,1,39,10,0,0.0,4.0
loso,ordinal_classification,subject_10,b,append_margin_feature,1,40,10,1,1.0,2.0
loso,ordinal_classification,subject_10,b,append_margin_feature,1,41,10,2,2.0,0.0
loso,ordinal_classification,subject_10,b,append_margin_feature,1,42,10,3,3.0,4.0
loso,ordinal_classification,subject_10,b,append_margin_feature,1,43,10,4,4.0,3.0
loso,ordinal_classification,subject_11,a,baseline,1,44,11,0,0.0,2.0
loso,ordinal_classification,subject_11,a,baseline,1,45,11,1,1.0,2.0
loso,ordinal_classification,subject_11,a,baseline,1,46,11,2,2.0,1.0
loso,ordinal_classification,subject_11,a,baseline,1,47,11,3,3.0,1.0
loso,ordinal_classification,subject_11,a,baseline,1,48,11,4,4.0,1.0
loso,ordinal_classification,subject_11,a,baseline,2,44,11,0,0.0,2.0
loso,ordinal_classification,subject_11,a,baseline,2,45,11,1,1.0,2.0
loso,ordinal_classification,subject_11,a,baseline,2,46,11,2,2.0,1.0
loso,ordinal_classification,subject_11,a,baseline,2,47,11,3,3.0,1.0
loso,ordinal_classification,subject_11,a,baseline,2,48,11,4,4.0,1.0
loso,ordinal_classification,subject_11,a,baseline,3,44,11,0,0.0,2.0
loso,ordinal_classification,subject_11,a,baseline,3,45,11,1,1.0,2.0
loso,ordinal_classification,subject_11,a,baseline,3,46,11,2,2.0,1.0
loso,ordinal_classification,subject_11,a,baseline,3,47,11,3,3.0,1.0
loso,ordinal_classification,subject_11,a,baseline,3,48,11,4,4.0,1.0
loso,ordinal_classification,subject_11,a,baseline,4,44,11,0,0.0,2.0
loso,ordinal_classification,subject_11,a,baseline,4,45,11,1,1.0,2.0
loso,ordinal_classification,subject_11,a,baseline,4,46,11,2,2.0,1.0
loso,ordinal_classification,subject_11,a,baseline,4,47,11,3,3.0,1.0
loso,ordinal_classification,subject_11,a,baseline,4,48,11,4,4.0,1.0
loso,ordinal_classification,subject_11,a,baseline,5,44,11,0,0.0,2.0
loso,ordinal_classification,subject_11,a,baseline,5,45,11,1,1.0,2.0
loso,ordinal_classification,subject_11,a,baseline,5,46,11,2,2.0,1.0
loso,ordinal_classification,subject_11,a,baseline,5,47,11,3,3.0,1.0
loso,ordinal_classification,subject_11,a,baseline,5,48,11,4,4.0,1.0
loso,ordinal_classification,subject_11,a,filter_negative_margin,1,44,11,0,0.0,2.0
loso,ordinal_classification,subject_11,a,filter_negative_margin,1,45,11,1,1.0,3.0
loso,ordinal_classification,subject_11,a,filter_negative_margin,1,46,11,2,2.0,1.0
loso,ordinal_classification,subject_11,a,filter_negative_margin,1,47,11,3,3.0,2.0
loso,ordinal_classification,subject_11,a,filter_negative_margin,1,48,11,4,4.0,2.0
loso,ordinal_classification,subject_11,a,filter_negative_margin,2,44,11,0,0.0,2.0
loso,ordinal_classification,subject_11,a,filter_negative_margin,2,45,11,1,1.0,3.0
loso,ordinal_classification,subject_11,a,filter_negative_margin,2,46,11,2,2.0,1.0
loso,ordinal_classification,subject_11,a,filter_negative_margin,2,47,11,3,3.0,2.0
loso,ordinal_classification,subject_11,a,filter_negative_margin,2,48,11,4,4.0,2.0
loso,ordinal_classification,subject_11,a,filter_negative_margin,3,44,11,0,0.0,2.0
loso,ordinal_classification,subject_11,a,filter_negative_margin,3,45,11,1,1.0,3.0
loso,ordinal_classification,subject_11,a,filter_negative_margin,3,46,11,2,2.0,1.0
loso,ordinal_classification,subject_11,a,filter_negative_margin,3,47,11,3,3.0,2.0
loso,ordinal_classification,subject_11,a,filter_negative_margin,3,48,11,4,4.0,2.0
loso,ordinal_classification,subject_11,a,filter_negative_margin,4,44,11,0,0.0,2.0
loso,ordinal_classification,subject_11,a,filter_negative_margin,4,45,11,1,1.0,3.0
loso,ordinal_classification,subject_11,a,filter_negative_margin,4,46,11,2,2.0,1.0
loso,ordinal_classification,subject_11,a,filter_negative_margin,4,47,11,3,3.0,2.0
loso,ordinal_classification,subject_11,a,filter_negative_margin,4,48,11,4,4.0,2.0
loso,ordinal_classification,subject_11,a,filter_negative_margin,5,44,11,0,0.0,2.0
loso,ordinal_classification,subject_11,a,filter_negative_margin,5,45,11,1,1.0,3.0
loso,ordinal_classification,subject_11,a,filter_negative_margin,5,46,11,2,2.0,1.0
loso,ordinal_classification,subject_11,a,filter_negative_margin,5,47,11,3,3.0,2.0
loso,ordinal_classification,subject_11,a,filter_negative_margin,5,48,11,4,4.0,2.0
loso,ordinal_classification,subject_11,a,append_margin_feature,1,44,11,0,0.0,2.0
loso,ordinal_classification,subject_11,a,append_margin_feature,1,45,11,1,1.0,2.0
loso,ordinal_classification,subject_11,a,append_margin_feature,1,46,11,2,2.0,1.0
loso,ordinal_classification,subject_11,a,append_margin_feature,1,47,11,3,3.0,1.0
loso,ordinal_classification,subject_11,a,append_margin_feature,1,48,11,4,4.0,1.0
loso,ordinal_classification,subject_11,a,append_margin_feature,2,44,11,0,0.0,2.0
loso,ordinal_classification,subject_11,a,append_margin_feature,2,45,11,1,1.0,2.0
loso,ordinal_classification,subject_11,a,append_margin_feature,2,46,11,2,2.0,1.0
loso,ordinal_classification,subject_11,a,append_margin_feature,2,47,11,3,3.0,1.0
loso,ordinal_classification,subject_11,a,append_margin_feature,2,48,11,4,4.0,1.0
loso,ordinal_classification,subject_11,a,append_margin_feature,3,44,11,0,0.0,2.0
loso,ordinal_classification,subject_11,a,append_margin_feature,3,45,11,1,1.0,2.0
loso,ordinal_classification,subject_11,a,append_margin_feature,3,46,11,2,2.0,1.0
loso,ordinal_classification,subject_11,a,append_margin_feature,3,47,11,3,3.0,1.0
loso,ordinal_classification,subject_11,a,append_margin_feature,3,48,11,4,4.0,1.0
loso,ordinal_classification,subject_11,a,append_margin_feature,4,44,11,0,0.0,2.0
loso,ordinal_classification,subject_11,a,append_margin_feature,4,45,11,1,1.0,2.0
loso,ordinal_classification,subject_11,a,append_margin_feature,4,46,11,2,2.0,1.0
loso,ordinal_classification,subject_11,a,append_margin_feature,4,47,11,3,3.0,1.0
loso,ordinal_classification,subject_11,a,append_margin_feature,4,48,11,4,4.0,1.0
loso,ordinal_classification,subject_11,a,append_margin_feature,5,44,11,0,0.0,2.0
loso,ordinal_classification,subject_11,a,append_margin_feature,5,45,11,1,1.0,2.0
loso,ordinal_classification,subject_11,a,append_margin_feature,5,46,11,2,2.0,1.0
loso,ordinal_classification,subject_11,a,append_margin_feature,5,47,11,3,3.0,1.0
loso,ordinal_classification,subject_11,a,append_margin_feature,5,48,11,4,4.0,1.0
loso,ordinal_classification,subject_11,b,baseline,1,44,11,0,0.0,1.0
loso,ordinal_classification,subject_11,b,baseline,1,45,11,1,1.0,2.0
loso,ordinal_classification,subject_11,b,baseline,1,46,11,2,2.0,2.0
loso,ordinal_classification,subject_11,b,baseline,1,47,11,3,3.0,2.0
loso,ordinal_classification,subject_11,b,baseline,1,48,11,4,4.0,0.0
loso,ordinal_classification,subject_11,b,filter_negative_margin,1,44,11,0,0.0,1.0
loso,ordinal_classification,subject_11,b,filter_negative_margin,1,45,11,1,1.0,2.0
loso,ordinal_classification,subject_11,b,filter_negative_margin,1,46,11,2,2.0,2.0
loso,ordinal_classification,subject_11,b,filter_negative_margin,1,47,11,3,3.0,2.0
loso,ordinal_classification,subject_11,b,filter_negative_margin,1,48,11,4,4.0,1.0
loso,ordinal_classification,subject_11,b,append_margin_feature,1,44,11,0,0.0,1.0
loso,ordinal_classification,subject_11,b,append_margin_feature,1,45,11,1,1.0,2.0
loso,ordinal_classification,subject_11,b,append_margin_feature,1,46,11,2,2.0,2.0
loso,ordinal_classification,subject_11,b,append_margin_feature,1,47,11,3,3.0,2.0
loso,ordinal_classification,subject_11,b,append_margin_feature,1,48,11,4,4.0,0.0
loso,ordinal_classification,subject_12,a,baseline,1,49,12,0,0.0,4.0
loso,ordinal_classification,subject_12,a,baseline,1,50,12,1,1.0,2.0
loso,ordinal_classification,subject_12,a,baseline,1,51,12,2,2.0,1.0
loso,ordinal_classification,subject_12,a,baseline,1,52,12,3,3.0,3.0
loso,ordinal_classification,subject_12,a,baseline,1,53,12,4,4.0,2.0
loso,ordinal_classification,subject_12,a,baseline,2,49,12,0,0.0,4.0
loso,ordinal_classification,subject_12,a,baseline,2,50,12,1,1.0,2.0
loso,ordinal_classification,subject_12,a,baseline,2,51,12,2,2.0,1.0
loso,ordinal_classification,subject_12,a,baseline,2,52,12,3,3.0,3.0
loso,ordinal_classification,subject_12,a,baseline,2,53,12,4,4.0,3.0
loso,ordinal_classification,subject_12,a,baseline,3,49,12,0,0.0,4.0
loso,ordinal_classification,subject_12,a,baseline,3,50,12,1,1.0,2.0
loso,ordinal_classification,subject_12,a,baseline,3,51,12,2,2.0,1.0
loso,ordinal_classification,subject_12,a,baseline,3,52,12,3,3.0,3.0
loso,ordinal_classification,subject_12,a,baseline,3,53,12,4,4.0,3.0
loso,ordinal_classification,subject_12,a,baseline,4,49,12,0,0.0,4.0
loso,ordinal_classification,subject_12,a,baseline,4,50,12,1,1.0,2.0
loso,ordinal_classification,subject_12,a,baseline,4,51,12,2,2.0,1.0
loso,ordinal_classification,subject_12,a,baseline,4,52,12,3,3.0,3.0
loso,ordinal_classification,subject_12,a,baseline,4,53,12,4,4.0,3.0
loso,ordinal_classification,subject_12,a,baseline,5,49,12,0,0.0,4.0
loso,ordinal_classification,subject_12,a,baseline,5,50,12,1,1.0,2.0
loso,ordinal_classification,subject_12,a,baseline,5,51,12,2,2.0,1.0
loso,ordinal_classification,subject_12,a,baseline,5,52,12,3,3.0,3.0
loso,ordinal_classification,subject_12,a,baseline,5,53,12,4,4.0,3.0
loso,ordinal_classification,subject_12,a,filter_negative_margin,1,49,12,0,0.0,4.0
loso,ordinal_classification,subject_12,a,filter_negative_margin,1,50,12,1,1.0,2.0
loso,ordinal_classification,subject_12,a,filter_negative_margin,1,51,12,2,2.0,1.0
loso,ordinal_classification,subject_12,a,filter_negative_margin,1,52,12,3,3.0,4.0
loso,ordinal_classification,subject_12,a,filter_negative_margin,1,53,12,4,4.0,2.0
loso,ordinal_classification,subject_12,a,filter_negative_margin,2,49,12,0,0.0,4.0
loso,ordinal_classification,subject_12,a,filter_negative_margin,2,50,12,1,1.0,2.0
loso,ordinal_classification,subject_12,a,filter_negative_margin,2,51,12,2,2.0,1.0
loso,ordinal_classification,subject_12,a,filter_negative_margin,2,52,12,3,3.0,4.0
loso,ordinal_classification,subject_12,a,filter_negative_margin,2,53,12,4,4.0,2.0
loso,ordinal_classification,subject_12,a,filter_negative_margin,3,49,12,0,0.0,4.0
loso,ordinal_classification,subject_12,a,filter_negative_margin,3,50,12,1,1.0,2.0
loso,ordinal_classification,subject_12,a,filter_negative_margin,3,51,12,2,2.0,1.0
loso,ordinal_classification,subject_12,a,filter_negative_margin,3,52,12,3,3.0,4.0
loso,ordinal_classification,subject_12,a,filter_negative_margin,3,53,12,4,4.0,2.0
loso,ordinal_classification,subject_12,a,filter_negative_margin,4,49,12,0,0.0,4.0
loso,ordinal_classification,subject_12,a,filter_negative_margin,4,50,12,1,1.0,2.0
loso,ordinal_classification,subject_12,a,filter_negative_margin,4,51,12,2,2.0,1.0
loso,ordinal_classification,subject_12,a,filter_negative_margin,4,52,12,3,3.0,4.0
loso,ordinal_classification,subject_12,a,filter_negative_margin,4,53,12,4,4.0,2.0
loso,ordinal_classification,subject_12,a,filter_negative_margin,5,49,12,0,0.0,4.0
loso,ordinal_classification,subject_12,a,filter_negative_margin,5,50,12,1,1.0,2.0
loso,ordinal_classification,subject_12,a,filter_negative_margin,5,51,12,2,2.0,1.0
loso,ordinal_classification,subject_12,a,filter_negative_margin,5,52,12,3,3.0,4.0
loso,ordinal_classification,subject_12,a,filter_negative_margin,5,53,12,4,4.0,2.0
loso,ordinal_classification,subject_12,a,append_margin_feature,1,49,12,0,0.0,4.0
loso,ordinal_classification,subject_12,a,append_margin_feature,1,50,12,1,1.0,2.0
loso,ordinal_classification,subject_12,a,append_margin_feature,1,51,12,2,2.0,1.0
loso,ordinal_classification,subject_12,a,append_margin_feature,1,52,12,3,3.0,3.0
loso,ordinal_classification,subject_12,a,append_margin_feature,1,53,12,4,4.0,3.0
loso,ordinal_classification,subject_12,a,append_margin_feature,2,49,12,0,0.0,4.0
loso,ordinal_classification,subject_12,a,append_margin_feature,2,50,12,1,1.0,2.0
loso,ordinal_classification,subject_12,a,append_margin_feature,2,51,12,2,2.0,1.0
loso,ordinal_classification,subject_12,a,append_margin_feature,2,52,12,3,3.0,3.0
loso,ordinal_classification,subject_12,a,append_margin_feature,2,53,12,4,4.0,2.0
loso,ordinal_classification,subject_12,a,append_margin_feature,3,49,12,0,0.0,4.0
loso,ordinal_classification,subject_12,a,append_margin_feature,3,50,12,1,1.0,2.0
loso,ordinal_classification,subject_12,a,append_margin_feature,3,51,12,2,2.0,1.0
loso,ordinal_classification,subject_12,a,append_margin_feature,3,52,12,3,3.0,3.0
loso,ordinal_classification,subject_12,a,append_margin_feature,3,53,12,4,4.0,3.0
loso,ordinal_classification,subject_12,a,append_margin_feature,4,49,12,0,0.0,4.0
loso,ordinal_classification,subject_12,a,append_margin_feature,4,50,12,1,1.0,2.0
loso,ordinal_classification,subject_12,a,append_margin_feature,4,51,12,2,2.0,1.0
loso,ordinal_classification,subject_12,a,append_margin_feature,4,52,12,3,3.0,3.0
loso,ordinal_classification,subject_12,a,append_margin_feature,4,53,12,4,4.0,3.0
loso,ordinal_classification,subject_12,a,append_margin_feature,5,49,12,0,0.0,4.0
loso,ordinal_classification,subject_12,a,append_margin_feature,5,50,12,1,1.0,2.0
loso,ordinal_classification,subject_12,a,append_margin_feature,5,51,12,2,2.0,1.0
loso,ordinal_classification,subject_12,a,append_margin_feature,5,52,12,3,3.0,3.0
loso,ordinal_classification,subject_12,a,append_margin_feature,5,53,12,4,4.0,3.0
loso,ordinal_classification,subject_12,b,baseline,1,49,12,0,0.0,2.0
loso,ordinal_classification,subject_12,b,baseline,1,50,12,1,1.0,2.0
loso,ordinal_classification,subject_12,b,baseline,1,51,12,2,2.0,0.0
loso,ordinal_classification,subject_12,b,baseline,1,52,12,3,3.0,0.0
loso,ordinal_classification,subject_12,b,baseline,1,53,12,4,4.0,4.0
loso,ordinal_classification,subject_12,b,filter_negative_margin,1,49,12,0,0.0,2.0
loso,ordinal_classification,subject_12,b,filter_negative_margin,1,50,12,1,1.0,2.0
loso,ordinal_classification,subject_12,b,filter_negative_margin,1,51,12,2,2.0,0.0
loso,ordinal_classification,subject_12,b,filter_negative_margin,1,52,12,3,3.0,0.0
loso,ordinal_classification,subject_12,b,filter_negative_margin,1,53,12,4,4.0,4.0
loso,ordinal_classification,subject_12,b,append_margin_feature,1,49,12,0,0.0,2.0
loso,ordinal_classification,subject_12,b,append_margin_feature,1,50,12,1,1.0,2.0
loso,ordinal_classification,subject_12,b,append_margin_feature,1,51,12,2,2.0,0.0
loso,ordinal_classification,subject_12,b,append_margin_feature,1,52,12,3,3.0,0.0
loso,ordinal_classification,subject_12,b,append_margin_feature,1,53,12,4,4.0,4.0
loso,ordinal_classification,subject_13,a,baseline,1,54,13,0,0.0,3.0
loso,ordinal_classification,subject_13,a,baseline,1,55,13,1,1.0,1.0
loso,ordinal_classification,subject_13,a,baseline,1,56,13,2,2.0,2.0
loso,ordinal_classification,subject_13,a,baseline,1,57,13,3,3.0,1.0
loso,ordinal_classification,subject_13,a,baseline,1,58,13,4,4.0,2.0
loso,ordinal_classification,subject_13,a,filter_negative_margin,1,54,13,0,0.0,3.0
loso,ordinal_classification,subject_13,a,filter_negative_margin,1,55,13,1,1.0,1.0
loso,ordinal_classification,subject_13,a,filter_negative_margin,1,56,13,2,2.0,1.0
loso,ordinal_classification,subject_13,a,filter_negative_margin,1,57,13,3,3.0,0.0
loso,ordinal_classification,subject_13,a,filter_negative_margin,1,58,13,4,4.0,1.0
loso,ordinal_classification,subject_13,a,append_margin_feature,1,54,13,0,0.0,3.0
loso,ordinal_classification,subject_13,a,append_margin_feature,1,55,13,1,1.0,1.0
loso,ordinal_classification,subject_13,a,append_margin_feature,1,56,13,2,2.0,2.0
loso,ordinal_classification,subject_13,a,append_margin_feature,1,57,13,3,3.0,1.0
loso,ordinal_classification,subject_13,a,append_margin_feature,1,58,13,4,4.0,2.0
loso,ordinal_classification,subject_13,b,baseline,1,54,13,0,0.0,2.0
loso,ordinal_classification,subject_13,b,baseline,1,55,13,1,1.0,0.0
loso,ordinal_classification,subject_13,b,baseline,1,56,13,2,2.0,2.0
loso,ordinal_classification,subject_13,b,baseline,1,57,13,3,3.0,0.0
loso,ordinal_classification,subject_13,b,baseline,1,58,13,4,4.0,0.0
loso,ordinal_classification,subject_13,b,filter_negative_margin,1,54,13,0,0.0,2.0
loso,ordinal_classification,subject_13,b,filter_negative_margin,1,55,13,1,1.0,0.0
loso,ordinal_classification,subject_13,b,filter_negative_margin,1,56,13,2,2.0,2.0
loso,ordinal_classification,subject_13,b,filter_negative_margin,1,57,13,3,3.0,0.0
loso,ordinal_classification,subject_13,b,filter_negative_margin,1,58,13,4,4.0,0.0
loso,ordinal_classification,subject_13,b,append_margin_feature,1,54,13,0,0.0,2.0
loso,ordinal_classification,subject_13,b,append_margin_feature,1,55,13,1,1.0,0.0
loso,ordinal_classification,subject_13,b,append_margin_feature,1,56,13,2,2.0,2.0
loso,ordinal_classification,subject_13,b,append_margin_feature,1,57,13,3,3.0,0.0
loso,ordinal_classification,subject_13,b,append_margin_feature,1,58,13,4,4.0,0.0
loso,ordinal_classification,subject_14,a,baseline,1,59,14,0,0.0,3.0
loso,ordinal_classification,subject_14,a,baseline,1,60,14,1,1.0,4.0
loso,ordinal_classification,subject_14,a,baseline,1,61,14,2,2.0,2.0
loso,ordinal_classification,subject_14,a,baseline,1,62,14,3,3.0,1.0
loso,ordinal_classification,subject_14,a,baseline,1,63,14,4,4.0,4.0
loso,ordinal_classification,subject_14,a,filter_negative_margin,1,59,14,0,0.0,3.0
loso,ordinal_classification,subject_14,a,filter_negative_margin,1,60,14,1,1.0,4.0
loso,ordinal_classification,subject_14,a,filter_negative_margin,1,61,14,2,2.0,2.0
loso,ordinal_classification,subject_14,a,filter_negative_margin,1,62,14,3,3.0,1.0
loso,ordinal_classification,subject_14,a,filter_negative_margin,1,63,14,4,4.0,4.0
loso,ordinal_classification,subject_14,a,append_margin_feature,1,59,14,0,0.0,3.0
loso,ordinal_classification,subject_14,a,append_margin_feature,1,60,14,1,1.0,4.0
loso,ordinal_classification,subject_14,a,append_margin_feature,1,61,14,2,2.0,2.0
loso,ordinal_classification,subject_14,a,append_margin_feature,1,62,14,3,3.0,1.0
loso,ordinal_classification,subject_14,a,append_margin_feature,1,63,14,4,4.0,4.0
loso,ordinal_classification,subject_14,b,baseline,1,59,14,0,0.0,3.0
loso,ordinal_classification,subject_14,b,baseline,1,60,14,1,1.0,4.0
loso,ordinal_classification,subject_14,b,baseline,1,61,14,2,2.0,3.0
loso,ordinal_classification,subject_14,b,baseline,1,62,14,3,3.0,1.0
loso,ordinal_classification,subject_14,b,baseline,1,63,14,4,4.0,4.0
loso,ordinal_classification,subject_14,b,filter_negative_margin,1,59,14,0,0.0,3.0
loso,ordinal_classification,subject_14,b,filter_negative_margin,1,60,14,1,1.0,4.0
loso,ordinal_classification,subject_14,b,filter_negative_margin,1,61,14,2,2.0,3.0
loso,ordinal_classification,subject_14,b,filter_negative_margin,1,62,14,3,3.0,1.0
loso,ordinal_classification,subject_14,b,filter_negative_margin,1,63,14,4,4.0,4.0
loso,ordinal_classification,subject_14,b,append_margin_feature,1,59,14,0,0.0,3.0
loso,ordinal_classification,subject_14,b,append_margin_feature,1,60,14,1,1.0,4.0
loso,ordinal_classification,subject_14,b,append_margin_feature,1,61,14,2,2.0,3.0
loso,ordinal_classification,subject_14,b,append_margin_feature,1,62,14,3,3.0,1.0
loso,ordinal_classification,subject_14,b,append_margin_feature,1,63,14,4,4.0,4.0
loso,ordinal_classification,subject_15,a,baseline,1,64,15,0,0.0,4.0
loso,ordinal_classification,subject_15,a,baseline,1,65,15,1,1.0,4.0
loso,ordinal_classification,subject_15,a,baseline,1,66,15,2,2.0,1.0
loso,ordinal_classification,subject_15,a,baseline,1,67,15,3,3.0,2.0
loso,ordinal_classification,subject_15,a,baseline,1,68,15,4,4.0,2.0
loso,ordinal_classification,subject_15,a,filter_negative_margin,1,64,15,0,0.0,4.0
loso,ordinal_classification,subject_15,a,filter_negative_margin,1,65,15,1,1.0,3.0
loso,ordinal_classification,subject_15,a,filter_negative_margin,1,66,15,2,2.0,1.0
loso,ordinal_classification,subject_15,a,filter_negative_margin,1,67,15,3,3.0,2.0
loso,ordinal_classification,subject_15,a,filter_negative_margin,1,68,15,4,4.0,2.0
loso,ordinal_classification,subject_15,a,append_margin_feature,1,64,15,0,0.0,4.0
loso,ordinal_classification,subject_15,a,append_margin_feature,1,65,15,1,1.0,4.0
loso,ordinal_classification,subject_15,a,append_margin_feature,1,66,15,2,2.0,1.0
loso,ordinal_classification,subject_15,a,append_margin_feature,1,67,15,3,3.0,2.0
loso,ordinal_classification,subject_15,a,append_margin_feature,1,68,15,4,4.0,2.0
loso,ordinal_classification,subject_15,b,baseline,1,64,15,0,0.0,4.0
loso,ordinal_classification,subject_15,b,baseline,1,65,15,1,1.0,3.0
loso,ordinal_classification,subject_15,b,baseline,1,66,15,2,2.0,2.0
loso,ordinal_classification,subject_15,b,baseline,1,67,15,3,3.0,1.0
loso,ordinal_classification,subject_15,b,baseline,1,68,15,4,4.0,3.0
loso,ordinal_classification,subject_15,b,filter_negative_margin,1,64,15,0,0.0,4.0
loso,ordinal_classification,subject_15,b,filter_negative_margin,1,65,15,1,1.0,3.0
loso,ordinal_classification,subject_15,b,filter_negative_margin,1,66,15,2,2.0,1.0
loso,ordinal_classification,subject_15,b,filter_negative_margin,1,67,15,3,3.0,1.0
loso,ordinal_classification,subject_15,b,filter_negative_margin,1,68,15,4,4.0,3.0
loso,ordinal_classification,subject_15,b,append_margin_feature,1,64,15,0,0.0,4.0
loso,ordinal_classification,subject_15,b,append_margin_feature,1,65,15,1,1.0,3.0
loso,ordinal_classification,subject_15,b,append_margin_feature,1,66,15,2,2.0,2.0
loso,ordinal_classification,subject_15,b,append_margin_feature,1,67,15,3,3.0,1.0
loso,ordinal_classification,subject_15,b,append_margin_feature,1,68,15,4,4.0,3.0
loso,ordinal_classification,subject_16,a,baseline,1,69,16,0,0.0,4.0
loso,ordinal_classification,subject_16,a,baseline,1,70,16,2,2.0,0.0
loso,ordinal_classification,subject_16,a,baseline,1,71,16,3,3.0,2.0
loso,ordinal_classification,subject_16,a,baseline,1,72,16,4,4.0,2.0
loso,ordinal_classification,subject_16,a,filter_negative_margin,1,69,16,0,0.0,4.0
loso,ordinal_classification,subject_16,a,filter_negative_margin,1,70,16,2,2.0,0.0
loso,ordinal_classification,subject_16,a,filter_negative_margin,1,71,16,3,3.0,3.0
loso,ordinal_classification,subject_16,a,filter_negative_margin,1,72,16,4,4.0,2.0
loso,ordinal_classification,subject_16,a,append_margin_feature,1,69,16,0,0.0,4.0
loso,ordinal_classification,subject_16,a,append_margin_feature,1,70,16,2,2.0,0.0
loso,ordinal_classification,subject_16,a,append_margin_feature,1,71,16,3,3.0,2.0
loso,ordinal_classification,subject_16,a,append_margin_feature,1,72,16,4,4.0,2.0
loso,ordinal_classification,subject_16,b,baseline,1,69,16,0,0.0,3.0
loso,ordinal_classification,subject_16,b,baseline,1,70,16,2,2.0,1.0
loso,ordinal_classification,subject_16,b,baseline,1,71,16,3,3.0,4.0
loso,ordinal_classification,subject_16,b,baseline,1,72,16,4,4.0,2.0
loso,ordinal_classification,subject_16,b,filter_negative_margin,1,69,16,0,0.0,3.0
loso,ordinal_classification,subject_16,b,filter_negative_margin,1,70,16,2,2.0,1.0
loso,ordinal_classification,subject_16,b,filter_negative_margin,1,71,16,3,3.0,4.0
loso,ordinal_classification,subject_16,b,filter_negative_margin,1,72,16,4,4.0,2.0
loso,ordinal_classification,subject_16,b,append_margin_feature,1,69,16,0,0.0,3.0
loso,ordinal_classification,subject_16,b,append_margin_feature,1,70,16,2,2.0,1.0
loso,ordinal_classification,subject_16,b,append_margin_feature,1,71,16,3,3.0,4.0
loso,ordinal_classification,subject_16,b,append_margin_feature,1,72,16,4,4.0,2.0
